datum,bedrag,tegenpartij_id,factuurreferentie,bankrekening,kanaal,transactienummer
2016-01-21,-195.49,S50003,IK000497,1615,Betalingen onderweg,14806
2016-01-21,-1936,S50004,IK000493,1615,Betalingen onderweg,14807
2016-01-21,-334.55,S50015,IK000494,1615,Betalingen onderweg,14808
2016-01-21,-341.7,S50021,IK000496,1615,Betalingen onderweg,14809
2016-01-21,-809.05,S50028,IG000290,1615,Betalingen onderweg,14810
2016-01-21,-871.2,S50029,IG000296,1615,Betalingen onderweg,14811
2016-01-21,-1836.78,S50029,IG000297,1615,Betalingen onderweg,14812
2016-01-21,-7913.59,S50031,IG000291,1615,Betalingen onderweg,14813
2016-01-21,-6991.3,S50031,IG000298,1615,Betalingen onderweg,14814
2016-01-21,-27.23,S50031,IG000299,1615,Betalingen onderweg,14815
2016-01-21,-2804.78,S50032,IG000301,1615,Betalingen onderweg,14816
2016-01-21,-918.39,S50035,IH000010,1615,Betalingen onderweg,14817
2016-01-21,-147.11,S50037,IK000499,1615,Betalingen onderweg,14818
2016-01-21,-1070.37,S50039,IK000491,1615,Betalingen onderweg,14819
2016-01-21,-476.74,S51306,IH000009,1615,Betalingen onderweg,14820
2016-01-21,-5137.42,S50034,IG000292,1615,Betalingen onderweg,14821
2016-01-21,-4505.07,S50034,IG000295,1615,Betalingen onderweg,14822
2016-01-21,-4536.17,S58231,IK000488,1615,Betalingen onderweg,14823
2016-01-21,-622.85,S58981,IK000495,1615,Betalingen onderweg,14824
2016-01-21,36.24,C10068,AB000904,1615,Betalingen onderweg,14825
2016-01-21,2341.35,C10068,VK001379,1615,Betalingen onderweg,14826
2016-01-21,907.5,C10186,CU000517,1615,Betalingen onderweg,14827
2016-01-21,3388,C10185,PR002602,1615,Betalingen onderweg,14828
2016-01-21,45.86,C10009,AB000907,1615,Betalingen onderweg,14829
2016-01-21,453.75,C10026,CU000521,1615,Betalingen onderweg,14830
2016-01-21,72.54,C10027,AB000910,1615,Betalingen onderweg,14831
2016-01-21,115.43,C10035,AB000913,1615,Betalingen onderweg,14832
2016-01-21,453.75,C10035,CU000524,1615,Betalingen onderweg,14833
2016-01-21,968,C10035,PR002560,1615,Betalingen onderweg,14834
2016-01-21,3267,C10036,CU000525,1615,Betalingen onderweg,14835
2016-01-21,1452,C10036,PR002561,1615,Betalingen onderweg,14836
2016-01-21,3267,C10037,CU000526,1615,Betalingen onderweg,14837
2016-01-21,1064.8,C10037,PR002616,1615,Betalingen onderweg,14838
2016-01-21,1452,C10040,PR002619,1615,Betalingen onderweg,14839
2016-01-21,72.54,C10041,AB000914,1615,Betalingen onderweg,14840
2016-01-21,1210,C10041,PR002563,1615,Betalingen onderweg,14841
2016-01-21,1506.26,C10041,VK001312,1615,Betalingen onderweg,14842
2016-01-21,968,C10051,PR002568,1615,Betalingen onderweg,14843
2016-01-21,398.94,C10054,AB000917,1615,Betalingen onderweg,14844
2016-01-21,1210,C10054,PR002569,1615,Betalingen onderweg,14845
2016-01-21,907.5,C10059,CU000530,1615,Betalingen onderweg,14846
2016-01-21,2274.8,C10059,PR002627,1615,Betalingen onderweg,14847
2016-01-21,72.54,C10064,AB000922,1615,Betalingen onderweg,14848
2016-01-21,3872,C10064,PR002628,1615,Betalingen onderweg,14849
2016-01-21,60.44,C10065,AB000923,1615,Betalingen onderweg,14850
2016-01-21,112.41,C10005,AB000925,1615,Betalingen onderweg,14851
2016-01-21,72.54,C10071,AB000926,1615,Betalingen onderweg,14852
2016-01-21,453.75,C10075,CU000532,1615,Betalingen onderweg,14853
2016-01-21,453.75,C10077,CU000534,1615,Betalingen onderweg,14854
2016-01-21,453.75,C10082,CU000536,1615,Betalingen onderweg,14855
2016-01-21,1306.8,C10082,PR002577,1615,Betalingen onderweg,14856
2016-01-21,2129.6,C10093,PR002632,1615,Betalingen onderweg,14857
2016-01-21,1210,C10100,PR002634,1615,Betalingen onderweg,14858
2016-01-21,453.75,C10103,CU000537,1615,Betalingen onderweg,14859
2016-01-21,870.66,C10103,VK001382,1615,Betalingen onderweg,14860
2016-01-21,3484.8,C10104,PR002636,1615,Betalingen onderweg,14861
2016-01-21,1936,C10111,PR002638,1615,Betalingen onderweg,14862
2016-01-21,692.12,C10133,VK001385,1615,Betalingen onderweg,14863
2016-01-21,72.54,C10136,AB000942,1615,Betalingen onderweg,14864
2016-01-21,1452,C10136,PR002644,1615,Betalingen onderweg,14865
2016-01-21,72.54,C10139,AB000944,1615,Betalingen onderweg,14866
2016-01-21,1306.8,C10139,PR002647,1615,Betalingen onderweg,14867
2016-01-21,72.54,C10140,AB000945,1615,Betalingen onderweg,14868
2016-01-21,28.86,C10140,AB000946,1615,Betalingen onderweg,14869
2016-01-21,2904,C10140,PR002596,1615,Betalingen onderweg,14870
2016-01-21,968,C10148,PR002650,1615,Betalingen onderweg,14871
2016-01-21,38.72,C10150,VK001364,1615,Betalingen onderweg,14872
2016-01-21,115.43,C10170,AB000950,1615,Betalingen onderweg,14873
2016-01-21,1064.8,C10170,PR002652,1615,Betalingen onderweg,14874
2016-01-21,52.64,C10177,VK001373,1615,Betalingen onderweg,14875
2016-01-21,82.16,C10181,AB000952,1615,Betalingen onderweg,14876
2016-01-21,1306.8,C10050,PR002601,1615,Betalingen onderweg,14877
2016-01-21,1064.8,C10014,PR002604,1615,Betalingen onderweg,14878
2016-01-21,2516.8,C10016,PR002606,1615,Betalingen onderweg,14879
2016-01-21,453.75,C10018,CU000518,1615,Betalingen onderweg,14880
2016-01-21,907.5,C10022,CU000519,1615,Betalingen onderweg,14881
2016-01-21,1241.46,C10023,VK001341,1615,Betalingen onderweg,14882
2016-01-21,1600.83,C10002,VK001389,1615,Betalingen onderweg,14883
2016-01-21,453.75,C10025,CU000520,1615,Betalingen onderweg,14884
2016-01-21,1306.8,C10028,PR002609,1615,Betalingen onderweg,14885
2016-01-21,1452,C10033,PR002613,1615,Betalingen onderweg,14886
2016-01-21,1064.8,C10039,PR002618,1615,Betalingen onderweg,14887
2016-01-21,907.5,C10044,CU000527,1615,Betalingen onderweg,14888
2016-01-21,453.75,C10046,CU000528,1615,Betalingen onderweg,14889
2016-01-21,7436.66,C10046,VK001345,1615,Betalingen onderweg,14890
2016-01-21,1210,C10055,PR002626,1615,Betalingen onderweg,14891
2016-01-21,1560.9,C10066,VK001293,1615,Betalingen onderweg,14892
2016-01-21,1306.8,C10087,PR002630,1615,Betalingen onderweg,14893
2016-01-21,968,C10101,PR002635,1615,Betalingen onderweg,14894
2016-01-21,1452,C10119,PR002641,1615,Betalingen onderweg,14895
2016-01-21,10.89,C10120,VK001384,1615,Betalingen onderweg,14896
2016-01-21,1452,C10122,PR002642,1615,Betalingen onderweg,14897
2016-01-21,2420,C10137,PR002645,1615,Betalingen onderweg,14898
2016-01-21,1064.8,C10157,PR002599,1615,Betalingen onderweg,14899
2016-01-21,148.75,C20085,VK001375,1615,Betalingen onderweg,14900
2016-01-21,81.35,C20675,VK001308,1615,Betalingen onderweg,14901
2016-01-21,259,C20922,VK001376,1615,Betalingen onderweg,14902
2016-01-21,750,C22685,VK001335,1615,Betalingen onderweg,14903
2016-01-21,72,C23450,VK001336,1615,Betalingen onderweg,14904
2016-01-21,4390,C23955,VK001377,1615,Betalingen onderweg,14905
2016-01-29,-41812,S50001,BL000036,1615,Betalingen onderweg,14916
2016-01-29,-3638.47,S50002,IK000505,1615,Betalingen onderweg,14917
2016-01-29,-1542.75,S50008,IK000511,1615,Betalingen onderweg,14918
2016-01-29,-609.9,S50012,IG000308,1615,Betalingen onderweg,14919
2016-01-29,-965.34,S50012,IG000317,1615,Betalingen onderweg,14920
2016-01-29,-50422.18,S50014,IK000501,1615,Betalingen onderweg,14921
2016-01-29,-3435.58,S50024,IG000316,1615,Betalingen onderweg,14922
2016-01-29,-5151.65,S50024,IG000318,1615,Betalingen onderweg,14923
2016-01-29,-1494.35,S50026,IK000503,1615,Betalingen onderweg,14924
2016-01-29,-1052.03,S50027,IK000508,1615,Betalingen onderweg,14925
2016-01-29,-339.77,S50028,IG000304,1615,Betalingen onderweg,14926
2016-01-29,-339.77,S50028,IG000306,1615,Betalingen onderweg,14927
2016-01-29,-1495.11,S50033,IK000506,1615,Betalingen onderweg,14928
2016-01-29,-1303.57,S50033,IK000507,1615,Betalingen onderweg,14929
2016-01-29,-887.92,S50035,IK000510,1615,Betalingen onderweg,14930
2016-01-29,-1764.43,S50036,IK000498,1615,Betalingen onderweg,14931
2016-01-29,-112.15,S50039,IK000502,1615,Betalingen onderweg,14932
2016-01-29,-1436.27,S50040,IK000500,1615,Betalingen onderweg,14933
2016-01-29,-121,S50034,IG000305,1615,Betalingen onderweg,14934
2016-01-29,-305.09,S54994,IK000504,1615,Betalingen onderweg,14935
2016-01-29,1306.8,C10185,PR002654,1615,Betalingen onderweg,14936
2016-01-29,968,C10026,PR002661,1615,Betalingen onderweg,14937
2016-01-29,4806.12,C10026,VK001419,1615,Betalingen onderweg,14938
2016-01-29,3478.02,C10027,PR002662,1615,Betalingen onderweg,14939
2016-01-29,2516.8,C10035,PR002614,1615,Betalingen onderweg,14940
2016-01-29,2420,C10036,PR002615,1615,Betalingen onderweg,14941
2016-01-29,2305.05,C10037,PR002666,1615,Betalingen onderweg,14942
2016-01-29,1210,C10040,PR002669,1615,Betalingen onderweg,14943
2016-01-29,2371.6,C10041,PR002620,1615,Betalingen onderweg,14944
2016-01-29,1306.8,C10051,PR002624,1615,Betalingen onderweg,14945
2016-01-29,2716.45,C10059,VK001398,1615,Betalingen onderweg,14946
2016-01-29,98.01,C10064,VK001424,1615,Betalingen onderweg,14947
2016-01-29,3840.24,C10005,VK001400,1615,Betalingen onderweg,14948
2016-01-29,1452,C10070,PR002678,1615,Betalingen onderweg,14949
2016-01-29,402.93,C10070,VK001425,1615,Betalingen onderweg,14950
2016-01-29,1078.11,C10080,VK001427,1615,Betalingen onderweg,14951
2016-01-29,5967.72,C10082,VK001401,1615,Betalingen onderweg,14952
2016-01-29,1064.8,C10090,PR002685,1615,Betalingen onderweg,14953
2016-01-29,2904,C10100,PR002688,1615,Betalingen onderweg,14954
2016-01-29,2662,C10115,PR002691,1615,Betalingen onderweg,14955
2016-01-29,2274.8,C10124,PR002694,1615,Betalingen onderweg,14956
2016-01-29,30.25,C10133,VK001406,1615,Betalingen onderweg,14957
2016-01-29,401.72,C10136,VK001407,1615,Betalingen onderweg,14958
2016-01-29,816.75,C10148,VK001409,1615,Betalingen onderweg,14959
2016-01-29,2516.8,C10150,PR002651,1615,Betalingen onderweg,14960
2016-01-29,1064.8,C10158,PR002703,1615,Betalingen onderweg,14961
2016-01-29,1348.91,C10024,AB000903,1615,Betalingen onderweg,14962
2016-01-29,1452,C10024,PR002653,1615,Betalingen onderweg,14963
2016-01-29,82.16,C10007,AB000906,1615,Betalingen onderweg,14964
2016-01-29,479.16,C10014,VK001393,1615,Betalingen onderweg,14965
2016-01-29,174.24,C10014,VK001417,1615,Betalingen onderweg,14966
2016-01-29,1058.02,C10016,PR002658,1615,Betalingen onderweg,14967
2016-01-29,82.16,C10018,AB000908,1615,Betalingen onderweg,14968
2016-01-29,82.16,C10028,AB000911,1615,Betalingen onderweg,14969
2016-01-29,1452,C10028,PR002663,1615,Betalingen onderweg,14970
2016-01-29,2776.41,C10028,VK001394,1615,Betalingen onderweg,14971
2016-01-29,1306.8,C10039,PR002668,1615,Betalingen onderweg,14972
2016-01-29,36.24,C10043,AB000915,1615,Betalingen onderweg,14973
2016-01-29,1058.02,C10045,PR002672,1615,Betalingen onderweg,14974
2016-01-29,3388,C10046,PR002622,1615,Betalingen onderweg,14975
2016-01-29,2274.8,C10055,PR002675,1615,Betalingen onderweg,14976
2016-01-29,72.54,C10056,AB000918,1615,Betalingen onderweg,14977
2016-01-29,254.1,C10056,VK001397,1615,Betalingen onderweg,14978
2016-01-29,137.58,C10058,AB000919,1615,Betalingen onderweg,14979
2016-01-29,453.75,C10066,CU000531,1615,Betalingen onderweg,14980
2016-01-29,72.54,C10067,AB000924,1615,Betalingen onderweg,14981
2016-01-29,453.75,C10078,CU000535,1615,Betalingen onderweg,14982
2016-01-29,2613.6,C10087,PR002682,1615,Betalingen onderweg,14983
2016-01-29,2516.8,C10096,PR002687,1615,Betalingen onderweg,14984
2016-01-29,968,C10101,PR002689,1615,Betalingen onderweg,14985
2016-01-29,72.54,C10116,AB000939,1615,Betalingen onderweg,14986
2016-01-29,1343.1,C10122,VK001404,1615,Betalingen onderweg,14987
2016-01-29,635.25,C10129,VK001405,1615,Betalingen onderweg,14988
2016-01-29,1210,C10137,PR002696,1615,Betalingen onderweg,14989
2016-01-29,1210,C10153,PR002700,1615,Betalingen onderweg,14990
2016-01-29,5252.61,C10153,VK001435,1615,Betalingen onderweg,14991
2016-01-29,1452,C10155,PR002701,1615,Betalingen onderweg,14992
2016-01-29,82.16,C10157,AB000948,1615,Betalingen onderweg,14993
2016-01-29,968,C10169,PR002705,1615,Betalingen onderweg,14994
2016-01-29,1233.47,C10180,AB000951,1615,Betalingen onderweg,14995
2016-01-29,1197.9,C10183,CU000516,1615,Betalingen onderweg,14996
2016-01-29,870.66,C10183,VK001258,1615,Betalingen onderweg,14997
2016-01-29,3718.5,C22020,VK001388,1615,Betalingen onderweg,14998
2016-02-15,-362.81,S50003,IK000519,1615,Betalingen onderweg,15489
2016-02-15,-2057,S50004,IK000514,1615,Betalingen onderweg,15490
2016-02-15,-50422.18,S50014,IK000524,1615,Betalingen onderweg,15491
2016-02-15,-424.12,S50015,IK000515,1615,Betalingen onderweg,15492
2016-02-15,-365.15,S50021,IK000518,1615,Betalingen onderweg,15493
2016-02-15,-320.77,S50023,IK000516,1615,Betalingen onderweg,15494
2016-02-15,-1490.91,S50028,IG000315,1615,Betalingen onderweg,15495
2016-02-15,-242.77,S50028,IG000320,1615,Betalingen onderweg,15496
2016-02-15,-1001.88,S50029,IG000311,1615,Betalingen onderweg,15497
2016-02-15,-4893.24,S50029,IG000314,1615,Betalingen onderweg,15498
2016-02-15,-1043.02,S50030,IG000313,1615,Betalingen onderweg,15499
2016-02-15,-1262.64,S50030,IG000322,1615,Betalingen onderweg,15500
2016-02-15,-16221.13,S50031,IG000309,1615,Betalingen onderweg,15501
2016-02-15,-6352.04,S50031,IG000312,1615,Betalingen onderweg,15502
2016-02-15,-1623.82,S50032,IG000319,1615,Betalingen onderweg,15503
2016-02-15,-573.54,S50035,IH000012,1615,Betalingen onderweg,15504
2016-02-15,-164.08,S50037,IK000521,1615,Betalingen onderweg,15505
2016-02-15,-2050.95,S50039,IK000513,1615,Betalingen onderweg,15506
2016-02-15,-302.21,S51306,IH000011,1615,Betalingen onderweg,15507
2016-02-15,-121,S50034,IG000307,1615,Betalingen onderweg,15508
2016-02-15,-11848.32,S50034,IG000310,1615,Betalingen onderweg,15509
2016-02-15,-20572.9,S50034,IG000321,1615,Betalingen onderweg,15510
2016-02-15,-665.85,S52224,IK000522,1615,Betalingen onderweg,15511
2016-02-15,-4466.61,S58231,IK000509,1615,Betalingen onderweg,15512
2016-02-15,-751.4,S58981,IK000517,1615,Betalingen onderweg,15513
2016-02-15,-348.48,S50500,IK000512,1615,Betalingen onderweg,15514
2016-02-15,-602.88,S52412,IK000520,1615,Betalingen onderweg,15515
2016-02-15,36.24,C10068,AB000953,1615,Betalingen onderweg,15516
2016-02-15,907.5,C10186,CU000539,1615,Betalingen onderweg,15517
2016-02-15,1064.8,C10186,PR002708,1615,Betalingen onderweg,15518
2016-02-15,13310,C10185,PR002758,1615,Betalingen onderweg,15519
2016-02-15,45.86,C10009,AB000956,1615,Betalingen onderweg,15520
2016-02-15,1064.8,C10009,PR002711,1615,Betalingen onderweg,15521
2016-02-15,477.95,C10026,CU000545,1615,Betalingen onderweg,15522
2016-02-15,968,C10026,PR002717,1615,Betalingen onderweg,15523
2016-02-15,72.54,C10027,AB000959,1615,Betalingen onderweg,15524
2016-02-15,955.9,C10027,CU000546,1615,Betalingen onderweg,15525
2016-02-15,477.95,C10035,CU000550,1615,Betalingen onderweg,15526
2016-02-15,907.5,C10036,CU000551,1615,Betalingen onderweg,15527
2016-02-15,955.9,C10037,CU000552,1615,Betalingen onderweg,15528
2016-02-15,1064.8,C10037,PR002722,1615,Betalingen onderweg,15529
2016-02-15,1433.85,C10040,CU000553,1615,Betalingen onderweg,15530
2016-02-15,72.54,C10041,AB000962,1615,Betalingen onderweg,15531
2016-02-15,1452,C10041,PR002670,1615,Betalingen onderweg,15532
2016-02-15,1452,C10054,PR002674,1615,Betalingen onderweg,15533
2016-02-15,477.95,C10059,CU000563,1615,Betalingen onderweg,15534
2016-02-15,72.54,C10064,AB000969,1615,Betalingen onderweg,15535
2016-02-15,60.44,C10065,AB000970,1615,Betalingen onderweg,15536
2016-02-15,1671.98,C10065,VK001451,1615,Betalingen onderweg,15537
2016-02-15,112.41,C10005,AB000973,1615,Betalingen onderweg,15538
2016-02-15,1064.8,C10005,PR002734,1615,Betalingen onderweg,15539
2016-02-15,72.54,C10071,AB000974,1615,Betalingen onderweg,15540
2016-02-15,870.47,C10072,AB000975,1615,Betalingen onderweg,15541
2016-02-15,477.95,C10075,CU000567,1615,Betalingen onderweg,15542
2016-02-15,477.95,C10081,CU000569,1615,Betalingen onderweg,15543
2016-02-15,1064.8,C10093,PR002740,1615,Betalingen onderweg,15544
2016-02-15,477.95,C10095,CU000571,1615,Betalingen onderweg,15545
2016-02-15,1062.38,C10095,VK001454,1615,Betalingen onderweg,15546
2016-02-15,1058.02,C10100,PR002742,1615,Betalingen onderweg,15547
2016-02-15,361.67,C10100,VK001470,1615,Betalingen onderweg,15548
2016-02-15,2371.6,C10104,PR002743,1615,Betalingen onderweg,15549
2016-02-15,1210,C10115,PR002745,1615,Betalingen onderweg,15550
2016-02-15,4573.8,C10118,VK001474,1615,Betalingen onderweg,15551
2016-02-15,1058.02,C10124,PR002747,1615,Betalingen onderweg,15552
2016-02-15,72.54,C10136,AB000991,1615,Betalingen onderweg,15553
2016-02-15,72.54,C10139,AB000993,1615,Betalingen onderweg,15554
2016-02-15,1452,C10139,PR002751,1615,Betalingen onderweg,15555
2016-02-15,477.95,C10139,VK001458,1615,Betalingen onderweg,15556
2016-02-15,72.54,C10140,AB000994,1615,Betalingen onderweg,15557
2016-02-15,907.5,C10140,CU000574,1615,Betalingen onderweg,15558
2016-02-15,2371.6,C10140,PR002697,1615,Betalingen onderweg,15559
2016-02-15,1210,C10170,PR002757,1615,Betalingen onderweg,15560
2016-02-15,82.16,C10181,AB001001,1615,Betalingen onderweg,15561
2016-02-15,1136.7,C10181,VK001479,1615,Betalingen onderweg,15562
2016-02-15,2032.8,C10024,PR002706,1615,Betalingen onderweg,15563
2016-02-15,907.5,C10050,CU000538,1615,Betalingen onderweg,15564
2016-02-15,1064.8,C10050,PR002707,1615,Betalingen onderweg,15565
2016-02-15,82.16,C10007,AB000955,1615,Betalingen onderweg,15566
2016-02-15,477.95,C10007,CU000541,1615,Betalingen onderweg,15567
2016-02-15,1058.02,C10007,PR002710,1615,Betalingen onderweg,15568
2016-02-15,1210,C10013,PR002714,1615,Betalingen onderweg,15569
2016-02-15,1306.8,C10016,PR002715,1615,Betalingen onderweg,15570
2016-02-15,595.32,C10016,VK001465,1615,Betalingen onderweg,15571
2016-02-15,82.16,C10018,AB000957,1615,Betalingen onderweg,15572
2016-02-15,907.5,C10018,CU000542,1615,Betalingen onderweg,15573
2016-02-15,907.5,C10002,CU000544,1615,Betalingen onderweg,15574
2016-02-15,258.34,C10002,VK001445,1615,Betalingen onderweg,15575
2016-02-15,4065.6,C10025,VK001446,1615,Betalingen onderweg,15576
2016-02-15,82.16,C10028,AB000960,1615,Betalingen onderweg,15577
2016-02-15,1064.8,C10028,PR002718,1615,Betalingen onderweg,15578
2016-02-15,477.95,C10033,CU000548,1615,Betalingen onderweg,15579
2016-02-15,36.24,C10043,AB000963,1615,Betalingen onderweg,15580
2016-02-15,25.41,C10044,VK001449,1615,Betalingen onderweg,15581
2016-02-15,955.9,C10045,CU000555,1615,Betalingen onderweg,15582
2016-02-15,477.95,C10046,CU000556,1615,Betalingen onderweg,15583
2016-02-15,6703.4,C10046,VK001450,1615,Betalingen onderweg,15584
2016-02-15,72.54,C10056,AB000965,1615,Betalingen onderweg,15585
2016-02-15,1306.8,C10057,PR002731,1615,Betalingen onderweg,15586
2016-02-15,132.98,C10062,AB000967,1615,Betalingen onderweg,15587
2016-02-15,199.65,C10066,AB000971,1615,Betalingen onderweg,15588
2016-02-15,4537.5,C10066,VK001399,1615,Betalingen onderweg,15589
2016-02-15,72.54,C10067,AB000972,1615,Betalingen onderweg,15590
2016-02-15,907.5,C10087,CU000570,1615,Betalingen onderweg,15591
2016-02-15,968,C10087,PR002738,1615,Betalingen onderweg,15592
2016-02-15,72.54,C10116,AB000988,1615,Betalingen onderweg,15593
2016-02-15,2516.8,C10116,PR002692,1615,Betalingen onderweg,15594
2016-02-15,477.95,C10119,CU000573,1615,Betalingen onderweg,15595
2016-02-15,1210,C10122,PR002746,1615,Betalingen onderweg,15596
2016-02-15,362.64,C10129,AB000989,1615,Betalingen onderweg,15597
2016-02-15,1270.5,C10134,VK001457,1615,Betalingen onderweg,15598
2016-02-15,968,C10137,PR002749,1615,Betalingen onderweg,15599
2016-02-15,1009.14,C10137,VK001476,1615,Betalingen onderweg,15600
2016-02-15,955.9,C10147,CU000576,1615,Betalingen onderweg,15601
2016-02-15,968,C10153,PR002754,1615,Betalingen onderweg,15602
2016-02-15,4173.29,C10155,VK001459,1615,Betalingen onderweg,15603
2016-02-15,82.16,C10157,AB000997,1615,Betalingen onderweg,15604
2016-02-15,5123.62,C10157,PR002702,1615,Betalingen onderweg,15605
2016-02-15,28.86,C10169,AB000999,1615,Betalingen onderweg,15606
2016-02-15,2116.05,C10169,PR002756,1615,Betalingen onderweg,15607
2016-02-15,120,C23955,VK001440,1615,Betalingen onderweg,15608
2016-02-29,-34238,S50001,BL000037,1615,Betalingen onderweg,15620
2016-02-29,-3638.47,S50002,IK000527,1615,Betalingen onderweg,15621
2016-02-29,-284.35,S50006,IK000536,1615,Betalingen onderweg,15622
2016-02-29,-1208,S50011,IK000530,1615,Betalingen onderweg,15623
2016-02-29,-699.56,S50012,IG000324,1615,Betalingen onderweg,15624
2016-02-29,-67.28,S50012,IG000331,1615,Betalingen onderweg,15625
2016-02-29,-21604.63,S50024,IG000325,1615,Betalingen onderweg,15626
2016-02-29,-1494.35,S50026,IK000532,1615,Betalingen onderweg,15627
2016-02-29,-1438.76,S50033,IK000528,1615,Betalingen onderweg,15628
2016-02-29,-164.08,S50037,IK000542,1615,Betalingen onderweg,15629
2016-02-29,-1936,S50040,IK000523,1615,Betalingen onderweg,15630
2016-02-29,-5125,S60003,IK000540,1615,Betalingen onderweg,15631
2016-02-29,-401.8,S54994,IK000525,1615,Betalingen onderweg,15632
2016-02-29,968,C10068,PR002761,1615,Betalingen onderweg,15633
2016-02-29,1064.8,C10186,PR002762,1615,Betalingen onderweg,15634
2016-02-29,4065.6,C10185,PR002763,1615,Betalingen onderweg,15635
2016-02-29,645.84,C10185,VK001516,1615,Betalingen onderweg,15636
2016-02-29,423.5,C10009,VK001518,1615,Betalingen onderweg,15637
2016-02-29,1306.8,C10027,PR002773,1615,Betalingen onderweg,15638
2016-02-29,2516.8,C10040,PR002780,1615,Betalingen onderweg,15639
2016-02-29,1452,C10041,PR002723,1615,Betalingen onderweg,15640
2016-02-29,1210,C10051,PR002728,1615,Betalingen onderweg,15641
2016-02-29,477.95,C10054,CU000562,1615,Betalingen onderweg,15642
2016-02-29,2516.8,C10054,PR002730,1615,Betalingen onderweg,15643
2016-02-29,794.37,C10059,VK001528,1615,Betalingen onderweg,15644
2016-02-29,1306.8,C10064,PR002792,1615,Betalingen onderweg,15645
2016-02-29,542.83,C10064,VK001530,1615,Betalingen onderweg,15646
2016-02-29,2364.82,C10005,PR002793,1615,Betalingen onderweg,15647
2016-02-29,2613.6,C10070,PR002795,1615,Betalingen onderweg,15648
2016-02-29,719.95,C10070,VK001531,1615,Betalingen onderweg,15649
2016-02-29,2371.6,C10072,PR002796,1615,Betalingen onderweg,15650
2016-02-29,2371.6,C10093,PR002804,1615,Betalingen onderweg,15651
2016-02-29,329.12,C10103,VK001537,1615,Betalingen onderweg,15652
2016-02-29,1064.8,C10111,PR002807,1615,Betalingen onderweg,15653
2016-02-29,2758.8,C10115,PR002808,1615,Betalingen onderweg,15654
2016-02-29,5408.7,C10118,VK001495,1615,Betalingen onderweg,15655
2016-02-29,2541,C10133,VK001541,1615,Betalingen onderweg,15656
2016-02-29,1064.8,C10136,PR002811,1615,Betalingen onderweg,15657
2016-02-29,2420,C10139,PR002813,1615,Betalingen onderweg,15658
2016-02-29,205.7,C10139,VK001503,1615,Betalingen onderweg,15659
2016-02-29,290.4,C10140,VK001504,1615,Betalingen onderweg,15660
2016-02-29,1210,C10148,PR002816,1615,Betalingen onderweg,15661
2016-02-29,1064.8,C10150,PR002753,1615,Betalingen onderweg,15662
2016-02-29,2342.56,C10167,VK001547,1615,Betalingen onderweg,15663
2016-02-29,1210,C10170,PR002818,1615,Betalingen onderweg,15664
2016-02-29,968,C10181,VK001513,1615,Betalingen onderweg,15665
2016-02-29,1306.8,C10024,PR002759,1615,Betalingen onderweg,15666
2016-02-29,1064.8,C10050,PR002760,1615,Betalingen onderweg,15667
2016-02-29,164.56,C10050,VK001482,1615,Betalingen onderweg,15668
2016-02-29,1210,C10007,PR002764,1615,Betalingen onderweg,15669
2016-02-29,2274.8,C10013,PR002766,1615,Betalingen onderweg,15670
2016-02-29,4230.69,C10013,VK001520,1615,Betalingen onderweg,15671
2016-02-29,1058.02,C10018,PR002768,1615,Betalingen onderweg,15672
2016-02-29,315.81,C10018,VK001483,1615,Betalingen onderweg,15673
2016-02-29,968,C10028,PR002774,1615,Betalingen onderweg,15674
2016-02-29,1452,C10033,PR002777,1615,Betalingen onderweg,15675
2016-02-29,2371.6,C10043,PR002782,1615,Betalingen onderweg,15676
2016-02-29,2274.8,C10045,PR002783,1615,Betalingen onderweg,15677
2016-02-29,104.06,C10045,VK001488,1615,Betalingen onderweg,15678
2016-02-29,8555.91,C10046,VK001489,1615,Betalingen onderweg,15679
2016-02-29,260.15,C10055,VK001527,1615,Betalingen onderweg,15680
2016-02-29,1210,C10057,PR002790,1615,Betalingen onderweg,15681
2016-02-29,4749.25,C10062,VK001492,1615,Betalingen onderweg,15682
2016-02-29,1108.84,C10069,PR002794,1615,Betalingen onderweg,15683
2016-02-29,1064.8,C10085,PR002800,1615,Betalingen onderweg,15684
2016-02-29,1210,C10096,PR002805,1615,Betalingen onderweg,15685
2016-02-29,1058.02,C10122,PR002810,1615,Betalingen onderweg,15686
2016-02-29,2926.55,C10122,VK001496,1615,Betalingen onderweg,15687
2016-02-29,5263.5,C10129,VK001500,1615,Betalingen onderweg,15688
2016-02-29,2371.6,C10137,PR002812,1615,Betalingen onderweg,15689
2016-02-29,1689.16,C10147,VK001544,1615,Betalingen onderweg,15690
2016-02-29,477.95,C10157,CU000577,1615,Betalingen onderweg,15691
2016-02-29,1058.02,C10157,PR002755,1615,Betalingen onderweg,15692
2016-02-29,9.68,C10174,VK001511,1615,Betalingen onderweg,15693
2016-02-29,3039.8,C20675,VK001462,1615,Betalingen onderweg,15694
2016-02-29,680,C22020,VK001480,1615,Betalingen onderweg,15695
2016-03-15,-406.08,S50003,IK000539,1615,Betalingen onderweg,16177
2016-03-15,-50422.18,S50014,IK000543,1615,Betalingen onderweg,16178
2016-03-15,-388.93,S50015,IK000535,1615,Betalingen onderweg,16179
2016-03-15,-365.15,S50021,IK000538,1615,Betalingen onderweg,16180
2016-03-15,-8978.68,S50024,IG000336,1615,Betalingen onderweg,16181
2016-03-15,-1742.4,S50029,IG000327,1615,Betalingen onderweg,16182
2016-03-15,-1135.83,S50030,IG000326,1615,Betalingen onderweg,16183
2016-03-15,-991.29,S50030,IG000328,1615,Betalingen onderweg,16184
2016-03-15,-7484.71,S50031,IG000323,1615,Betalingen onderweg,16185
2016-03-15,-1230.64,S50031,IG000330,1615,Betalingen onderweg,16186
2016-03-15,-1347.32,S50033,IK000529,1615,Betalingen onderweg,16187
2016-03-15,-745.97,S50035,IH000014,1615,Betalingen onderweg,16188
2016-03-15,-887.92,S50035,IK000533,1615,Betalingen onderweg,16189
2016-03-15,-936.54,S50036,IK000541,1615,Betalingen onderweg,16190
2016-03-15,-357.56,S51306,IH000013,1615,Betalingen onderweg,16191
2016-03-15,-11957.46,S50034,IG000329,1615,Betalingen onderweg,16192
2016-03-15,-375.8,S54994,IK000544,1615,Betalingen onderweg,16193
2016-03-15,-751.4,S58981,IK000537,1615,Betalingen onderweg,16194
2016-03-15,-348.48,S50500,IK000534,1615,Betalingen onderweg,16195
2016-03-15,36.24,C10068,AB001002,1615,Betalingen onderweg,16196
2016-03-15,2510.02,C10068,PR002819,1615,Betalingen onderweg,16197
2016-03-15,477.95,C10186,CU000580,1615,Betalingen onderweg,16198
2016-03-15,2510.02,C10186,PR002820,1615,Betalingen onderweg,16199
2016-03-15,3630,C10185,PR002821,1615,Betalingen onderweg,16200
2016-03-15,45.86,C10009,AB001005,1615,Betalingen onderweg,16201
2016-03-15,1306.8,C10026,PR002830,1615,Betalingen onderweg,16202
2016-03-15,72.54,C10027,AB001008,1615,Betalingen onderweg,16203
2016-03-15,1095.05,C10027,CU000589,1615,Betalingen onderweg,16204
2016-03-15,1082.95,C10035,CU000594,1615,Betalingen onderweg,16205
2016-03-15,1210,C10035,PR002778,1615,Betalingen onderweg,16206
2016-03-15,477.95,C10036,CU000595,1615,Betalingen onderweg,16207
2016-03-15,756.25,C10036,VK001523,1615,Betalingen onderweg,16208
2016-03-15,3406.15,C10037,CU000596,1615,Betalingen onderweg,16209
2016-03-15,968,C10037,PR002837,1615,Betalingen onderweg,16210
2016-03-15,152.97,C10037,VK001583,1615,Betalingen onderweg,16211
2016-03-15,1808.95,C10040,CU000599,1615,Betalingen onderweg,16212
2016-03-15,2510.02,C10040,PR002840,1615,Betalingen onderweg,16213
2016-03-15,602.11,C10040,VK001551,1615,Betalingen onderweg,16214
2016-03-15,72.54,C10041,AB001012,1615,Betalingen onderweg,16215
2016-03-15,1064.8,C10041,PR002781,1615,Betalingen onderweg,16216
2016-03-15,1210,C10051,PR002787,1615,Betalingen onderweg,16217
2016-03-15,635.25,C10051,VK001526,1615,Betalingen onderweg,16218
2016-03-15,1452,C10054,PR002789,1615,Betalingen onderweg,16219
2016-03-15,756.25,C10054,VK001490,1615,Betalingen onderweg,16220
2016-03-15,1808.95,C10059,CU000611,1615,Betalingen onderweg,16221
2016-03-15,72.54,C10064,AB001021,1615,Betalingen onderweg,16222
2016-03-15,1560.9,C10064,CU000613,1615,Betalingen onderweg,16223
2016-03-15,1064.8,C10064,PR002849,1615,Betalingen onderweg,16224
2016-03-15,60.44,C10065,AB001022,1615,Betalingen onderweg,16225
2016-03-15,112.41,C10005,AB001024,1615,Betalingen onderweg,16226
2016-03-15,853.05,C10005,CU000614,1615,Betalingen onderweg,16227
2016-03-15,1064.8,C10005,PR002850,1615,Betalingen onderweg,16228
2016-03-15,223.85,C10005,VK001555,1615,Betalingen onderweg,16229
2016-03-15,1306.8,C10070,PR002851,1615,Betalingen onderweg,16230
2016-03-15,72.54,C10071,AB001025,1615,Betalingen onderweg,16231
2016-03-15,1095.05,C10071,CU000616,1615,Betalingen onderweg,16232
2016-03-15,3472.7,C10071,VK001570,1615,Betalingen onderweg,16233
2016-03-15,72.54,C10072,AB001026,1615,Betalingen onderweg,16234
2016-03-15,2032.8,C10072,PR002852,1615,Betalingen onderweg,16235
2016-03-15,477.95,C10073,CU000617,1615,Betalingen onderweg,16236
2016-03-15,853.05,C10077,CU000620,1615,Betalingen onderweg,16237
2016-03-15,853.05,C10082,CU000622,1615,Betalingen onderweg,16238
2016-03-15,2274.8,C10082,PR002798,1615,Betalingen onderweg,16239
2016-03-15,217.62,C10090,AB001034,1615,Betalingen onderweg,16240
2016-03-15,1452,C10093,PR002857,1615,Betalingen onderweg,16241
2016-03-15,3270.63,C10093,VK001559,1615,Betalingen onderweg,16242
2016-03-15,1452,C10100,PR002860,1615,Betalingen onderweg,16243
2016-03-15,477.95,C10103,CU000625,1615,Betalingen onderweg,16244
2016-03-15,2507.12,C10103,VK001560,1615,Betalingen onderweg,16245
2016-03-15,968,C10104,PR002861,1615,Betalingen onderweg,16246
2016-03-15,968,C10111,PR002863,1615,Betalingen onderweg,16247
2016-03-15,206.67,C10111,VK001573,1615,Betalingen onderweg,16248
2016-03-15,423.5,C10118,VK001562,1615,Betalingen onderweg,16249
2016-03-15,1331,C10124,CU000631,1615,Betalingen onderweg,16250
2016-03-15,72.54,C10136,AB001048,1615,Betalingen onderweg,16251
2016-03-15,1155.55,C10136,CU000634,1615,Betalingen onderweg,16252
2016-03-15,72.54,C10139,AB001050,1615,Betalingen onderweg,16253
2016-03-15,1306.8,C10139,PR002871,1615,Betalingen onderweg,16254
2016-03-15,72.54,C10140,AB001051,1615,Betalingen onderweg,16255
2016-03-15,1306.8,C10148,PR002873,1615,Betalingen onderweg,16256
2016-03-15,2274.8,C10150,PR002817,1615,Betalingen onderweg,16257
2016-03-15,185.13,C10158,VK001598,1615,Betalingen onderweg,16258
2016-03-15,1082.95,C10167,CU000639,1615,Betalingen onderweg,16259
2016-03-15,477.95,C10170,CU000640,1615,Betalingen onderweg,16260
2016-03-15,119.79,C10170,VK001600,1615,Betalingen onderweg,16261
2016-03-15,82.16,C10181,AB001057,1615,Betalingen onderweg,16262
2016-03-15,1155.55,C10181,CU000644,1615,Betalingen onderweg,16263
2016-03-15,82.16,C10007,AB001004,1615,Betalingen onderweg,16264
2016-03-15,1191.85,C10007,CU000582,1615,Betalingen onderweg,16265
2016-03-15,477.95,C10013,CU000584,1615,Betalingen onderweg,16266
2016-03-15,1306.8,C10013,PR002825,1615,Betalingen onderweg,16267
2016-03-15,1210,C10014,PR002826,1615,Betalingen onderweg,16268
2016-03-15,3999.05,C10014,VK001549,1615,Betalingen onderweg,16269
2016-03-15,2510.02,C10016,PR002828,1615,Betalingen onderweg,16270
2016-03-15,82.16,C10018,AB001006,1615,Betalingen onderweg,16271
2016-03-15,853.05,C10018,CU000586,1615,Betalingen onderweg,16272
2016-03-15,1210,C10022,PR002771,1615,Betalingen onderweg,16273
2016-03-15,1058.02,C10023,PR002772,1615,Betalingen onderweg,16274
2016-03-15,82.16,C10028,AB001009,1615,Betalingen onderweg,16275
2016-03-15,1191.85,C10028,CU000590,1615,Betalingen onderweg,16276
2016-03-15,3484.8,C10028,PR002831,1615,Betalingen onderweg,16277
2016-03-15,1210,C10033,PR002835,1615,Betalingen onderweg,16278
2016-03-15,477.95,C10039,CU000598,1615,Betalingen onderweg,16279
2016-03-15,2032.8,C10039,PR002839,1615,Betalingen onderweg,16280
2016-03-15,36.24,C10043,AB001013,1615,Betalingen onderweg,16281
2016-03-15,1452,C10043,PR002841,1615,Betalingen onderweg,16282
2016-03-15,3617.9,C10044,CU000601,1615,Betalingen onderweg,16283
2016-03-15,1191.85,C10045,CU000602,1615,Betalingen onderweg,16284
2016-03-15,2129.6,C10045,PR002842,1615,Betalingen onderweg,16285
2016-03-15,181.98,C10055,AB001016,1615,Betalingen onderweg,16286
2016-03-15,1155.55,C10055,CU000609,1615,Betalingen onderweg,16287
2016-03-15,72.54,C10056,AB001017,1615,Betalingen onderweg,16288
2016-03-15,748.69,C10056,BD000032,1615,Betalingen onderweg,16289
2016-03-15,211.75,C10056,VK001552,1615,Betalingen onderweg,16290
2016-03-15,1452,C10057,PR002847,1615,Betalingen onderweg,16291
2016-03-15,72.54,C10062,AB001019,1615,Betalingen onderweg,16292
2016-03-15,2383.7,C10062,CU000612,1615,Betalingen onderweg,16293
2016-03-15,359.37,C10066,VK001493,1615,Betalingen onderweg,16294
2016-03-15,72.54,C10067,AB001023,1615,Betalingen onderweg,16295
2016-03-15,251.68,C10067,VK001554,1615,Betalingen onderweg,16296
2016-03-15,477.95,C10069,CU000615,1615,Betalingen onderweg,16297
2016-03-15,308.55,C10069,VK001556,1615,Betalingen onderweg,16298
2016-03-15,28.86,C10085,AB001030,1615,Betalingen onderweg,16299
2016-03-15,870.47,C10087,AB001032,1615,Betalingen onderweg,16300
2016-03-15,1095.05,C10087,CU000623,1615,Betalingen onderweg,16301
2016-03-15,77.44,C10087,VK001558,1615,Betalingen onderweg,16302
2016-03-15,1306.8,C10096,PR002859,1615,Betalingen onderweg,16303
2016-03-15,5717.25,C10110,VK001572,1615,Betalingen onderweg,16304
2016-03-15,72.54,C10116,AB001046,1615,Betalingen onderweg,16305
2016-03-15,2625.7,C10119,CU000628,1615,Betalingen onderweg,16306
2016-03-15,119.79,C10120,VK001563,1615,Betalingen onderweg,16307
2016-03-15,1633.5,C10122,CU000629,1615,Betalingen onderweg,16308
2016-03-15,1058.02,C10122,PR002867,1615,Betalingen onderweg,16309
2016-03-15,1064.8,C10134,PR002868,1615,Betalingen onderweg,16310
2016-03-15,3630,C10134,VK001565,1615,Betalingen onderweg,16311
2016-03-15,2371.6,C10137,PR002869,1615,Betalingen onderweg,16312
2016-03-15,2736.42,C10137,VK001577,1615,Betalingen onderweg,16313
2016-03-15,82.16,C10157,AB001054,1615,Betalingen onderweg,16314
2016-03-31,-51046,S50001,BL000038,1615,Betalingen onderweg,16326
2016-03-31,-3638.47,S50002,IK000546,1615,Betalingen onderweg,16327
2016-03-31,-61.41,S50012,IG000348,1615,Betalingen onderweg,16328
2016-03-31,-395.67,S50012,IG000354,1615,Betalingen onderweg,16329
2016-03-31,-919.6,S50016,IG000339,1615,Betalingen onderweg,16330
2016-03-31,-256,S50022,IK000549,1615,Betalingen onderweg,16331
2016-03-31,-9051.53,S50024,IG000346,1615,Betalingen onderweg,16332
2016-03-31,-13837.95,S50024,IG000355,1615,Betalingen onderweg,16333
2016-03-31,-1494.35,S50026,IK000551,1615,Betalingen onderweg,16334
2016-03-31,-4552.55,S50031,IG000335,1615,Betalingen onderweg,16335
2016-03-31,-1396.93,S50033,IK000547,1615,Betalingen onderweg,16336
2016-03-31,-1621.27,S50033,IK000548,1615,Betalingen onderweg,16337
2016-03-31,-887.92,S50035,IK000553,1615,Betalingen onderweg,16338
2016-03-31,-5500,S60002,IK000555,1615,Betalingen onderweg,16339
2016-03-31,-12517.69,S50034,IG000334,1615,Betalingen onderweg,16340
2016-03-31,-121,S50034,IG000337,1615,Betalingen onderweg,16341
2016-03-31,-121,S50034,IG000338,1615,Betalingen onderweg,16342
2016-03-31,-653.13,S52224,IK000545,1615,Betalingen onderweg,16343
2016-03-31,-4309.98,S58231,IK000531,1615,Betalingen onderweg,16344
2016-03-31,-4523.33,S58231,IK000550,1615,Betalingen onderweg,16345
2016-03-31,-485.21,S50500,IK000554,1615,Betalingen onderweg,16346
2016-03-31,2371.6,C10068,PR002875,1615,Betalingen onderweg,16347
2016-03-31,1452,C10185,PR002876,1615,Betalingen onderweg,16348
2016-03-31,43.56,C10185,VK001602,1615,Betalingen onderweg,16349
2016-03-31,123.42,C10009,VK001603,1615,Betalingen onderweg,16350
2016-03-31,907.5,C10027,CU000650,1615,Betalingen onderweg,16351
2016-03-31,2613.6,C10036,PR002836,1615,Betalingen onderweg,16352
2016-03-31,907.5,C10037,CU000656,1615,Betalingen onderweg,16353
2016-03-31,5712.41,C10037,VK001629,1615,Betalingen onderweg,16354
2016-03-31,2190.1,C10040,CU000659,1615,Betalingen onderweg,16355
2016-03-31,1210,C10040,PR002891,1615,Betalingen onderweg,16356
2016-03-31,968,C10051,PR002844,1615,Betalingen onderweg,16357
2016-03-31,1452,C10054,PR002846,1615,Betalingen onderweg,16358
2016-03-31,1306.8,C10059,PR002901,1615,Betalingen onderweg,16359
2016-03-31,2065.47,C10064,VK001610,1615,Betalingen onderweg,16360
2016-03-31,907.5,C10065,CU000669,1615,Betalingen onderweg,16361
2016-03-31,1990.45,C10005,CU000671,1615,Betalingen onderweg,16362
2016-03-31,1210,C10070,PR002904,1615,Betalingen onderweg,16363
2016-03-31,913.55,C10070,VK001611,1615,Betalingen onderweg,16364
2016-03-31,1082.95,C10071,CU000673,1615,Betalingen onderweg,16365
2016-03-31,5412.33,C10071,VK001633,1615,Betalingen onderweg,16366
2016-03-31,1210,C10072,PR002905,1615,Betalingen onderweg,16367
2016-03-31,2867.7,C10073,CU000674,1615,Betalingen onderweg,16368
2016-03-31,2044.9,C10075,CU000675,1615,Betalingen onderweg,16369
2016-03-31,205.7,C10077,VK001612,1615,Betalingen onderweg,16370
2016-03-31,1452,C10082,PR002854,1615,Betalingen onderweg,16371
2016-03-31,968,C10090,PR002914,1615,Betalingen onderweg,16372
2016-03-31,1107.15,C10093,CU000677,1615,Betalingen onderweg,16373
2016-03-31,1452,C10100,PR002917,1615,Betalingen onderweg,16374
2016-03-31,1210,C10115,PR002921,1615,Betalingen onderweg,16375
2016-03-31,1452,C10124,PR002925,1615,Betalingen onderweg,16376
2016-03-31,853.05,C10136,CU000683,1615,Betalingen onderweg,16377
2016-03-31,2420,C10136,PR002927,1615,Betalingen onderweg,16378
2016-03-31,2032.8,C10148,PR002932,1615,Betalingen onderweg,16379
2016-03-31,1058.02,C10170,PR002937,1615,Betalingen onderweg,16380
2016-03-31,842.16,C10024,VK001580,1615,Betalingen onderweg,16381
2016-03-31,907.5,C10050,CU000647,1615,Betalingen onderweg,16382
2016-03-31,386.96,C10050,VK001623,1615,Betalingen onderweg,16383
2016-03-31,3339.6,C10013,PR002880,1615,Betalingen onderweg,16384
2016-03-31,1453.21,C10013,VK001625,1615,Betalingen onderweg,16385
2016-03-31,1738.47,C10014,VK001604,1615,Betalingen onderweg,16386
2016-03-31,2371.6,C10016,PR002881,1615,Betalingen onderweg,16387
2016-03-31,208.12,C10016,VK001626,1615,Betalingen onderweg,16388
2016-03-31,1306.8,C10018,PR002882,1615,Betalingen onderweg,16389
2016-03-31,477.95,C10022,CU000588,1615,Betalingen onderweg,16390
2016-03-31,1306.8,C10022,PR002829,1615,Betalingen onderweg,16391
2016-03-31,283.14,C10022,VK001582,1615,Betalingen onderweg,16392
2016-03-31,4343.9,C10002,CU000649,1615,Betalingen onderweg,16393
2016-03-31,853.05,C10028,CU000651,1615,Betalingen onderweg,16394
2016-03-31,4487.65,C10028,PR002886,1615,Betalingen onderweg,16395
2016-03-31,2238.5,C10039,CU000658,1615,Betalingen onderweg,16396
2016-03-31,968,C10039,PR002890,1615,Betalingen onderweg,16397
2016-03-31,1210,C10043,PR002893,1615,Betalingen onderweg,16398
2016-03-31,1058.02,C10045,PR002894,1615,Betalingen onderweg,16399
2016-03-31,62.92,C10045,VK001606,1615,Betalingen onderweg,16400
2016-03-31,2655.95,C10046,CU000603,1615,Betalingen onderweg,16401
2016-03-31,156.09,C10046,VK001607,1615,Betalingen onderweg,16402
2016-03-31,308.55,C10055,VK001608,1615,Betalingen onderweg,16403
2016-03-31,356.93,C10056,VK001609,1615,Betalingen onderweg,16404
2016-03-31,1452,C10057,PR002899,1615,Betalingen onderweg,16405
2016-03-31,479.16,C10057,VK001630,1615,Betalingen onderweg,16406
2016-03-31,477.95,C10058,CU000610,1615,Betalingen onderweg,16407
2016-03-31,1191.85,C10062,CU000668,1615,Betalingen onderweg,16408
2016-03-31,1760.55,C10067,CU000670,1615,Betalingen onderweg,16409
2016-03-31,532.4,C10067,VK001588,1615,Betalingen onderweg,16410
2016-03-31,677.18,C10067,VK001632,1615,Betalingen onderweg,16411
2016-03-31,853.05,C10069,CU000672,1615,Betalingen onderweg,16412
2016-03-31,1064.8,C10069,PR002903,1615,Betalingen onderweg,16413
2016-03-31,477.95,C10078,CU000621,1615,Betalingen onderweg,16414
2016-03-31,1064.8,C10085,PR002910,1615,Betalingen onderweg,16415
2016-03-31,1210,C10087,PR002911,1615,Betalingen onderweg,16416
2016-03-31,1058.02,C10096,PR002916,1615,Betalingen onderweg,16417
2016-03-31,968,C10101,PR002918,1615,Betalingen onderweg,16418
2016-03-31,6648.95,C10110,VK001615,1615,Betalingen onderweg,16419
2016-03-31,2662,C10122,PR002924,1615,Betalingen onderweg,16420
2016-03-31,1842.71,C10129,VK001579,1615,Betalingen onderweg,16421
2016-03-31,35.94,C10129,VK001593,1615,Betalingen onderweg,16422
2016-03-31,260.15,C10134,VK001641,1615,Betalingen onderweg,16423
2016-03-31,1452,C10137,PR002928,1615,Betalingen onderweg,16424
2016-03-31,477.95,C10142,CU000635,1615,Betalingen onderweg,16425
2016-03-31,4733.71,C10147,VK001595,1615,Betalingen onderweg,16426
2016-03-31,907.5,C10153,CU000686,1615,Betalingen onderweg,16427
2016-03-31,1064.8,C10153,PR002934,1615,Betalingen onderweg,16428
2016-03-31,1633.5,C10157,CU000638,1615,Betalingen onderweg,16429
2016-03-31,2516.8,C10169,PR002936,1615,Betalingen onderweg,16430
2016-03-31,477.95,C10179,CU000643,1615,Betalingen onderweg,16431
2016-03-31,477.95,C10183,CU000579,1615,Betalingen onderweg,16432
2016-04-22,-309.24,S50003,IK000559,1615,Betalingen onderweg,16988
2016-04-22,-46572.65,S50014,IK000562,1615,Betalingen onderweg,16989
2016-04-22,-518.51,S50015,IK000556,1615,Betalingen onderweg,16990
2016-04-22,-4265.25,S50016,IH000016,1615,Betalingen onderweg,16991
2016-04-22,-365.15,S50021,IK000558,1615,Betalingen onderweg,16992
2016-04-22,-518.07,S50028,IG000343,1615,Betalingen onderweg,16993
2016-04-22,-464.64,S50028,IG000353,1615,Betalingen onderweg,16994
2016-04-22,-1840.41,S50029,IG000341,1615,Betalingen onderweg,16995
2016-04-22,-2323.2,S50029,IG000352,1615,Betalingen onderweg,16996
2016-04-22,-639.79,S50030,IG000344,1615,Betalingen onderweg,16997
2016-04-22,-1005.45,S50030,IG000351,1615,Betalingen onderweg,16998
2016-04-22,-24.2,S50031,IG000345,1615,Betalingen onderweg,16999
2016-04-22,-7813.32,S50031,IG000349,1615,Betalingen onderweg,17000
2016-04-22,-7720.24,S50031,IG000350,1615,Betalingen onderweg,17001
2016-04-22,-2292.95,S50033,IH000017,1615,Betalingen onderweg,17002
2016-04-22,-755.04,S50035,IH000020,1615,Betalingen onderweg,17003
2016-04-22,-164.08,S50037,IK000560,1615,Betalingen onderweg,17004
2016-04-22,-2245,S50038,IK000552,1615,Betalingen onderweg,17005
2016-04-22,-190.88,S51306,IH000019,1615,Betalingen onderweg,17006
2016-04-22,-3461.57,S50034,IG000340,1615,Betalingen onderweg,17007
2016-04-22,-10791.02,S50034,IG000342,1615,Betalingen onderweg,17008
2016-04-22,-12592.71,S50034,IG000347,1615,Betalingen onderweg,17009
2016-04-22,-751.4,S58981,IK000557,1615,Betalingen onderweg,17010
2016-04-22,36.24,C10068,AB001058,1615,Betalingen onderweg,17011
2016-04-22,1306.8,C10068,PR002940,1615,Betalingen onderweg,17012
2016-04-22,2274.8,C10186,PR002941,1615,Betalingen onderweg,17013
2016-04-22,539.96,C10186,VK001644,1615,Betalingen onderweg,17014
2016-04-22,870.47,C10185,AB001059,1615,Betalingen onderweg,17015
2016-04-22,2516.8,C10185,PR002942,1615,Betalingen onderweg,17016
2016-04-22,45.86,C10009,AB001062,1615,Betalingen onderweg,17017
2016-04-22,1064.8,C10009,PR002945,1615,Betalingen onderweg,17018
2016-04-22,968,C10026,PR002955,1615,Betalingen onderweg,17019
2016-04-22,72.54,C10027,AB001065,1615,Betalingen onderweg,17020
2016-04-22,28.86,C10035,AB001068,1615,Betalingen onderweg,17021
2016-04-22,1107.15,C10035,CU000654,1615,Betalingen onderweg,17022
2016-04-22,1760.55,C10036,CU000655,1615,Betalingen onderweg,17023
2016-04-22,115.43,C10037,AB001069,1615,Betalingen onderweg,17024
2016-04-22,72.54,C10041,AB001070,1615,Betalingen onderweg,17025
2016-04-22,853.05,C10051,CU000663,1615,Betalingen onderweg,17026
2016-04-22,2026.02,C10051,PR002898,1615,Betalingen onderweg,17027
2016-04-22,434.87,C10054,AB001075,1615,Betalingen onderweg,17028
2016-04-22,217.62,C10054,AB001076,1615,Betalingen onderweg,17029
2016-04-22,2184.05,C10054,CU000666,1615,Betalingen onderweg,17030
2016-04-22,2274.8,C10059,PR002971,1615,Betalingen onderweg,17031
2016-04-22,72.54,C10064,AB001083,1615,Betalingen onderweg,17032
2016-04-22,60.44,C10065,AB001084,1615,Betalingen onderweg,17033
2016-04-22,112.41,C10005,AB001086,1615,Betalingen onderweg,17034
2016-04-22,1064.8,C10005,PR002974,1615,Betalingen onderweg,17035
2016-04-22,72.54,C10071,AB001087,1615,Betalingen onderweg,17036
2016-04-22,72.54,C10072,AB001088,1615,Betalingen onderweg,17037
2016-04-22,1210,C10072,PR002975,1615,Betalingen onderweg,17038
2016-04-22,8499.04,C10073,VK001648,1615,Betalingen onderweg,17039
2016-04-22,1202.74,C10080,VK001668,1615,Betalingen onderweg,17040
2016-04-22,1210,C10082,PR002908,1615,Betalingen onderweg,17041
2016-04-22,968,C10093,PR002982,1615,Betalingen onderweg,17042
2016-04-22,3429.62,C10100,PR002983,1615,Betalingen onderweg,17043
2016-04-22,416.24,C10103,VK001649,1615,Betalingen onderweg,17044
2016-04-22,1210,C10104,PR002985,1615,Betalingen onderweg,17045
2016-04-22,8179.6,C10104,VK001670,1615,Betalingen onderweg,17046
2016-04-22,1452,C10115,PR002990,1615,Betalingen onderweg,17047
2016-04-22,3176.25,C10133,VK001653,1615,Betalingen onderweg,17048
2016-04-22,72.54,C10136,AB001107,1615,Betalingen onderweg,17049
2016-04-22,72.54,C10139,AB001109,1615,Betalingen onderweg,17050
2016-04-22,968,C10139,PR002994,1615,Betalingen onderweg,17051
2016-04-22,447.7,C10139,VK001654,1615,Betalingen onderweg,17052
2016-04-22,72.54,C10140,AB001110,1615,Betalingen onderweg,17053
2016-04-22,28.86,C10140,AB001111,1615,Betalingen onderweg,17054
2016-04-22,3388,C10140,PR002930,1615,Betalingen onderweg,17055
2016-04-22,1899.7,C10140,VK001655,1615,Betalingen onderweg,17056
2016-04-22,1210,C10150,PR002933,1615,Betalingen onderweg,17057
2016-04-22,28.86,C10170,AB001115,1615,Betalingen onderweg,17058
2016-04-22,1064.8,C10170,PR003002,1615,Betalingen onderweg,17059
2016-04-22,82.16,C10181,AB001118,1615,Betalingen onderweg,17060
2016-04-22,1956.45,C10181,VK001658,1615,Betalingen onderweg,17061
2016-04-22,2662,C10024,PR002938,1615,Betalingen onderweg,17062
2016-04-22,895.4,C10024,VK001659,1615,Betalingen onderweg,17063
2016-04-22,2129.6,C10050,PR002939,1615,Betalingen onderweg,17064
2016-04-22,82.16,C10007,AB001061,1615,Betalingen onderweg,17065
2016-04-22,968,C10007,PR002943,1615,Betalingen onderweg,17066
2016-04-22,3630,C10013,PR002949,1615,Betalingen onderweg,17067
2016-04-22,2420,C10014,PR002950,1615,Betalingen onderweg,17068
2016-04-22,82.16,C10018,AB001063,1615,Betalingen onderweg,17069
2016-04-22,1263.24,C10018,VK001662,1615,Betalingen onderweg,17070
2016-04-22,2420,C10022,PR002885,1615,Betalingen onderweg,17071
2016-04-22,1210,C10025,PR002954,1615,Betalingen onderweg,17072
2016-04-22,82.16,C10028,AB001066,1615,Betalingen onderweg,17073
2016-04-22,2510.02,C10028,PR002956,1615,Betalingen onderweg,17074
2016-04-22,2510.02,C10033,PR002960,1615,Betalingen onderweg,17075
2016-04-22,36.24,C10043,AB001071,1615,Betalingen onderweg,17076
2016-04-22,2420,C10046,PR002895,1615,Betalingen onderweg,17077
2016-04-22,72.54,C10056,AB001077,1615,Betalingen onderweg,17078
2016-04-22,2178,C10056,PR002969,1615,Betalingen onderweg,17079
2016-04-22,2510.02,C10057,PR002970,1615,Betalingen onderweg,17080
2016-04-22,137.58,C10058,AB001078,1615,Betalingen onderweg,17081
2016-04-22,2522.85,C10058,CU000667,1615,Betalingen onderweg,17082
2016-04-22,968,C10058,PR002900,1615,Betalingen onderweg,17083
2016-04-22,72.54,C10062,AB001081,1615,Betalingen onderweg,17084
2016-04-22,290.4,C10066,VK001587,1615,Betalingen onderweg,17085
2016-04-22,72.54,C10067,AB001085,1615,Betalingen onderweg,17086
2016-04-22,2516.8,C10085,PR002978,1615,Betalingen onderweg,17087
2016-04-22,72.54,C10087,AB001093,1615,Betalingen onderweg,17088
2016-04-22,1306.8,C10101,PR002984,1615,Betalingen onderweg,17089
2016-04-22,72.54,C10116,AB001104,1615,Betalingen onderweg,17090
2016-04-22,1210,C10116,PR002922,1615,Betalingen onderweg,17091
2016-04-22,151.25,C10116,VK001651,1615,Betalingen onderweg,17092
2016-04-22,4823.91,C10119,VK001652,1615,Betalingen onderweg,17093
2016-04-22,2122.82,C10137,PR002992,1615,Betalingen onderweg,17094
2016-04-22,907.5,C10142,CU000684,1615,Betalingen onderweg,17095
2016-04-22,529.38,C10153,VK001672,1615,Betalingen onderweg,17096
2016-04-22,82.16,C10157,AB001113,1615,Betalingen onderweg,17097
2016-04-22,2129.6,C10157,PR002935,1615,Betalingen onderweg,17098
2016-04-22,3236.02,C10169,PR003001,1615,Betalingen onderweg,17099
2016-04-30,-50362,S50001,BL000039,1615,Betalingen onderweg,17111
2016-04-30,-3638.47,S50002,IK000565,1615,Betalingen onderweg,17112
2016-04-30,-1276.73,S50012,IG000359,1615,Betalingen onderweg,17113
2016-04-30,-207.52,S50012,IG000367,1615,Betalingen onderweg,17114
2016-04-30,-12430.09,S50024,IG000357,1615,Betalingen onderweg,17115
2016-04-30,-12800.49,S50024,IG000358,1615,Betalingen onderweg,17116
2016-04-30,-1494.35,S50026,IK000568,1615,Betalingen onderweg,17117
2016-04-30,-877.37,S50027,IK000566,1615,Betalingen onderweg,17118
2016-04-30,-1284.15,S50033,IK000571,1615,Betalingen onderweg,17119
2016-04-30,-1917,S50033,IK000572,1615,Betalingen onderweg,17120
2016-04-30,-887.92,S50035,IK000570,1615,Betalingen onderweg,17121
2016-04-30,-164.08,S50037,IK000569,1615,Betalingen onderweg,17122
2016-04-30,-112.15,S50039,IK000563,1615,Betalingen onderweg,17123
2016-04-30,-1724.25,S50040,IK000561,1615,Betalingen onderweg,17124
2016-04-30,-121,S50034,IH000018,1615,Betalingen onderweg,17125
2016-04-30,-4555.31,S58231,IK000567,1615,Betalingen onderweg,17126
2016-04-30,-440.51,S54994,IK000564,1615,Betalingen onderweg,17127
2016-04-30,-348.48,S50500,IK000573,1615,Betalingen onderweg,17128
2016-04-30,2299,C10068,PR003004,1615,Betalingen onderweg,17129
2016-04-30,59.9,C10068,VK001675,1615,Betalingen onderweg,17130
2016-04-30,188.64,C10068,VK001676,1615,Betalingen onderweg,17131
2016-04-30,4688.02,C10186,PR003005,1615,Betalingen onderweg,17132
2016-04-30,5614.4,C10185,PR003006,1615,Betalingen onderweg,17133
2016-04-30,2591.82,C10185,VK001677,1615,Betalingen onderweg,17134
2016-04-30,4307.6,C10009,PR003010,1615,Betalingen onderweg,17135
2016-04-30,968,C10026,PR003024,1615,Betalingen onderweg,17136
2016-04-30,1815,C10027,PR003025,1615,Betalingen onderweg,17137
2016-04-30,203.28,C10027,VK001699,1615,Betalingen onderweg,17138
2016-04-30,127.05,C10035,VK001684,1615,Betalingen onderweg,17139
2016-04-30,968,C10036,PR002961,1615,Betalingen onderweg,17140
2016-04-30,598.95,C10036,VK001663,1615,Betalingen onderweg,17141
2016-04-30,2813.25,C10036,VK001685,1615,Betalingen onderweg,17142
2016-04-30,7294.85,C10037,PR003033,1615,Betalingen onderweg,17143
2016-04-30,76.23,C10037,VK001702,1615,Betalingen onderweg,17144
2016-04-30,3126.64,C10040,PR003035,1615,Betalingen onderweg,17145
2016-04-30,1306.8,C10051,PR002966,1615,Betalingen onderweg,17146
2016-04-30,2994.02,C10054,PR002968,1615,Betalingen onderweg,17147
2016-04-30,1052.7,C10054,VK001666,1615,Betalingen onderweg,17148
2016-04-30,1452,C10064,PR003053,1615,Betalingen onderweg,17149
2016-04-30,3581.6,C10005,PR003054,1615,Betalingen onderweg,17150
2016-04-30,1452,C10070,PR003056,1615,Betalingen onderweg,17151
2016-04-30,968,C10072,PR003057,1615,Betalingen onderweg,17152
2016-04-30,2260.28,C10090,PR003064,1615,Betalingen onderweg,17153
2016-04-30,3620.32,C10093,PR003066,1615,Betalingen onderweg,17154
2016-04-30,3125.43,C10095,VK001707,1615,Betalingen onderweg,17155
2016-04-30,1452,C10100,PR003069,1615,Betalingen onderweg,17156
2016-04-30,1086.58,C10100,VK001708,1615,Betalingen onderweg,17157
2016-04-30,3862.32,C10103,VK001709,1615,Betalingen onderweg,17158
2016-04-30,1089,C10104,PR003071,1615,Betalingen onderweg,17159
2016-04-30,6098.4,C10111,PR003074,1615,Betalingen onderweg,17160
2016-04-30,109.75,C10111,VK001711,1615,Betalingen onderweg,17161
2016-04-30,3823.6,C10115,PR003077,1615,Betalingen onderweg,17162
2016-04-30,4936.8,C10124,PR003081,1615,Betalingen onderweg,17163
2016-04-30,242,C10127,VK001712,1615,Betalingen onderweg,17164
2016-04-30,958.32,C10136,PR003085,1615,Betalingen onderweg,17165
2016-04-30,422.29,C10136,VK001713,1615,Betalingen onderweg,17166
2016-04-30,3184.72,C10139,PR003088,1615,Betalingen onderweg,17167
2016-04-30,4114,C10140,PR002995,1615,Betalingen onderweg,17168
2016-04-30,3484.8,C10148,PR003093,1615,Betalingen onderweg,17169
2016-04-30,3339.6,C10158,PR003098,1615,Betalingen onderweg,17170
2016-04-30,348.63,C10167,VK001720,1615,Betalingen onderweg,17171
2016-04-30,3363.8,C10170,PR003100,1615,Betalingen onderweg,17172
2016-04-30,4985.2,C10181,VK001697,1615,Betalingen onderweg,17173
2016-04-30,2032.8,C10024,PR003003,1615,Betalingen onderweg,17174
2016-04-30,3726.8,C10007,PR003008,1615,Betalingen onderweg,17175
2016-04-30,6485.6,C10013,PR003014,1615,Betalingen onderweg,17176
2016-04-30,430.76,C10013,VK001680,1615,Betalingen onderweg,17177
2016-04-30,2420,C10014,PR003015,1615,Betalingen onderweg,17178
2016-04-30,2268.02,C10018,PR003018,1615,Betalingen onderweg,17179
2016-04-30,1306.8,C10022,PR002953,1615,Betalingen onderweg,17180
2016-04-30,617.1,C10002,VK001682,1615,Betalingen onderweg,17181
2016-04-30,6001.6,C10025,PR003023,1615,Betalingen onderweg,17182
2016-04-30,6146.8,C10028,PR003026,1615,Betalingen onderweg,17183
2016-04-30,135.52,C10028,VK001700,1615,Betalingen onderweg,17184
2016-04-30,3354.12,C10033,PR003029,1615,Betalingen onderweg,17185
2016-04-30,242,C10033,VK001683,1615,Betalingen onderweg,17186
2016-04-30,1058.02,C10044,PR003038,1615,Betalingen onderweg,17187
2016-04-30,1064.8,C10045,PR003039,1615,Betalingen onderweg,17188
2016-04-30,2274.8,C10046,PR002963,1615,Betalingen onderweg,17189
2016-04-30,3484.8,C10055,PR003047,1615,Betalingen onderweg,17190
2016-04-30,2371.6,C10056,PR003048,1615,Betalingen onderweg,17191
2016-04-30,539.96,C10056,VK001687,1615,Betalingen onderweg,17192
2016-04-30,2371.6,C10057,PR003049,1615,Betalingen onderweg,17193
2016-04-30,514.25,C10057,VK001704,1615,Betalingen onderweg,17194
2016-04-30,6131.07,C10067,VK001688,1615,Betalingen onderweg,17195
2016-04-30,1210,C10069,PR003055,1615,Betalingen onderweg,17196
2016-04-30,1694,C10085,PR003061,1615,Betalingen onderweg,17197
2016-04-30,21.78,C10085,VK001690,1615,Betalingen onderweg,17198
2016-04-30,3136.32,C10096,PR003068,1615,Betalingen onderweg,17199
2016-04-30,3726.8,C10101,PR003070,1615,Betalingen onderweg,17200
2016-04-30,3630,C10119,PR003079,1615,Betalingen onderweg,17201
2016-04-30,6727.6,C10122,PR003080,1615,Betalingen onderweg,17202
2016-04-30,3472.7,C10129,VK001694,1615,Betalingen onderweg,17203
2016-04-30,3339.6,C10134,PR003084,1615,Betalingen onderweg,17204
2016-04-30,2144.12,C10137,PR003086,1615,Betalingen onderweg,17205
2016-04-30,332.75,C10137,VK001714,1615,Betalingen onderweg,17206
2016-04-30,866.36,C10147,VK001718,1615,Betalingen onderweg,17207
2016-04-30,2710.4,C10153,PR003095,1615,Betalingen onderweg,17208
2016-04-30,3412.2,C10155,PR003096,1615,Betalingen onderweg,17209
2016-04-30,1306.8,C10157,PR002999,1615,Betalingen onderweg,17210
2016-04-30,199.21,C10179,VK001674,1615,Betalingen onderweg,17211
2016-04-30,477.95,C10183,CU000646,1615,Betalingen onderweg,17212
2016-05-13,-359.72,S50003,IK000580,1615,Betalingen onderweg,17748
2016-05-13,-1996.5,S50004,IK000575,1615,Betalingen onderweg,17749
2016-05-13,-287.17,S50015,IK000576,1615,Betalingen onderweg,17750
2016-05-13,-365.15,S50021,IK000579,1615,Betalingen onderweg,17751
2016-05-13,-320.77,S50023,IK000577,1615,Betalingen onderweg,17752
2016-05-13,-637.72,S50028,IG000365,1615,Betalingen onderweg,17753
2016-05-13,-2063.29,S50029,IG000361,1615,Betalingen onderweg,17754
2016-05-13,-703.31,S50030,IG000363,1615,Betalingen onderweg,17755
2016-05-13,-115.86,S50030,IG000368,1615,Betalingen onderweg,17756
2016-05-13,-8697.38,S50031,IG000356,1615,Betalingen onderweg,17757
2016-05-13,-139.15,S50031,IG000360,1615,Betalingen onderweg,17758
2016-05-13,-10370.26,S50031,IG000364,1615,Betalingen onderweg,17759
2016-05-13,-1506.45,S50039,IK000574,1615,Betalingen onderweg,17760
2016-05-13,-17982.78,S50034,IG000362,1615,Betalingen onderweg,17761
2016-05-13,-1936,S50034,IG000366,1615,Betalingen onderweg,17762
2016-05-13,-751.4,S58981,IK000578,1615,Betalingen onderweg,17764
2016-05-13,-623.63,S52412,IK000581,1615,Betalingen onderweg,17765
2016-05-15,-691.42,S52224,IK000584,1615,Betalingen onderweg,17763
2016-05-15,36.24,C10068,AB001119,1615,Betalingen onderweg,17766
2016-05-15,1210,C10068,PR003102,1615,Betalingen onderweg,17767
2016-05-15,477.95,C10186,CU000690,1615,Betalingen onderweg,17768
2016-05-15,3339.6,C10186,PR003103,1615,Betalingen onderweg,17769
2016-05-15,152.46,C10186,VK001723,1615,Betalingen onderweg,17770
2016-05-15,72.54,C10185,AB001120,1615,Betalingen onderweg,17771
2016-05-15,958.32,C10185,PR003104,1615,Betalingen onderweg,17772
2016-05-15,45.86,C10009,AB001122,1615,Betalingen onderweg,17773
2016-05-15,477.95,C10009,CU000691,1615,Betalingen onderweg,17774
2016-05-15,968,C10009,PR003108,1615,Betalingen onderweg,17775
2016-05-15,1072.06,C10009,VK001724,1615,Betalingen onderweg,17776
2016-05-15,387.2,C10026,PR003122,1615,Betalingen onderweg,17777
2016-05-15,313.39,C10026,VK001727,1615,Betalingen onderweg,17778
2016-05-15,72.54,C10027,AB001128,1615,Betalingen onderweg,17779
2016-05-15,477.95,C10027,CU000697,1615,Betalingen onderweg,17780
2016-05-15,1176.12,C10035,PR003031,1615,Betalingen onderweg,17781
2016-05-15,2662,C10036,PR003032,1615,Betalingen onderweg,17782
2016-05-15,1064.8,C10037,PR003130,1615,Betalingen onderweg,17783
2016-05-15,477.95,C10040,CU000703,1615,Betalingen onderweg,17784
2016-05-15,968,C10040,PR003133,1615,Betalingen onderweg,17785
2016-05-15,72.54,C10041,AB001131,1615,Betalingen onderweg,17786
2016-05-15,3388,C10041,PR003036,1615,Betalingen onderweg,17787
2016-05-15,3872,C10051,PR003044,1615,Betalingen onderweg,17788
2016-05-15,36.24,C10054,AB001135,1615,Betalingen onderweg,17789
2016-05-15,2047.32,C10054,PR003046,1615,Betalingen onderweg,17790
2016-05-15,4065.6,C10059,PR003149,1615,Betalingen onderweg,17791
2016-05-15,72.54,C10064,AB001140,1615,Betalingen onderweg,17792
2016-05-15,4694.8,C10064,PR003152,1615,Betalingen onderweg,17793
2016-05-15,246.84,C10064,VK001733,1615,Betalingen onderweg,17794
2016-05-15,60.44,C10065,AB001141,1615,Betalingen onderweg,17795
2016-05-15,112.41,C10005,AB001144,1615,Betalingen onderweg,17796
2016-05-15,4743.2,C10005,PR003153,1615,Betalingen onderweg,17797
2016-05-15,428.34,C10005,VK001751,1615,Betalingen onderweg,17798
2016-05-15,477.95,C10070,CU000714,1615,Betalingen onderweg,17799
2016-05-15,2952.4,C10070,PR003155,1615,Betalingen onderweg,17800
2016-05-15,358.11,C10070,VK001734,1615,Betalingen onderweg,17801
2016-05-15,72.54,C10071,AB001145,1615,Betalingen onderweg,17802
2016-05-15,477.95,C10071,CU000715,1615,Betalingen onderweg,17803
2016-05-15,72.54,C10072,AB001146,1615,Betalingen onderweg,17804
2016-05-15,477.95,C10072,CU000716,1615,Betalingen onderweg,17805
2016-05-15,2904,C10072,PR003156,1615,Betalingen onderweg,17806
2016-05-15,477.95,C10073,CU000717,1615,Betalingen onderweg,17807
2016-05-15,617.1,C10073,VK001752,1615,Betalingen onderweg,17808
2016-05-15,477.95,C10075,CU000718,1615,Betalingen onderweg,17809
2016-05-15,477.95,C10077,CU000719,1615,Betalingen onderweg,17810
2016-05-15,5146.13,C10077,VK001736,1615,Betalingen onderweg,17811
2016-05-15,1306.8,C10082,PR003059,1615,Betalingen onderweg,17812
2016-05-15,6310.15,C10090,VK001755,1615,Betalingen onderweg,17813
2016-05-15,3378.32,C10093,PR003163,1615,Betalingen onderweg,17814
2016-05-15,398.94,C10100,AB001155,1615,Betalingen onderweg,17815
2016-05-15,6485.6,C10100,PR003165,1615,Betalingen onderweg,17816
2016-05-15,477.95,C10104,CU000722,1615,Betalingen onderweg,17817
2016-05-15,1452,C10104,PR003167,1615,Betalingen onderweg,17818
2016-05-15,2240.92,C10111,PR003170,1615,Betalingen onderweg,17819
2016-05-15,968,C10115,PR003173,1615,Betalingen onderweg,17820
2016-05-15,968,C10124,PR003178,1615,Betalingen onderweg,17821
2016-05-15,72.54,C10136,AB001168,1615,Betalingen onderweg,17822
2016-05-15,4539.92,C10136,PR003182,1615,Betalingen onderweg,17823
2016-05-15,72.54,C10139,AB001170,1615,Betalingen onderweg,17824
2016-05-15,2758.8,C10139,PR003185,1615,Betalingen onderweg,17825
2016-05-15,104.06,C10139,VK001762,1615,Betalingen onderweg,17826
2016-05-15,72.54,C10140,AB001171,1615,Betalingen onderweg,17827
2016-05-15,2090.88,C10140,PR003089,1615,Betalingen onderweg,17828
2016-05-15,3368.04,C10140,VK001741,1615,Betalingen onderweg,17829
2016-05-15,2032.8,C10148,PR003189,1615,Betalingen onderweg,17830
2016-05-15,41.14,C10150,PR003094,1615,Betalingen onderweg,17831
2016-05-15,1210,C10158,PR003193,1615,Betalingen onderweg,17832
2016-05-15,998.25,C10158,VK001764,1615,Betalingen onderweg,17833
2016-05-15,3775.2,C10170,PR003196,1615,Betalingen onderweg,17834
2016-05-15,181.98,C10177,AB001178,1615,Betalingen onderweg,17835
2016-05-15,268.62,C10177,VK001722,1615,Betalingen onderweg,17836
2016-05-15,82.16,C10181,AB001179,1615,Betalingen onderweg,17837
2016-05-15,1433.85,C10050,CU000689,1615,Betalingen onderweg,17838
2016-05-15,5504.05,C10050,PR003101,1615,Betalingen onderweg,17839
2016-05-15,82.16,C10007,AB001121,1615,Betalingen onderweg,17840
2016-05-15,1064.8,C10007,PR003106,1615,Betalingen onderweg,17841
2016-05-15,4404.4,C10013,PR003112,1615,Betalingen onderweg,17842
2016-05-15,2274.8,C10014,PR003113,1615,Betalingen onderweg,17843
2016-05-15,9388.39,C10014,VK001745,1615,Betalingen onderweg,17844
2016-05-15,1848.88,C10016,PR003115,1615,Betalingen onderweg,17845
2016-05-15,82.16,C10018,AB001124,1615,Betalingen onderweg,17846
2016-05-15,2410.32,C10018,PR003117,1615,Betalingen onderweg,17847
2016-05-15,2032.8,C10022,PR003021,1615,Betalingen onderweg,17848
2016-05-15,5091.68,C10023,PR003022,1615,Betalingen onderweg,17849
2016-05-15,477.95,C10002,CU000696,1615,Betalingen onderweg,17850
2016-05-15,2129.6,C10025,PR003121,1615,Betalingen onderweg,17851
2016-05-15,422.29,C10025,VK001726,1615,Betalingen onderweg,17852
2016-05-15,82.16,C10028,AB001129,1615,Betalingen onderweg,17853
2016-05-15,477.95,C10028,CU000698,1615,Betalingen onderweg,17854
2016-05-15,3823.6,C10028,PR003123,1615,Betalingen onderweg,17855
2016-05-15,4452.8,C10033,PR003126,1615,Betalingen onderweg,17856
2016-05-15,3090.82,C10039,PR003132,1615,Betalingen onderweg,17857
2016-05-15,36.24,C10043,AB001132,1615,Betalingen onderweg,17858
2016-05-15,477.95,C10043,CU000705,1615,Betalingen onderweg,17859
2016-05-15,2274.8,C10043,PR003136,1615,Betalingen onderweg,17860
2016-05-15,4452.8,C10046,PR003040,1615,Betalingen onderweg,17861
2016-05-15,32.67,C10046,VK001729,1615,Betalingen onderweg,17862
2016-05-15,1306.8,C10055,PR003145,1615,Betalingen onderweg,17863
2016-05-15,2371.6,C10055,VK001731,1615,Betalingen onderweg,17864
2016-05-15,72.54,C10056,AB001136,1615,Betalingen onderweg,17865
2016-05-15,2178,C10056,PR003146,1615,Betalingen onderweg,17866
2016-05-15,1089,C10057,PR003147,1615,Betalingen onderweg,17867
2016-05-15,3339.6,C10058,PR003050,1615,Betalingen onderweg,17868
2016-05-15,72.54,C10062,AB001138,1615,Betalingen onderweg,17869
2016-05-15,1433.85,C10062,CU000711,1615,Betalingen onderweg,17870
2016-05-15,199.65,C10066,AB001142,1615,Betalingen onderweg,17871
2016-05-15,72.54,C10067,AB001143,1615,Betalingen onderweg,17872
2016-05-15,477.95,C10067,CU000712,1615,Betalingen onderweg,17873
2016-05-15,477.95,C10069,CU000713,1615,Betalingen onderweg,17874
2016-05-15,822.8,C10069,PR003154,1615,Betalingen onderweg,17875
2016-05-15,330.33,C10078,VK001689,1615,Betalingen onderweg,17876
2016-05-15,72.54,C10087,AB001152,1615,Betalingen onderweg,17877
2016-05-15,5517.6,C10087,PR003159,1615,Betalingen onderweg,17878
2016-05-15,309.86,C10087,VK001754,1615,Betalingen onderweg,17879
2016-05-15,1064.8,C10096,PR003164,1615,Betalingen onderweg,17880
2016-05-15,1805.78,C10096,VK001756,1615,Betalingen onderweg,17881
2016-05-15,4815.8,C10101,PR003166,1615,Betalingen onderweg,17882
2016-05-15,1566.95,C10101,VK001758,1615,Betalingen onderweg,17883
2016-05-15,779.24,C10110,VK001759,1615,Betalingen onderweg,17884
2016-05-15,72.54,C10116,AB001163,1615,Betalingen onderweg,17885
2016-05-15,1887.6,C10119,PR003176,1615,Betalingen onderweg,17886
2016-05-15,61.71,C10119,VK001760,1615,Betalingen onderweg,17887
2016-05-15,2904,C10122,PR003177,1615,Betalingen onderweg,17888
2016-05-15,181.32,C10129,AB001166,1615,Betalingen onderweg,17889
2016-05-15,3726.8,C10134,PR003181,1615,Betalingen onderweg,17890
2016-05-15,3581.6,C10137,PR003183,1615,Betalingen onderweg,17891
2016-05-15,5033.6,C10153,PR003190,1615,Betalingen onderweg,17892
2016-05-15,1452,C10155,PR003191,1615,Betalingen onderweg,17893
2016-05-15,82.16,C10157,AB001174,1615,Betalingen onderweg,17894
2016-05-15,2420,C10157,PR003097,1615,Betalingen onderweg,17895
2016-05-15,28.86,C10169,AB001176,1615,Betalingen onderweg,17896
2016-05-15,2845.92,C10169,PR003195,1615,Betalingen onderweg,17897
2016-05-15,225.06,C10169,VK001743,1615,Betalingen onderweg,17898
2016-05-31,-144725,S50001,BL000040,1615,Betalingen onderweg,17952
2016-05-31,-3638.47,S50002,IK000593,1615,Betalingen onderweg,17953
2016-05-31,-1208,S50011,IK000590,1615,Betalingen onderweg,17954
2016-05-31,-500.03,S50012,IG000380,1615,Betalingen onderweg,17955
2016-05-31,-338.44,S50012,IG000389,1615,Betalingen onderweg,17956
2016-05-31,-46666.78,S50014,IK000585,1615,Betalingen onderweg,17957
2016-05-31,-373.36,S50015,IK000587,1615,Betalingen onderweg,17958
2016-05-31,-10103.02,S50024,IG000381,1615,Betalingen onderweg,17959
2016-05-31,-13156.09,S50024,IG000384,1615,Betalingen onderweg,17960
2016-05-31,-1494.35,S50026,IK000591,1615,Betalingen onderweg,17961
2016-05-31,-485.55,S50028,IG000370,1615,Betalingen onderweg,17962
2016-05-31,-1931.16,S50029,IG000372,1615,Betalingen onderweg,17963
2016-05-31,-590.48,S50032,IG000371,1615,Betalingen onderweg,17964
2016-05-31,-1542.36,S50033,IK000588,1615,Betalingen onderweg,17965
2016-05-31,-1886.58,S50033,IK000589,1615,Betalingen onderweg,17966
2016-05-31,-700.59,S50035,IH000022,1615,Betalingen onderweg,17967
2016-05-31,-887.92,S50035,IK000592,1615,Betalingen onderweg,17968
2016-05-31,-1403.6,S50036,IK000582,1615,Betalingen onderweg,17969
2016-05-31,-1240.25,S50040,IK000583,1615,Betalingen onderweg,17970
2016-05-31,-595.93,S51306,IH000021,1615,Betalingen onderweg,17971
2016-05-31,-7580.41,S50034,IG000369,1615,Betalingen onderweg,17972
2016-05-31,-121,S50034,IG000373,1615,Betalingen onderweg,17973
2016-05-31,-359.43,S54994,IK000586,1615,Betalingen onderweg,17974
2016-05-31,-348.48,S50500,IK000594,1615,Betalingen onderweg,17975
2016-05-31,3968.8,C10068,PR003199,1615,Betalingen onderweg,17976
2016-05-31,7204.82,C10186,PR003200,1615,Betalingen onderweg,17977
2016-05-31,4132.39,C10185,PR003201,1615,Betalingen onderweg,17978
2016-05-31,284.35,C10185,VK001792,1615,Betalingen onderweg,17979
2016-05-31,2274.8,C10009,PR003205,1615,Betalingen onderweg,17980
2016-05-31,119.79,C10009,VK001793,1615,Betalingen onderweg,17981
2016-05-31,2516.8,C10026,PR003220,1615,Betalingen onderweg,17982
2016-05-31,4343.9,C10026,VK001796,1615,Betalingen onderweg,17983
2016-05-31,6084.85,C10027,PR003221,1615,Betalingen onderweg,17984
2016-05-31,955.9,C10035,CU000700,1615,Betalingen onderweg,17985
2016-05-31,2274.8,C10035,PR003128,1615,Betalingen onderweg,17986
2016-05-31,6655,C10035,PR003228,1615,Betalingen onderweg,17987
2016-05-31,1433.85,C10036,CU000701,1615,Betalingen onderweg,17988
2016-05-31,4632.85,C10036,PR003129,1615,Betalingen onderweg,17989
2016-05-31,7543.62,C10036,PR003229,1615,Betalingen onderweg,17990
2016-05-31,1306.8,C10037,PR003230,1615,Betalingen onderweg,17991
2016-05-31,2420,C10040,PR003233,1615,Betalingen onderweg,17992
2016-05-31,3968.8,C10041,PR003134,1615,Betalingen onderweg,17993
2016-05-31,3823.6,C10051,PR003142,1615,Betalingen onderweg,17994
2016-05-31,1306.8,C10054,PR003144,1615,Betalingen onderweg,17995
2016-05-31,4660.92,C10059,PR003248,1615,Betalingen onderweg,17996
2016-05-31,3121.8,C10059,VK001798,1615,Betalingen onderweg,17997
2016-05-31,1936,C10064,PR003251,1615,Betalingen onderweg,17998
2016-05-31,1711.42,C10005,PR003252,1615,Betalingen onderweg,17999
2016-05-31,3184.72,C10070,PR003254,1615,Betalingen onderweg,18000
2016-05-31,435.6,C10070,VK001775,1615,Betalingen onderweg,18001
2016-05-31,284.35,C10071,VK001776,1615,Betalingen onderweg,18002
2016-05-31,561.44,C10071,VK001799,1615,Betalingen onderweg,18003
2016-05-31,3436.4,C10072,PR003255,1615,Betalingen onderweg,18004
2016-05-31,793.3,C10072,VK001777,1615,Betalingen onderweg,18005
2016-05-31,968,C10073,PR003256,1615,Betalingen onderweg,18006
2016-05-31,164.56,C10075,VK001800,1615,Betalingen onderweg,18007
2016-05-31,5069.9,C10080,VK001801,1615,Betalingen onderweg,18008
2016-05-31,4905.82,C10082,PR003259,1615,Betalingen onderweg,18009
2016-05-31,4325.75,C10082,VK001779,1615,Betalingen onderweg,18010
2016-05-31,2274.8,C10090,PR003263,1615,Betalingen onderweg,18011
2016-05-31,1718.2,C10093,PR003265,1615,Betalingen onderweg,18012
2016-05-31,3983.32,C10093,VK001803,1615,Betalingen onderweg,18013
2016-05-31,2516.8,C10100,PR003268,1615,Betalingen onderweg,18014
2016-05-31,1669.8,C10104,PR003270,1615,Betalingen onderweg,18015
2016-05-31,2061.84,C10104,VK001806,1615,Betalingen onderweg,18016
2016-05-31,1058.02,C10111,PR003273,1615,Betalingen onderweg,18017
2016-05-31,72.6,C10111,VK001809,1615,Betalingen onderweg,18018
2016-05-31,3959.12,C10115,PR003276,1615,Betalingen onderweg,18019
2016-05-31,5017.14,C10124,PR003281,1615,Betalingen onderweg,18020
2016-05-31,1210,C10136,PR003285,1615,Betalingen onderweg,18021
2016-05-31,169.4,C10136,VK001786,1615,Betalingen onderweg,18022
2016-05-31,1306.8,C10139,PR003288,1615,Betalingen onderweg,18023
2016-05-31,1306.8,C10140,PR003186,1615,Betalingen onderweg,18024
2016-05-31,3090.82,C10140,PR003289,1615,Betalingen onderweg,18025
2016-05-31,1089,C10148,PR003293,1615,Betalingen onderweg,18026
2016-05-31,2274.8,C10150,PR003294,1615,Betalingen onderweg,18027
2016-05-31,3146,C10158,PR003297,1615,Betalingen onderweg,18028
2016-05-31,1306.8,C10170,PR003300,1615,Betalingen onderweg,18029
2016-05-31,317.63,C10170,VK001789,1615,Betalingen onderweg,18030
2016-05-31,1016.4,C10024,PR003197,1615,Betalingen onderweg,18031
2016-05-31,7802.08,C10050,PR003198,1615,Betalingen onderweg,18032
2016-05-31,4340.27,C10050,VK001791,1615,Betalingen onderweg,18033
2016-05-31,3509,C10007,PR003203,1615,Betalingen onderweg,18034
2016-05-31,5130.4,C10013,PR003209,1615,Betalingen onderweg,18035
2016-05-31,1064.8,C10014,PR003210,1615,Betalingen onderweg,18036
2016-05-31,3294.1,C10016,PR003212,1615,Betalingen onderweg,18037
2016-05-31,3388,C10018,PR003214,1615,Betalingen onderweg,18038
2016-05-31,304.92,C10018,VK001767,1615,Betalingen onderweg,18039
2016-05-31,477.95,C10022,CU000695,1615,Betalingen onderweg,18040
2016-05-31,2652.32,C10022,PR003119,1615,Betalingen onderweg,18041
2016-05-31,179.08,C10022,VK001746,1615,Betalingen onderweg,18042
2016-05-31,3363.8,C10023,PR003120,1615,Betalingen onderweg,18043
2016-05-31,1210,C10025,PR003219,1615,Betalingen onderweg,18044
2016-05-31,3959.12,C10028,PR003222,1615,Betalingen onderweg,18045
2016-05-31,1306.8,C10033,PR003226,1615,Betalingen onderweg,18046
2016-05-31,2299,C10039,PR003232,1615,Betalingen onderweg,18047
2016-05-31,447.7,C10039,VK001770,1615,Betalingen onderweg,18048
2016-05-31,4688.02,C10044,PR003236,1615,Betalingen onderweg,18049
2016-05-31,2032.8,C10045,PR003237,1615,Betalingen onderweg,18050
2016-05-31,50.82,C10045,VK001773,1615,Betalingen onderweg,18051
2016-05-31,955.9,C10046,CU000706,1615,Betalingen onderweg,18052
2016-05-31,1694,C10046,PR003137,1615,Betalingen onderweg,18053
2016-05-31,2274.8,C10055,PR003245,1615,Betalingen onderweg,18054
2016-05-31,3630,C10056,PR003246,1615,Betalingen onderweg,18055
2016-05-31,6287.64,C10057,PR003247,1615,Betalingen onderweg,18056
2016-05-31,2516.8,C10058,PR003148,1615,Betalingen onderweg,18057
2016-05-31,1086.58,C10058,VK001732,1615,Betalingen onderweg,18058
2016-05-31,1949.31,C10066,VK001750,1615,Betalingen onderweg,18059
2016-05-31,7598.8,C10067,VK001774,1615,Betalingen onderweg,18060
2016-05-31,2516.8,C10069,PR003253,1615,Betalingen onderweg,18061
2016-05-31,1210,C10085,PR003261,1615,Betalingen onderweg,18062
2016-05-31,145.2,C10087,VK001780,1615,Betalingen onderweg,18063
2016-05-31,968,C10096,PR003267,1615,Betalingen onderweg,18064
2016-05-31,9.68,C10096,VK001781,1615,Betalingen onderweg,18065
2016-05-31,35.94,C10096,VK001804,1615,Betalingen onderweg,18066
2016-05-31,1669.8,C10101,PR003269,1615,Betalingen onderweg,18067
2016-05-31,1694,C10116,PR003174,1615,Betalingen onderweg,18068
2016-05-31,638.88,C10119,PR003279,1615,Betalingen onderweg,18069
2016-05-31,2516.8,C10122,PR003280,1615,Betalingen onderweg,18070
2016-05-31,1210,C10134,PR003284,1615,Betalingen onderweg,18071
2016-05-31,4107.22,C10137,PR003286,1615,Betalingen onderweg,18072
2016-05-31,11.98,C10137,VK001810,1615,Betalingen onderweg,18073
2016-05-31,5.99,C10147,VK001787,1615,Betalingen onderweg,18074
2016-05-31,4356,C10153,PR003295,1615,Betalingen onderweg,18075
2016-05-31,2202.2,C10155,VK001788,1615,Betalingen onderweg,18076
2016-05-31,2821.72,C10157,PR003192,1615,Betalingen onderweg,18077
2016-05-31,4477,C10169,PR003299,1615,Betalingen onderweg,18078
2016-05-31,3789.72,C10174,VK001790,1615,Betalingen onderweg,18079
2016-06-15,36.24,C10068,AB001180,1615,Betalingen onderweg,18718
2016-06-15,968,C10068,PR003303,1615,Betalingen onderweg,18719
2016-06-15,972.84,C10068,VK001848,1615,Betalingen onderweg,18720
2016-06-15,120.88,C10186,AB001181,1615,Betalingen onderweg,18721
2016-06-15,477.95,C10186,CU000728,1615,Betalingen onderweg,18722
2016-06-15,10108.82,C10186,PR003304,1615,Betalingen onderweg,18723
2016-06-15,223.85,C10186,VK001849,1615,Betalingen onderweg,18724
2016-06-15,72.54,C10185,AB001182,1615,Betalingen onderweg,18725
2016-06-15,5559.22,C10185,PR003305,1615,Betalingen onderweg,18726
2016-06-15,45.86,C10009,AB001184,1615,Betalingen onderweg,18727
2016-06-15,3332.82,C10009,PR003309,1615,Betalingen onderweg,18728
2016-06-15,477.95,C10026,CU000734,1615,Betalingen onderweg,18729
2016-06-15,2810.1,C10026,PR003322,1615,Betalingen onderweg,18730
2016-06-15,179.08,C10026,VK001854,1615,Betalingen onderweg,18731
2016-06-15,72.54,C10027,AB001191,1615,Betalingen onderweg,18732
2016-06-15,1058.02,C10027,PR003323,1615,Betalingen onderweg,18733
2016-06-15,284.35,C10027,VK001855,1615,Betalingen onderweg,18734
2016-06-15,870.47,C10036,AB001196,1615,Betalingen onderweg,18735
2016-06-15,477.95,C10037,CU000737,1615,Betalingen onderweg,18736
2016-06-15,5898.02,C10037,PR003332,1615,Betalingen onderweg,18737
2016-06-15,1452,C10040,PR003335,1615,Betalingen onderweg,18738
2016-06-15,72.54,C10041,AB001197,1615,Betalingen onderweg,18739
2016-06-15,6243.6,C10041,PR003234,1615,Betalingen onderweg,18740
2016-06-15,1447.16,C10041,VK001771,1615,Betalingen onderweg,18741
2016-06-15,36.24,C10054,AB001202,1615,Betalingen onderweg,18742
2016-06-15,6306.52,C10054,PR003244,1615,Betalingen onderweg,18743
2016-06-15,907.5,C10059,CU000749,1615,Betalingen onderweg,18744
2016-06-15,1306.8,C10059,PR003353,1615,Betalingen onderweg,18745
2016-06-15,12623.93,C10059,VK001860,1615,Betalingen onderweg,18746
2016-06-15,72.54,C10064,AB001207,1615,Betalingen onderweg,18747
2016-06-15,1790.8,C10064,PR003356,1615,Betalingen onderweg,18748
2016-06-15,60.44,C10065,AB001208,1615,Betalingen onderweg,18749
2016-06-15,477.95,C10065,CU000751,1615,Betalingen onderweg,18750
2016-06-15,112.41,C10005,AB001210,1615,Betalingen onderweg,18751
2016-06-15,1064.8,C10005,PR003357,1615,Betalingen onderweg,18752
2016-06-15,4452.8,C10070,PR003359,1615,Betalingen onderweg,18753
2016-06-15,1361.25,C10070,VK001861,1615,Betalingen onderweg,18754
2016-06-15,72.54,C10071,AB001211,1615,Betalingen onderweg,18755
2016-06-15,72.54,C10072,AB001212,1615,Betalingen onderweg,18756
2016-06-15,477.95,C10072,CU000755,1615,Betalingen onderweg,18757
2016-06-15,4743.2,C10072,PR003360,1615,Betalingen onderweg,18758
2016-06-15,2662,C10073,PR003361,1615,Betalingen onderweg,18759
2016-06-15,477.95,C10077,CU000756,1615,Betalingen onderweg,18760
2016-06-15,174.24,C10077,VK001836,1615,Betalingen onderweg,18761
2016-06-15,477.95,C10081,CU000758,1615,Betalingen onderweg,18762
2016-06-15,217.62,C10090,AB001221,1615,Betalingen onderweg,18763
2016-06-15,2516.8,C10090,PR003371,1615,Betalingen onderweg,18764
2016-06-15,1707.55,C10090,VK001863,1615,Betalingen onderweg,18765
2016-06-15,7695.6,C10093,PR003373,1615,Betalingen onderweg,18766
2016-06-15,477.95,C10095,CU000759,1615,Betalingen onderweg,18767
2016-06-15,3607.2,C10095,VK001865,1615,Betalingen onderweg,18768
2016-06-15,4058.82,C10100,PR003376,1615,Betalingen onderweg,18769
2016-06-15,7502,C10104,PR003378,1615,Betalingen onderweg,18770
2016-06-15,3236.02,C10115,PR003383,1615,Betalingen onderweg,18771
2016-06-15,3332.82,C10124,PR003388,1615,Betalingen onderweg,18772
2016-06-15,98.59,C10127,VK001872,1615,Betalingen onderweg,18773
2016-06-15,72.54,C10136,AB001237,1615,Betalingen onderweg,18774
2016-06-15,3823.6,C10136,PR003391,1615,Betalingen onderweg,18775
2016-06-15,72.54,C10139,AB001238,1615,Betalingen onderweg,18776
2016-06-15,907.5,C10139,CU000762,1615,Betalingen onderweg,18777
2016-06-15,72.54,C10140,AB001239,1615,Betalingen onderweg,18778
2016-06-15,10.89,C10140,VK001843,1615,Betalingen onderweg,18779
2016-06-15,2116.05,C10148,PR003396,1615,Betalingen onderweg,18780
2016-06-15,4564.12,C10158,PR003401,1615,Betalingen onderweg,18781
2016-06-15,484,C10170,PR003403,1615,Betalingen onderweg,18782
2016-06-15,263.18,C10177,VK001847,1615,Betalingen onderweg,18783
2016-06-15,82.16,C10181,AB001246,1615,Betalingen onderweg,18784
2016-06-15,907.5,C10024,CU000727,1615,Betalingen onderweg,18785
2016-06-15,4840,C10024,PR003301,1615,Betalingen onderweg,18786
2016-06-15,3671.62,C10050,PR003302,1615,Betalingen onderweg,18787
2016-06-15,82.16,C10007,AB001183,1615,Betalingen onderweg,18788
2016-06-15,477.95,C10007,CU000730,1615,Betalingen onderweg,18789
2016-06-15,2904,C10007,PR003307,1615,Betalingen onderweg,18790
2016-06-15,9085.65,C10013,PR003313,1615,Betalingen onderweg,18791
2016-06-15,2662,C10014,PR003314,1615,Betalingen onderweg,18792
2016-06-15,82.16,C10018,AB001187,1615,Betalingen onderweg,18793
2016-06-15,1210,C10018,PR003317,1615,Betalingen onderweg,18794
2016-06-15,7875.65,C10022,PR003217,1615,Betalingen onderweg,18795
2016-06-15,4358.9,C10023,PR003218,1615,Betalingen onderweg,18796
2016-06-15,4963.42,C10023,VK001795,1615,Betalingen onderweg,18797
2016-06-15,477.95,C10002,CU000732,1615,Betalingen onderweg,18798
2016-06-15,421.08,C10002,VK001813,1615,Betalingen onderweg,18799
2016-06-15,955.9,C10025,CU000733,1615,Betalingen onderweg,18800
2016-06-15,1911.8,C10025,PR003321,1615,Betalingen onderweg,18801
2016-06-15,2059.99,C10025,VK001829,1615,Betalingen onderweg,18802
2016-06-15,82.16,C10028,AB001192,1615,Betalingen onderweg,18803
2016-06-15,6001.6,C10028,PR003324,1615,Betalingen onderweg,18804
2016-06-15,1113.2,C10033,PR003328,1615,Betalingen onderweg,18805
2016-06-15,955.9,C10039,CU000739,1615,Betalingen onderweg,18806
2016-06-15,2129.6,C10039,PR003334,1615,Betalingen onderweg,18807
2016-06-15,36.24,C10043,AB001198,1615,Betalingen onderweg,18808
2016-06-15,2129.6,C10043,PR003338,1615,Betalingen onderweg,18809
2016-06-15,477.95,C10044,CU000742,1615,Betalingen onderweg,18810
2016-06-15,2168.32,C10044,PR003339,1615,Betalingen onderweg,18811
2016-06-15,1058.02,C10045,PR003340,1615,Betalingen onderweg,18812
2016-06-15,484,C10045,VK001832,1615,Betalingen onderweg,18813
2016-06-15,1306.8,C10046,PR003238,1615,Betalingen onderweg,18814
2016-06-15,1936,C10055,PR003349,1615,Betalingen onderweg,18815
2016-06-15,2002.55,C10055,VK001859,1615,Betalingen onderweg,18816
2016-06-15,72.54,C10056,AB001203,1615,Betalingen onderweg,18817
2016-06-15,3581.6,C10056,PR003350,1615,Betalingen onderweg,18818
2016-06-15,3187.62,C10057,PR003351,1615,Betalingen onderweg,18819
2016-06-15,72.54,C10062,AB001205,1615,Betalingen onderweg,18820
2016-06-15,72.54,C10067,AB001209,1615,Betalingen onderweg,18821
2016-06-15,907.5,C10067,CU000753,1615,Betalingen onderweg,18822
2016-06-15,477.95,C10069,CU000754,1615,Betalingen onderweg,18823
2016-06-15,1597.2,C10069,PR003358,1615,Betalingen onderweg,18824
2016-06-15,28.86,C10085,AB001217,1615,Betalingen onderweg,18825
2016-06-15,2749.12,C10085,PR003366,1615,Betalingen onderweg,18826
2016-06-15,1742.4,C10085,VK001862,1615,Betalingen onderweg,18827
2016-06-15,72.54,C10087,AB001219,1615,Betalingen onderweg,18828
2016-06-15,1306.8,C10087,PR003368,1615,Betalingen onderweg,18829
2016-06-15,1481.04,C10096,PR003375,1615,Betalingen onderweg,18830
2016-06-15,5275.6,C10101,PR003377,1615,Betalingen onderweg,18831
2016-06-15,588.06,C10110,VK001869,1615,Betalingen onderweg,18832
2016-06-15,2896.74,C10110,VK001870,1615,Betalingen onderweg,18833
2016-06-15,72.54,C10116,AB001232,1615,Betalingen onderweg,18834
2016-06-15,1306.8,C10116,PR003277,1615,Betalingen onderweg,18835
2016-06-15,3630,C10116,VK001841,1615,Betalingen onderweg,18836
2016-06-15,3429.62,C10119,PR003386,1615,Betalingen onderweg,18837
2016-06-15,3211.82,C10122,PR003387,1615,Betalingen onderweg,18838
2016-06-15,7984.79,C10122,VK001815,1615,Betalingen onderweg,18839
2016-06-15,102.79,C10129,AB001234,1615,Betalingen onderweg,18840
2016-06-15,143.99,C10129,VK001818,1615,Betalingen onderweg,18841
2016-06-15,2371.6,C10134,PR003390,1615,Betalingen onderweg,18842
2016-06-15,2535.19,C10134,VK001842,1615,Betalingen onderweg,18843
2016-06-15,477.95,C10137,CU000761,1615,Betalingen onderweg,18844
2016-06-15,5711.2,C10137,PR003392,1615,Betalingen onderweg,18845
2016-06-15,598.95,C10137,VK001873,1615,Betalingen onderweg,18846
2016-06-15,2413.95,C10147,VK001820,1615,Betalingen onderweg,18847
2016-06-15,421.08,C10147,VK001876,1615,Betalingen onderweg,18848
2016-06-15,6817.62,C10153,PR003398,1615,Betalingen onderweg,18849
2016-06-15,2032.8,C10155,PR003399,1615,Betalingen onderweg,18850
2016-06-15,82.16,C10157,AB001243,1615,Betalingen onderweg,18851
2016-06-15,6485.6,C10157,PR003296,1615,Betalingen onderweg,18852
2016-06-15,968,C10169,PR003402,1615,Betalingen onderweg,18853
2016-06-15,43.56,C10174,VK001878,1615,Betalingen onderweg,18854
2016-06-15,-219,S50003,IK000599,1615,Betalingen onderweg,18855
2016-06-15,-284.35,S50006,IK000596,1615,Betalingen onderweg,18856
2016-06-15,-52129.96,S50014,IK000607,1615,Betalingen onderweg,18857
2016-06-15,-365.15,S50021,IK000598,1615,Betalingen onderweg,18858
2016-06-15,-542.47,S50028,IG000374,1615,Betalingen onderweg,18859
2016-06-15,-847.39,S50028,IG000388,1615,Betalingen onderweg,18860
2016-06-15,-217.8,S50029,IG000385,1615,Betalingen onderweg,18861
2016-06-15,-1346.73,S50030,IG000378,1615,Betalingen onderweg,18862
2016-06-15,-963.46,S50030,IG000387,1615,Betalingen onderweg,18863
2016-06-15,-10828.46,S50031,IG000375,1615,Betalingen onderweg,18864
2016-06-15,-90.75,S50031,IG000376,1615,Betalingen onderweg,18865
2016-06-15,-6719.48,S50031,IG000386,1615,Betalingen onderweg,18866
2016-06-15,-1033.34,S50032,IG000379,1615,Betalingen onderweg,18867
2016-06-15,-1033.34,S50032,IG000383,1615,Betalingen onderweg,18868
2016-06-15,-525.14,S50035,IH000024,1615,Betalingen onderweg,18869
2016-06-15,-164.08,S50037,IK000600,1615,Betalingen onderweg,18870
2016-06-15,-169.1,S51306,IH000023,1615,Betalingen onderweg,18871
2016-06-15,-7869.84,S50034,IG000377,1615,Betalingen onderweg,18872
2016-06-15,-22711.7,S50034,IG000382,1615,Betalingen onderweg,18873
2016-06-15,-711.24,S52224,IK000601,1615,Betalingen onderweg,18874
2016-06-15,-4117.55,S58231,IK000595,1615,Betalingen onderweg,18875
2016-06-15,-751.4,S58981,IK000597,1615,Betalingen onderweg,18876
2016-06-30,4936.8,C10068,PR003406,1615,Betalingen onderweg,18888
2016-06-30,4170.87,C10068,VK001906,1615,Betalingen onderweg,18889
2016-06-30,13908.22,C10186,PR003407,1615,Betalingen onderweg,18890
2016-06-30,4397.62,C10185,PR003408,1615,Betalingen onderweg,18891
2016-06-30,2268.75,C10185,VK001907,1615,Betalingen onderweg,18892
2016-06-30,3242.8,C10009,PR003412,1615,Betalingen onderweg,18893
2016-06-30,968,C10027,PR003426,1615,Betalingen onderweg,18894
2016-06-30,477.95,C10035,CU000735,1615,Betalingen onderweg,18895
2016-06-30,2904,C10035,PR003330,1615,Betalingen onderweg,18896
2016-06-30,958.32,C10035,VK001857,1615,Betalingen onderweg,18897
2016-06-30,955.9,C10036,CU000736,1615,Betalingen onderweg,18898
2016-06-30,2395.8,C10036,PR003331,1615,Betalingen onderweg,18899
2016-06-30,1089,C10037,PR003433,1615,Betalingen onderweg,18900
2016-06-30,1058.02,C10040,PR003436,1615,Betalingen onderweg,18901
2016-06-30,477.95,C10041,CU000740,1615,Betalingen onderweg,18902
2016-06-30,3323.14,C10041,PR003336,1615,Betalingen onderweg,18903
2016-06-30,5607.62,C10051,PR003346,1615,Betalingen onderweg,18904
2016-06-30,4598,C10054,PR003348,1615,Betalingen onderweg,18905
2016-06-30,416.24,C10054,VK001834,1615,Betalingen onderweg,18906
2016-06-30,3436.4,C10059,PR003448,1615,Betalingen onderweg,18907
2016-06-30,2904,C10064,PR003451,1615,Betalingen onderweg,18908
2016-06-30,58.08,C10065,VK001891,1615,Betalingen onderweg,18909
2016-06-30,580.8,C10005,PR003452,1615,Betalingen onderweg,18910
2016-06-30,203.28,C10005,VK001925,1615,Betalingen onderweg,18911
2016-06-30,4985.2,C10070,PR003454,1615,Betalingen onderweg,18912
2016-06-30,3379.53,C10071,VK001892,1615,Betalingen onderweg,18913
2016-06-30,147.62,C10071,VK001926,1615,Betalingen onderweg,18914
2016-06-30,3388,C10072,PR003455,1615,Betalingen onderweg,18915
2016-06-30,3208.92,C10073,PR003456,1615,Betalingen onderweg,18916
2016-06-30,1210,C10082,PR003364,1615,Betalingen onderweg,18917
2016-06-30,3671.62,C10093,PR003466,1615,Betalingen onderweg,18918
2016-06-30,2752.75,C10093,VK001929,1615,Betalingen onderweg,18919
2016-06-30,63.53,C10095,VK001930,1615,Betalingen onderweg,18920
2016-06-30,605,C10100,PR003469,1615,Betalingen onderweg,18921
2016-06-30,3847.8,C10104,PR003471,1615,Betalingen onderweg,18922
2016-06-30,4936.8,C10111,PR003474,1615,Betalingen onderweg,18923
2016-06-30,4598,C10111,VK001895,1615,Betalingen onderweg,18924
2016-06-30,3097.6,C10115,PR003477,1615,Betalingen onderweg,18925
2016-06-30,2894.32,C10124,PR003482,1615,Betalingen onderweg,18926
2016-06-30,2420,C10136,PR003486,1615,Betalingen onderweg,18927
2016-06-30,127.05,C10136,VK001938,1615,Betalingen onderweg,18928
2016-06-30,199.65,C10136,VK001939,1615,Betalingen onderweg,18929
2016-06-30,3968.8,C10139,PR003489,1615,Betalingen onderweg,18930
2016-06-30,477.95,C10140,CU000763,1615,Betalingen onderweg,18931
2016-06-30,5656.02,C10140,PR003394,1615,Betalingen onderweg,18932
2016-06-30,2023.12,C10148,PR003494,1615,Betalingen onderweg,18933
2016-06-30,5904.8,C10150,PR003397,1615,Betalingen onderweg,18934
2016-06-30,3484.8,C10158,PR003499,1615,Betalingen onderweg,18935
2016-06-30,3446.08,C10170,PR003502,1615,Betalingen onderweg,18936
2016-06-30,465.85,C10177,VK001902,1615,Betalingen onderweg,18937
2016-06-30,3339.6,C10024,PR003404,1615,Betalingen onderweg,18938
2016-06-30,67.76,C10024,VK001905,1615,Betalingen onderweg,18939
2016-06-30,5293.02,C10050,PR003405,1615,Betalingen onderweg,18940
2016-06-30,3717.12,C10007,PR003410,1615,Betalingen onderweg,18941
2016-06-30,4065.6,C10007,VK001879,1615,Betalingen onderweg,18942
2016-06-30,4663.82,C10013,PR003416,1615,Betalingen onderweg,18943
2016-06-30,875.37,C10013,VK001881,1615,Betalingen onderweg,18944
2016-06-30,2371.6,C10014,PR003417,1615,Betalingen onderweg,18945
2016-06-30,2081.2,C10016,PR003419,1615,Betalingen onderweg,18946
2016-06-30,3968.8,C10018,PR003421,1615,Betalingen onderweg,18947
2016-06-30,2420,C10022,PR003319,1615,Betalingen onderweg,18948
2016-06-30,8179.6,C10022,VK001853,1615,Betalingen onderweg,18949
2016-06-30,3852.64,C10023,PR003320,1615,Betalingen onderweg,18950
2016-06-30,2386.12,C10025,PR003425,1615,Betalingen onderweg,18951
2016-06-30,169.4,C10025,VK001882,1615,Betalingen onderweg,18952
2016-06-30,703.01,C10025,VK001913,1615,Betalingen onderweg,18953
2016-06-30,6403.32,C10028,PR003427,1615,Betalingen onderweg,18954
2016-06-30,193.48,C10028,VK001883,1615,Betalingen onderweg,18955
2016-06-30,3784.88,C10033,PR003430,1615,Betalingen onderweg,18956
2016-06-30,2193.73,C10033,VK001915,1615,Betalingen onderweg,18957
2016-06-30,2178,C10039,PR003435,1615,Betalingen onderweg,18958
2016-06-30,4791.6,C10043,PR003438,1615,Betalingen onderweg,18959
2016-06-30,1684.32,C10044,VK001919,1615,Betalingen onderweg,18960
2016-06-30,1306.8,C10045,PR003439,1615,Betalingen onderweg,18961
2016-06-30,2650.26,C10045,VK001885,1615,Betalingen onderweg,18962
2016-06-30,477.95,C10046,CU000743,1615,Betalingen onderweg,18963
2016-06-30,4791.6,C10046,PR003341,1615,Betalingen onderweg,18964
2016-06-30,1452,C10055,PR003445,1615,Betalingen onderweg,18965
2016-06-30,1062.38,C10055,VK001921,1615,Betalingen onderweg,18966
2016-06-30,1058.02,C10056,PR003446,1615,Betalingen onderweg,18967
2016-06-30,1339.47,C10057,VK001889,1615,Betalingen onderweg,18968
2016-06-30,955.9,C10058,CU000748,1615,Betalingen onderweg,18969
2016-06-30,2800.42,C10058,PR003352,1615,Betalingen onderweg,18970
2016-06-30,304.92,C10062,VK001923,1615,Betalingen onderweg,18971
2016-06-30,477.95,C10066,CU000752,1615,Betalingen onderweg,18972
2016-06-30,886.93,C10066,VK001835,1615,Betalingen onderweg,18973
2016-06-30,2274.8,C10069,PR003453,1615,Betalingen onderweg,18974
2016-06-30,968,C10085,PR003461,1615,Betalingen onderweg,18975
2016-06-30,3678.4,C10087,PR003463,1615,Betalingen onderweg,18976
2016-06-30,4297.92,C10096,PR003468,1615,Betalingen onderweg,18977
2016-06-30,2613.6,C10101,PR003470,1615,Betalingen onderweg,18978
2016-06-30,151.25,C10110,VK001932,1615,Betalingen onderweg,18979
2016-06-30,2274.8,C10116,PR003384,1615,Betalingen onderweg,18980
2016-06-30,1887.6,C10119,PR003480,1615,Betalingen onderweg,18981
2016-06-30,1452,C10122,PR003481,1615,Betalingen onderweg,18982
2016-06-30,3073.4,C10134,PR003485,1615,Betalingen onderweg,18983
2016-06-30,726,C10134,VK001897,1615,Betalingen onderweg,18984
2016-06-30,6848.6,C10137,PR003487,1615,Betalingen onderweg,18985
2016-06-30,477.95,C10142,CU000764,1615,Betalingen onderweg,18986
2016-06-30,1029.71,C10142,VK001844,1615,Betalingen onderweg,18987
2016-06-30,6098.4,C10153,PR003496,1615,Betalingen onderweg,18988
2016-06-30,25.83,C10153,VK001898,1615,Betalingen onderweg,18989
2016-06-30,15.13,C10153,VK001899,1615,Betalingen onderweg,18990
2016-06-30,2758.8,C10155,PR003497,1615,Betalingen onderweg,18991
2016-06-30,2323.2,C10155,VK001900,1615,Betalingen onderweg,18992
2016-06-30,2516.8,C10157,PR003400,1615,Betalingen onderweg,18993
2016-06-30,2516.8,C10169,PR003501,1615,Betalingen onderweg,18994
2016-06-30,7066.4,C10174,VK001945,1615,Betalingen onderweg,18995
2016-06-30,-127261,S50001,BL000041,1615,Betalingen onderweg,18996
2016-06-30,-3638.47,S50002,IK000610,1615,Betalingen onderweg,18997
2016-06-30,-1577.05,S50012,IG000397,1615,Betalingen onderweg,18998
2016-06-30,-366.51,S50012,IG000399,1615,Betalingen onderweg,18999
2016-06-30,-548.75,S50015,IK000617,1615,Betalingen onderweg,19000
2016-06-30,-919.6,S50016,IG000400,1615,Betalingen onderweg,19001
2016-06-30,-27189.35,S50024,IG000398,1615,Betalingen onderweg,19002
2016-06-30,-1574.21,S50026,IK000614,1615,Betalingen onderweg,19003
2016-06-30,-1549.76,S50033,IK000611,1615,Betalingen onderweg,19004
2016-06-30,-1492.41,S50033,IK000612,1615,Betalingen onderweg,19005
2016-06-30,-887.92,S50035,IK000615,1615,Betalingen onderweg,19006
2016-06-30,-121,S50034,IG000390,1615,Betalingen onderweg,19007
2016-06-30,-674.56,S52224,IK000609,1615,Betalingen onderweg,19008
2016-06-30,-4809.3,S58231,IK000613,1615,Betalingen onderweg,19009
2016-06-30,-352.04,S54994,IK000608,1615,Betalingen onderweg,19010
2016-06-30,-751.4,S58981,IK000618,1615,Betalingen onderweg,19011
2016-06-30,-401.72,S50500,IK000616,1615,Betalingen onderweg,19012
2016-07-15,-299.58,S50003,IK000620,1615,Betalingen onderweg,19634
2016-07-15,-52129.96,S50014,IK000626,1615,Betalingen onderweg,19635
2016-07-15,-804.65,S50016,IG000407,1615,Betalingen onderweg,19636
2016-07-15,-365.15,S50021,IK000619,1615,Betalingen onderweg,19637
2016-07-15,-540.14,S50024,IG000408,1615,Betalingen onderweg,19638
2016-07-15,-1085.52,S50028,IG000404,1615,Betalingen onderweg,19639
2016-07-15,-2805.99,S50029,IG000405,1615,Betalingen onderweg,19640
2016-07-15,-1571.79,S50029,IG000406,1615,Betalingen onderweg,19641
2016-07-15,-333.66,S50030,IG000394,1615,Betalingen onderweg,19642
2016-07-15,-988.27,S50030,IG000402,1615,Betalingen onderweg,19643
2016-07-15,-6327.91,S50031,IG000393,1615,Betalingen onderweg,19644
2016-07-15,-5453.91,S50031,IG000395,1615,Betalingen onderweg,19645
2016-07-15,-36.3,S50031,IG000401,1615,Betalingen onderweg,19646
2016-07-15,-147.62,S50032,IG000403,1615,Betalingen onderweg,19647
2016-07-15,-121,S50034,IG000391,1615,Betalingen onderweg,19648
2016-07-15,-14615.83,S50034,IG000392,1615,Betalingen onderweg,19649
2016-07-15,-10902.1,S50034,IG000396,1615,Betalingen onderweg,19650
2016-07-15,-164.08,S50037,IK000623,1615,Betalingen onderweg,19651
2016-07-15,-1071.64,S52412,IK000621,1615,Betalingen onderweg,19652
2016-07-15,112.41,C10005,AB001247,1615,Betalingen onderweg,19653
2016-07-15,4307.6,C10005,PR003555,1615,Betalingen onderweg,19654
2016-07-15,179.08,C10005,VK001964,1615,Betalingen onderweg,19655
2016-07-15,45.86,C10009,AB001249,1615,Betalingen onderweg,19656
2016-07-15,4501.2,C10009,PR003511,1615,Betalingen onderweg,19657
2016-07-15,774.4,C10009,VK001965,1615,Betalingen onderweg,19658
2016-07-15,1936,C10026,CU000772,1615,Betalingen onderweg,19659
2016-07-15,1306.8,C10026,PR003523,1615,Betalingen onderweg,19660
2016-07-15,72.54,C10027,AB001260,1615,Betalingen onderweg,19661
2016-07-15,3146,C10027,PR003524,1615,Betalingen onderweg,19662
2016-07-15,28.86,C10035,AB001264,1615,Betalingen onderweg,19663
2016-07-15,1948.1,C10035,CU000777,1615,Betalingen onderweg,19664
2016-07-15,152.46,C10035,VK001917,1615,Betalingen onderweg,19665
2016-07-15,72.54,C10036,AB001265,1615,Betalingen onderweg,19666
2016-07-15,1155.55,C10036,CU000778,1615,Betalingen onderweg,19667
2016-07-15,1452,C10036,PR003432,1615,Betalingen onderweg,19668
2016-07-15,2119.92,C10036,VK001918,1615,Betalingen onderweg,19669
2016-07-15,28.86,C10037,AB001266,1615,Betalingen onderweg,19670
2016-07-15,2994.02,C10037,PR003533,1615,Betalingen onderweg,19671
2016-07-15,1560.9,C10037,VK001950,1615,Betalingen onderweg,19672
2016-07-15,2522.85,C10040,CU000779,1615,Betalingen onderweg,19673
2016-07-15,2662,C10040,PR003536,1615,Betalingen onderweg,19674
2016-07-15,3274.62,C10040,VK001968,1615,Betalingen onderweg,19675
2016-07-15,72.54,C10041,AB001267,1615,Betalingen onderweg,19676
2016-07-15,36.24,C10054,AB001272,1615,Betalingen onderweg,19677
2016-07-15,217.62,C10054,AB001273,1615,Betalingen onderweg,19678
2016-07-15,121,C10054,VK001888,1615,Betalingen onderweg,19679
2016-07-15,188.76,C10054,VK001920,1615,Betalingen onderweg,19680
2016-07-15,1095.05,C10059,CU000786,1615,Betalingen onderweg,19681
2016-07-15,5759.6,C10059,PR003553,1615,Betalingen onderweg,19682
2016-07-15,72.54,C10064,AB001280,1615,Betalingen onderweg,19683
2016-07-15,1095.05,C10064,CU000788,1615,Betalingen onderweg,19684
2016-07-15,3685.42,C10064,VK001954,1615,Betalingen onderweg,19685
2016-07-15,60.44,C10065,AB001281,1615,Betalingen onderweg,19686
2016-07-15,36.24,C10068,AB001283,1615,Betalingen onderweg,19687
2016-07-15,1155.55,C10068,CU000769,1615,Betalingen onderweg,19688
2016-07-15,2855.6,C10068,PR003505,1615,Betalingen onderweg,19689
2016-07-15,1331,C10070,CU000791,1615,Betalingen onderweg,19690
2016-07-15,72.54,C10071,AB001284,1615,Betalingen onderweg,19691
2016-07-15,72.54,C10072,AB001285,1615,Betalingen onderweg,19692
2016-07-15,968,C10072,PR003557,1615,Betalingen onderweg,19693
2016-07-15,1082.95,C10075,CU000793,1615,Betalingen onderweg,19694
2016-07-15,1095.05,C10077,CU000795,1615,Betalingen onderweg,19695
2016-07-15,853.05,C10080,CU000796,1615,Betalingen onderweg,19696
2016-07-15,968,C10082,PR003459,1615,Betalingen onderweg,19697
2016-07-15,2420,C10090,PR003566,1615,Betalingen onderweg,19698
2016-07-15,6292,C10093,PR003568,1615,Betalingen onderweg,19699
2016-07-15,5662.8,C10100,PR003571,1615,Betalingen onderweg,19700
2016-07-15,181.98,C10103,AB001296,1615,Betalingen onderweg,19701
2016-07-15,1191.85,C10103,CU000798,1615,Betalingen onderweg,19702
2016-07-15,1125.3,C10103,VK001973,1615,Betalingen onderweg,19703
2016-07-15,3339.6,C10104,PR003573,1615,Betalingen onderweg,19704
2016-07-15,2516.8,C10111,PR003576,1615,Betalingen onderweg,19705
2016-07-15,2807.2,C10115,PR003579,1615,Betalingen onderweg,19706
2016-07-15,7153.52,C10124,PR003584,1615,Betalingen onderweg,19707
2016-07-15,72.54,C10136,AB001310,1615,Betalingen onderweg,19708
2016-07-15,1064.8,C10136,PR003588,1615,Betalingen onderweg,19709
2016-07-15,72.54,C10139,AB001311,1615,Betalingen onderweg,19710
2016-07-15,3484.8,C10139,PR003591,1615,Betalingen onderweg,19711
2016-07-15,399.3,C10139,VK001959,1615,Betalingen onderweg,19712
2016-07-15,72.54,C10140,AB001312,1615,Betalingen onderweg,19713
2016-07-15,28.86,C10140,AB001313,1615,Betalingen onderweg,19714
2016-07-15,1064.8,C10140,PR003490,1615,Betalingen onderweg,19715
2016-07-15,542.08,C10140,VK001940,1615,Betalingen onderweg,19716
2016-07-15,120.88,C10150,AB001315,1615,Betalingen onderweg,19717
2016-07-15,2758.8,C10150,PR003495,1615,Betalingen onderweg,19718
2016-07-15,1058.02,C10158,PR003600,1615,Betalingen onderweg,19719
2016-07-15,28.86,C10170,AB001320,1615,Betalingen onderweg,19720
2016-07-15,3429.62,C10170,PR003603,1615,Betalingen onderweg,19721
2016-07-15,82.16,C10181,AB001323,1615,Betalingen onderweg,19722
2016-07-15,72.54,C10185,AB001324,1615,Betalingen onderweg,19723
2016-07-15,6906.68,C10185,PR003507,1615,Betalingen onderweg,19724
2016-07-15,904.84,C10185,VK001947,1615,Betalingen onderweg,19725
2016-07-15,60.44,C10186,AB001325,1615,Betalingen onderweg,19726
2016-07-15,5517.6,C10186,PR003506,1615,Betalingen onderweg,19727
2016-07-15,82.16,C10007,AB001248,1615,Betalingen onderweg,19728
2016-07-15,4999.72,C10007,PR003509,1615,Betalingen onderweg,19729
2016-07-15,115.43,C10013,AB001252,1615,Betalingen onderweg,19730
2016-07-15,1064.8,C10013,PR003514,1615,Betalingen onderweg,19731
2016-07-15,193.6,C10013,VK001966,1615,Betalingen onderweg,19732
2016-07-15,1306.8,C10014,PR003515,1615,Betalingen onderweg,19733
2016-07-15,1131.96,C10014,VK001948,1615,Betalingen onderweg,19734
2016-07-15,2129.6,C10016,PR003517,1615,Betalingen onderweg,19735
2016-07-15,82.16,C10018,AB001254,1615,Betalingen onderweg,19736
2016-07-15,1028.5,C10018,AB001255,1615,Betalingen onderweg,19737
2016-07-15,105.27,C10018,VK001949,1615,Betalingen onderweg,19738
2016-07-15,2178,C10022,PR003423,1615,Betalingen onderweg,19739
2016-07-15,47.19,C10022,VK001912,1615,Betalingen onderweg,19740
2016-07-15,2516.8,C10023,PR003424,1615,Betalingen onderweg,19741
2016-07-15,1306.8,C10024,PR003503,1615,Betalingen onderweg,19742
2016-07-15,82.16,C10028,AB001261,1615,Betalingen onderweg,19743
2016-07-15,1082.95,C10028,CU000773,1615,Betalingen onderweg,19744
2016-07-15,3581.6,C10028,PR003525,1615,Betalingen onderweg,19745
2016-07-15,1191.85,C10033,CU000776,1615,Betalingen onderweg,19746
2016-07-15,1064.8,C10033,PR003529,1615,Betalingen onderweg,19747
2016-07-15,958.32,C10039,PR003535,1615,Betalingen onderweg,19748
2016-07-15,36.24,C10043,AB001268,1615,Betalingen onderweg,19749
2016-07-15,3509,C10043,PR003539,1615,Betalingen onderweg,19750
2016-07-15,1155.55,C10044,CU000780,1615,Betalingen onderweg,19751
2016-07-15,3388,C10044,PR003540,1615,Betalingen onderweg,19752
2016-07-15,2274.8,C10045,PR003541,1615,Betalingen onderweg,19753
2016-07-15,6727.6,C10046,PR003440,1615,Betalingen onderweg,19754
2016-07-15,65.34,C10046,VK001952,1615,Betalingen onderweg,19755
2016-07-15,2426.05,C10050,CU000768,1615,Betalingen onderweg,19756
2016-07-15,4542.82,C10050,PR003504,1615,Betalingen onderweg,19757
2016-07-15,3097.6,C10055,PR003549,1615,Betalingen onderweg,19758
2016-07-15,72.54,C10056,AB001274,1615,Betalingen onderweg,19759
2016-07-15,853.05,C10056,CU000785,1615,Betalingen onderweg,19760
2016-07-15,1929.22,C10056,PR003550,1615,Betalingen onderweg,19761
2016-07-15,1839.08,C10056,VK001953,1615,Betalingen onderweg,19762
2016-07-15,2323.2,C10057,PR003551,1615,Betalingen onderweg,19763
2016-07-15,671.55,C10057,VK001969,1615,Betalingen onderweg,19764
2016-07-15,137.58,C10058,AB001275,1615,Betalingen onderweg,19765
2016-07-15,1176.12,C10058,PR003447,1615,Betalingen onderweg,19766
2016-07-15,193.6,C10058,VK001922,1615,Betalingen onderweg,19767
2016-07-15,72.54,C10062,AB001278,1615,Betalingen onderweg,19768
2016-07-15,1331,C10062,CU000787,1615,Betalingen onderweg,19769
2016-07-15,264.99,C10066,VK001924,1615,Betalingen onderweg,19770
2016-07-15,72.54,C10067,AB001282,1615,Betalingen onderweg,19771
2016-07-15,44.77,C10067,VK001970,1615,Betalingen onderweg,19772
2016-07-15,853.05,C10069,CU000790,1615,Betalingen onderweg,19773
2016-07-15,2081.2,C10069,PR003556,1615,Betalingen onderweg,19774
2016-07-15,119.79,C10078,VK001927,1615,Betalingen onderweg,19775
2016-07-15,1064.8,C10085,PR003561,1615,Betalingen onderweg,19776
2016-07-15,72.54,C10087,AB001292,1615,Betalingen onderweg,19777
2016-07-15,3388,C10087,PR003563,1615,Betalingen onderweg,19778
2016-07-15,2736.42,C10087,VK001955,1615,Betalingen onderweg,19779
2016-07-15,1331,C10096,CU000797,1615,Betalingen onderweg,19780
2016-07-15,1064.8,C10096,PR003570,1615,Betalingen onderweg,19781
2016-07-15,1306.8,C10101,PR003572,1615,Betalingen onderweg,19782
2016-07-15,1191.85,C10110,CU000800,1615,Betalingen onderweg,19783
2016-07-15,72.54,C10116,AB001303,1615,Betalingen onderweg,19784
2016-07-15,2274.8,C10116,PR003478,1615,Betalingen onderweg,19785
2016-07-15,66.55,C10119,AB001305,1615,Betalingen onderweg,19786
2016-07-15,4757.72,C10119,PR003582,1615,Betalingen onderweg,19787
2016-07-15,3332.82,C10122,PR003583,1615,Betalingen onderweg,19788
2016-07-15,42.35,C10129,AB001307,1615,Betalingen onderweg,19789
2016-07-15,1064.8,C10134,PR003587,1615,Betalingen onderweg,19790
2016-07-15,6106.14,C10137,PR003589,1615,Betalingen onderweg,19791
2016-07-15,271.04,C10142,VK001942,1615,Betalingen onderweg,19792
2016-07-15,1155.55,C10147,CU000802,1615,Betalingen onderweg,19793
2016-07-15,3125.43,C10147,VK001961,1615,Betalingen onderweg,19794
2016-07-15,968,C10153,PR003597,1615,Betalingen onderweg,19795
2016-07-15,1452,C10155,PR003598,1615,Betalingen onderweg,19796
2016-07-15,82.16,C10157,AB001317,1615,Betalingen onderweg,19797
2016-07-15,4598,C10157,PR003498,1615,Betalingen onderweg,19798
2016-07-15,1210,C10169,PR003602,1615,Betalingen onderweg,19799
2016-07-29,-110453,S50001,BL000042,1615,Betalingen onderweg,19813
2016-07-29,-3638.47,S50002,IK000629,1615,Betalingen onderweg,19814
2016-07-29,-1954.15,S50016,IG000413,1615,Betalingen onderweg,19815
2016-07-29,-1574.21,S50026,IK000634,1615,Betalingen onderweg,19816
2016-07-29,-152.22,S50027,IK000632,1615,Betalingen onderweg,19817
2016-07-29,-1319.83,S50033,IK000630,1615,Betalingen onderweg,19818
2016-07-29,-1363.83,S50033,IK000631,1615,Betalingen onderweg,19819
2016-07-29,-121,S50034,IG000409,1615,Betalingen onderweg,19820
2016-07-29,-60.5,S50034,IG000410,1615,Betalingen onderweg,19821
2016-07-29,-887.92,S50035,IK000635,1615,Betalingen onderweg,19822
2016-07-29,-1058.15,S50040,IK000624,1615,Betalingen onderweg,19823
2016-07-29,-525.14,S52224,IK000628,1615,Betalingen onderweg,19824
2016-07-29,-306.84,S54994,IK000627,1615,Betalingen onderweg,19825
2016-07-29,2758.8,C10005,PR003605,1615,Betalingen onderweg,19826
2016-07-29,3581.6,C10009,PR003609,1615,Betalingen onderweg,19827
2016-07-29,6824.4,C10026,PR003624,1615,Betalingen onderweg,19828
2016-07-29,532.4,C10035,PR003531,1615,Betalingen onderweg,19829
2016-07-29,5236.88,C10036,PR003532,1615,Betalingen onderweg,19830
2016-07-29,1527.02,C10037,VK001999,1615,Betalingen onderweg,19831
2016-07-29,5566,C10040,PR003633,1615,Betalingen onderweg,19832
2016-07-29,1210,C10041,PR003537,1615,Betalingen onderweg,19833
2016-07-29,2516.8,C10051,PR003547,1615,Betalingen onderweg,19834
2016-07-29,2274.8,C10054,CU000784,1615,Betalingen onderweg,19835
2016-07-29,2613.6,C10054,PR003548,1615,Betalingen onderweg,19836
2016-07-29,2105.4,C10059,PR003647,1615,Betalingen onderweg,19837
2016-07-29,2758.62,C10059,VK002008,1615,Betalingen onderweg,19838
2016-07-29,3484.8,C10064,PR003650,1615,Betalingen onderweg,19839
2016-07-29,66.55,C10065,VK002009,1615,Betalingen onderweg,19840
2016-07-29,2178,C10070,PR003652,1615,Betalingen onderweg,19841
2016-07-29,1765.7,C10070,VK002011,1615,Betalingen onderweg,19842
2016-07-29,1905.75,C10071,VK002012,1615,Betalingen onderweg,19843
2016-07-29,87.12,C10073,VK001982,1615,Betalingen onderweg,19844
2016-07-29,602.58,C10077,VK001984,1615,Betalingen onderweg,19845
2016-07-29,5420.8,C10082,PR003559,1615,Betalingen onderweg,19846
2016-07-29,7381,C10090,PR003661,1615,Betalingen onderweg,19847
2016-07-29,3388,C10093,PR003663,1615,Betalingen onderweg,19848
2016-07-29,574.75,C10093,VK002014,1615,Betalingen onderweg,19849
2016-07-29,1064.8,C10100,PR003665,1615,Betalingen onderweg,19850
2016-07-29,1144.66,C10103,VK002017,1615,Betalingen onderweg,19851
2016-07-29,1452,C10104,PR003667,1615,Betalingen onderweg,19852
2016-07-29,2758.8,C10111,PR003670,1615,Betalingen onderweg,19853
2016-07-29,313.39,C10111,VK002020,1615,Betalingen onderweg,19854
2016-07-29,1863.4,C10115,PR003672,1615,Betalingen onderweg,19855
2016-07-29,3291.2,C10124,PR003677,1615,Betalingen onderweg,19856
2016-07-29,1064.8,C10139,PR003683,1615,Betalingen onderweg,19857
2016-07-29,2322.72,C10139,VK001990,1615,Betalingen onderweg,19858
2016-07-29,2420,C10140,PR003592,1615,Betalingen onderweg,19859
2016-07-29,2655.22,C10150,PR003596,1615,Betalingen onderweg,19860
2016-07-29,3242.8,C10158,PR003692,1615,Betalingen onderweg,19861
2016-07-29,5248.98,C10167,VK001991,1615,Betalingen onderweg,19862
2016-07-29,187.55,C10170,VK001992,1615,Betalingen onderweg,19863
2016-07-29,359.37,C10181,VK001994,1615,Betalingen onderweg,19864
2016-07-29,3823.6,C10185,PR003695,1615,Betalingen onderweg,19865
2016-07-29,7223.7,C10186,PR003696,1615,Betalingen onderweg,19866
2016-07-29,1452,C10007,PR003607,1615,Betalingen onderweg,19867
2016-07-29,329.12,C10007,VK001996,1615,Betalingen onderweg,19868
2016-07-29,3484.8,C10013,PR003612,1615,Betalingen onderweg,19869
2016-07-29,6405.57,C10013,VK001997,1615,Betalingen onderweg,19870
2016-07-29,3726.8,C10014,PR003613,1615,Betalingen onderweg,19871
2016-07-29,1452,C10016,PR003615,1615,Betalingen onderweg,19872
2016-07-29,2178,C10018,PR003617,1615,Betalingen onderweg,19873
2016-07-29,968,C10022,PR003521,1615,Betalingen onderweg,19874
2016-07-29,5507.92,C10023,PR003522,1615,Betalingen onderweg,19875
2016-07-29,1210,C10024,PR003622,1615,Betalingen onderweg,19876
2016-07-29,145.2,C10024,VK001998,1615,Betalingen onderweg,19877
2016-07-29,968,C10025,PR003623,1615,Betalingen onderweg,19878
2016-07-29,3726.8,C10028,PR003625,1615,Betalingen onderweg,19879
2016-07-29,2173.16,C10033,VK001981,1615,Betalingen onderweg,19880
2016-07-29,2395.8,C10039,PR003632,1615,Betalingen onderweg,19881
2016-07-29,5420.8,C10043,PR003635,1615,Betalingen onderweg,19882
2016-07-29,919.36,C10044,VK002002,1615,Betalingen onderweg,19883
2016-07-29,6146.8,C10045,PR003636,1615,Betalingen onderweg,19884
2016-07-29,3018.95,C10045,VK002003,1615,Betalingen onderweg,19885
2016-07-29,1452,C10046,PR003542,1615,Betalingen onderweg,19886
2016-07-29,4549.6,C10050,PR003640,1615,Betalingen onderweg,19887
2016-07-29,3872,C10055,PR003643,1615,Betalingen onderweg,19888
2016-07-29,2210.67,C10055,VK002006,1615,Betalingen onderweg,19889
2016-07-29,4210.8,C10056,PR003644,1615,Betalingen onderweg,19890
2016-07-29,779.17,C10056,VK002007,1615,Betalingen onderweg,19891
2016-07-29,1306.8,C10057,PR003645,1615,Betalingen onderweg,19892
2016-07-29,2364.82,C10058,PR003552,1615,Betalingen onderweg,19893
2016-07-29,1936,C10066,CU000789,1615,Betalingen onderweg,19894
2016-07-29,2662,C10069,PR003651,1615,Betalingen onderweg,19895
2016-07-29,539.66,C10078,VK001972,1615,Betalingen onderweg,19896
2016-07-29,3484.8,C10085,PR003657,1615,Betalingen onderweg,19897
2016-07-29,2516.8,C10087,PR003658,1615,Betalingen onderweg,19898
2016-07-29,47.92,C10087,VK001985,1615,Betalingen onderweg,19899
2016-07-29,3339.6,C10101,PR003666,1615,Betalingen onderweg,19900
2016-07-29,1306.8,C10116,PR003580,1615,Betalingen onderweg,19901
2016-07-29,1306.8,C10119,PR003675,1615,Betalingen onderweg,19902
2016-07-29,1694,C10122,PR003676,1615,Betalingen onderweg,19903
2016-07-29,5082,C10129,VK002023,1615,Betalingen onderweg,19904
2016-07-29,1210,C10134,PR003679,1615,Betalingen onderweg,19905
2016-07-29,5420.8,C10137,PR003681,1615,Betalingen onderweg,19906
2016-07-29,853.05,C10142,CU000801,1615,Betalingen onderweg,19907
2016-07-29,314.3,C10147,VK002027,1615,Betalingen onderweg,19908
2016-07-29,2371.6,C10153,PR003689,1615,Betalingen onderweg,19909
2016-07-29,1064.8,C10155,PR003690,1615,Betalingen onderweg,19910
2016-07-29,6050,C10157,PR003599,1615,Betalingen onderweg,19911
2016-07-29,3968.8,C10169,PR003694,1615,Betalingen onderweg,19912
2016-07-29,477.95,C10183,CU000767,1615,Betalingen onderweg,19913
2016-08-15,-392.26,S50003,IK000644,1615,Betalingen onderweg,20433
2016-08-15,-2683.18,S50004,IK000639,1615,Betalingen onderweg,20434
2016-08-15,-887.96,S50012,IG000517,1615,Betalingen onderweg,20435
2016-08-15,-323.37,S50012,IG000523,1615,Betalingen onderweg,20436
2016-08-15,-536.72,S50015,IK000640,1615,Betalingen onderweg,20437
2016-08-15,-365.15,S50021,IK000643,1615,Betalingen onderweg,20438
2016-08-15,-320.77,S50023,IK000641,1615,Betalingen onderweg,20439
2016-08-15,-18707.8,S50024,IG000516,1615,Betalingen onderweg,20440
2016-08-15,-15047.66,S50024,IG000524,1615,Betalingen onderweg,20441
2016-08-15,-2509.54,S50032,IG000411,1615,Betalingen onderweg,20442
2016-08-15,-164.08,S50037,IK000645,1615,Betalingen onderweg,20443
2016-08-15,-112.15,S50039,IK000637,1615,Betalingen onderweg,20444
2016-08-15,-2086.04,S50039,IK000638,1615,Betalingen onderweg,20445
2016-08-15,-348.48,S50500,IK000636,1615,Betalingen onderweg,20446
2016-08-15,-4835.6,S58231,IK000633,1615,Betalingen onderweg,20447
2016-08-15,-751.4,S58981,IK000642,1615,Betalingen onderweg,20448
2016-08-15,561.44,C10004,VK001995,1615,Betalingen onderweg,20449
2016-08-15,112.41,C10005,AB001326,1615,Betalingen onderweg,20450
2016-08-15,2516.8,C10005,PR003698,1615,Betalingen onderweg,20451
2016-08-15,9.62,C10009,AB001328,1615,Betalingen onderweg,20452
2016-08-15,477.95,C10009,CU000806,1615,Betalingen onderweg,20453
2016-08-15,190.58,C10009,VK002029,1615,Betalingen onderweg,20454
2016-08-15,1433.85,C10026,CU000810,1615,Betalingen onderweg,20455
2016-08-15,968,C10026,PR003713,1615,Betalingen onderweg,20456
2016-08-15,72.54,C10027,AB001335,1615,Betalingen onderweg,20457
2016-08-15,907.5,C10027,CU000811,1615,Betalingen onderweg,20458
2016-08-15,1452,C10027,PR003714,1615,Betalingen onderweg,20459
2016-08-15,477.95,C10035,CU000816,1615,Betalingen onderweg,20460
2016-08-15,3388,C10035,PR003629,1615,Betalingen onderweg,20461
2016-08-15,72.54,C10036,AB001339,1615,Betalingen onderweg,20462
2016-08-15,477.95,C10036,CU000817,1615,Betalingen onderweg,20463
2016-08-15,4549.6,C10036,PR003630,1615,Betalingen onderweg,20464
2016-08-15,1210,C10040,PR003720,1615,Betalingen onderweg,20465
2016-08-15,72.54,C10041,AB001340,1615,Betalingen onderweg,20466
2016-08-15,2468.4,C10041,PR003634,1615,Betalingen onderweg,20467
2016-08-15,221.43,C10041,VK002000,1615,Betalingen onderweg,20468
2016-08-15,1385.45,C10051,CU000827,1615,Betalingen onderweg,20469
2016-08-15,2758.8,C10051,PR003641,1615,Betalingen onderweg,20470
2016-08-15,14.52,C10051,VK002004,1615,Betalingen onderweg,20471
2016-08-15,36.24,C10054,AB001344,1615,Betalingen onderweg,20472
2016-08-15,1306.8,C10059,PR003736,1615,Betalingen onderweg,20473
2016-08-15,72.54,C10064,AB001349,1615,Betalingen onderweg,20474
2016-08-15,4501.2,C10064,PR003738,1615,Betalingen onderweg,20475
2016-08-15,60.44,C10065,AB001350,1615,Betalingen onderweg,20476
2016-08-15,477.95,C10065,CU000834,1615,Betalingen onderweg,20477
2016-08-15,36.24,C10068,AB001353,1615,Betalingen onderweg,20478
2016-08-15,2274.8,C10070,PR003740,1615,Betalingen onderweg,20479
2016-08-15,72.54,C10071,AB001354,1615,Betalingen onderweg,20480
2016-08-15,2764.85,C10071,CU000836,1615,Betalingen onderweg,20481
2016-08-15,72.54,C10072,AB001355,1615,Betalingen onderweg,20482
2016-08-15,308.37,C10072,AB001356,1615,Betalingen onderweg,20483
2016-08-15,477.95,C10072,CU000837,1615,Betalingen onderweg,20484
2016-08-15,1808.95,C10073,CU000838,1615,Betalingen onderweg,20485
2016-08-15,484,C10073,PR003741,1615,Betalingen onderweg,20486
2016-08-15,3622.74,C10075,VK002055,1615,Betalingen onderweg,20487
2016-08-15,5.99,C10080,VK002041,1615,Betalingen onderweg,20488
2016-08-15,671.55,C10081,VK002042,1615,Betalingen onderweg,20489
2016-08-15,2758.8,C10082,PR003655,1615,Betalingen onderweg,20490
2016-08-15,1452,C10090,PR003747,1615,Betalingen onderweg,20491
2016-08-15,968,C10093,PR003749,1615,Betalingen onderweg,20492
2016-08-15,217.62,C10100,AB001369,1615,Betalingen onderweg,20493
2016-08-15,1306.8,C10100,PR003752,1615,Betalingen onderweg,20494
2016-08-15,25.41,C10100,VK002059,1615,Betalingen onderweg,20495
2016-08-15,2678.94,C10100,VK002060,1615,Betalingen onderweg,20496
2016-08-15,3097.6,C10111,PR003756,1615,Betalingen onderweg,20497
2016-08-15,968,C10115,PR003759,1615,Betalingen onderweg,20498
2016-08-15,72.54,C10136,AB001385,1615,Betalingen onderweg,20499
2016-08-15,477.95,C10136,CU000845,1615,Betalingen onderweg,20500
2016-08-15,2662,C10136,PR003766,1615,Betalingen onderweg,20501
2016-08-15,72.54,C10139,AB001386,1615,Betalingen onderweg,20502
2016-08-15,4791.6,C10139,PR003768,1615,Betalingen onderweg,20503
2016-08-15,72.54,C10140,AB001387,1615,Betalingen onderweg,20504
2016-08-15,2274.8,C10140,PR003684,1615,Betalingen onderweg,20505
2016-08-15,2223.38,C10140,VK002024,1615,Betalingen onderweg,20506
2016-08-15,416.24,C10148,VK002049,1615,Betalingen onderweg,20507
2016-08-15,60.44,C10150,AB001391,1615,Betalingen onderweg,20508
2016-08-15,968,C10150,PR003688,1615,Betalingen onderweg,20509
2016-08-15,2516.8,C10158,PR003776,1615,Betalingen onderweg,20510
2016-08-15,82.16,C10181,AB001398,1615,Betalingen onderweg,20511
2016-08-15,72.54,C10185,AB001400,1615,Betalingen onderweg,20512
2016-08-15,1210,C10185,PR003779,1615,Betalingen onderweg,20513
2016-08-15,60.44,C10186,AB001401,1615,Betalingen onderweg,20514
2016-08-15,477.95,C10186,CU000853,1615,Betalingen onderweg,20515
2016-08-15,968,C10186,PR003780,1615,Betalingen onderweg,20516
2016-08-15,907.5,C10002,CU000805,1615,Betalingen onderweg,20517
2016-08-15,82.16,C10007,AB001327,1615,Betalingen onderweg,20518
2016-08-15,968,C10007,PR003700,1615,Betalingen onderweg,20519
2016-08-15,4452.8,C10013,PR003703,1615,Betalingen onderweg,20520
2016-08-15,955.9,C10014,CU000808,1615,Betalingen onderweg,20521
2016-08-15,2613.6,C10014,PR003704,1615,Betalingen onderweg,20522
2016-08-15,5106.2,C10014,VK002030,1615,Betalingen onderweg,20523
2016-08-15,2420,C10016,PR003706,1615,Betalingen onderweg,20524
2016-08-15,1028.5,C10018,AB001331,1615,Betalingen onderweg,20525
2016-08-15,1210,C10018,PR003708,1615,Betalingen onderweg,20526
2016-08-15,3862.32,C10018,VK002051,1615,Betalingen onderweg,20527
2016-08-15,3242.8,C10022,PR003620,1615,Betalingen onderweg,20528
2016-08-15,1210,C10023,PR003621,1615,Betalingen onderweg,20529
2016-08-15,127.05,C10023,VK002032,1615,Betalingen onderweg,20530
2016-08-15,2420,C10024,PR003711,1615,Betalingen onderweg,20531
2016-08-15,2420,C10025,PR003712,1615,Betalingen onderweg,20532
2016-08-15,82.16,C10028,AB001336,1615,Betalingen onderweg,20533
2016-08-15,968,C10028,PR003715,1615,Betalingen onderweg,20534
2016-08-15,907.5,C10033,CU000815,1615,Betalingen onderweg,20535
2016-08-15,1385.45,C10039,CU000819,1615,Betalingen onderweg,20536
2016-08-15,1452,C10039,PR003719,1615,Betalingen onderweg,20537
2016-08-15,36.24,C10043,AB001341,1615,Betalingen onderweg,20538
2016-08-15,955.9,C10043,CU000822,1615,Betalingen onderweg,20539
2016-08-15,2274.8,C10043,PR003722,1615,Betalingen onderweg,20540
2016-08-15,907.5,C10044,CU000823,1615,Betalingen onderweg,20541
2016-08-15,1306.8,C10044,PR003723,1615,Betalingen onderweg,20542
2016-08-15,477.95,C10045,CU000824,1615,Betalingen onderweg,20543
2016-08-15,3436.4,C10045,PR003724,1615,Betalingen onderweg,20544
2016-08-15,2516.8,C10046,PR003637,1615,Betalingen onderweg,20545
2016-08-15,665.5,C10046,VK002033,1615,Betalingen onderweg,20546
2016-08-15,4791.6,C10050,PR003728,1615,Betalingen onderweg,20547
2016-08-15,1064.8,C10055,PR003732,1615,Betalingen onderweg,20548
2016-08-15,72.54,C10056,AB001345,1615,Betalingen onderweg,20549
2016-08-15,477.95,C10056,CU000830,1615,Betalingen onderweg,20550
2016-08-15,2274.8,C10056,PR003733,1615,Betalingen onderweg,20551
2016-08-15,2274.8,C10057,PR003734,1615,Betalingen onderweg,20552
2016-08-15,961.95,C10057,VK002035,1615,Betalingen onderweg,20553
2016-08-15,1306.8,C10058,PR003646,1615,Betalingen onderweg,20554
2016-08-15,72.54,C10062,AB001347,1615,Betalingen onderweg,20555
2016-08-15,955.9,C10062,CU000833,1615,Betalingen onderweg,20556
2016-08-15,4312.26,C10062,VK002037,1615,Betalingen onderweg,20557
2016-08-15,199.65,C10066,AB001351,1615,Betalingen onderweg,20558
2016-08-15,1017.61,C10066,VK002010,1615,Betalingen onderweg,20559
2016-08-15,72.54,C10067,AB001352,1615,Betalingen onderweg,20560
2016-08-15,1164.02,C10067,VK002039,1615,Betalingen onderweg,20561
2016-08-15,477.95,C10069,CU000835,1615,Betalingen onderweg,20562
2016-08-15,2904,C10069,PR003739,1615,Betalingen onderweg,20563
2016-08-15,3183.51,C10069,VK002040,1615,Betalingen onderweg,20564
2016-08-15,2371.6,C10085,PR003744,1615,Betalingen onderweg,20565
2016-08-15,72.54,C10087,AB001365,1615,Betalingen onderweg,20566
2016-08-15,2516.8,C10087,PR003746,1615,Betalingen onderweg,20567
2016-08-15,2662,C10096,PR003751,1615,Betalingen onderweg,20568
2016-08-15,1815,C10101,PR003753,1615,Betalingen onderweg,20569
2016-08-15,1546.08,C10101,VK002043,1615,Betalingen onderweg,20570
2016-08-15,1729.7,C10110,VK002061,1615,Betalingen onderweg,20571
2016-08-15,72.54,C10116,AB001377,1615,Betalingen onderweg,20572
2016-08-15,3872,C10116,PR003673,1615,Betalingen onderweg,20573
2016-08-15,3067.35,C10116,VK002022,1615,Betalingen onderweg,20574
2016-08-15,3630,C10119,VK002045,1615,Betalingen onderweg,20575
2016-08-15,120.88,C10122,AB001379,1615,Betalingen onderweg,20576
2016-08-15,907.5,C10122,CU000843,1615,Betalingen onderweg,20577
2016-08-15,1210,C10122,PR003762,1615,Betalingen onderweg,20578
2016-08-15,1119.25,C10122,VK002046,1615,Betalingen onderweg,20579
2016-08-15,181.32,C10129,AB001380,1615,Betalingen onderweg,20580
2016-08-15,42.35,C10129,AB001381,1615,Betalingen onderweg,20581
2016-08-15,968,C10134,PR003765,1615,Betalingen onderweg,20582
2016-08-15,2032.8,C10137,PR003767,1615,Betalingen onderweg,20583
2016-08-15,308.37,C10153,AB001392,1615,Betalingen onderweg,20584
2016-08-15,2178,C10153,PR003774,1615,Betalingen onderweg,20585
2016-08-15,82.16,C10157,AB001394,1615,Betalingen onderweg,20586
2016-08-15,1694,C10157,PR003691,1615,Betalingen onderweg,20587
2016-08-15,28.86,C10169,AB001396,1615,Betalingen onderweg,20588
2016-08-15,3194.4,C10169,PR003778,1615,Betalingen onderweg,20589
2016-08-15,2319.57,C10174,VK002071,1615,Betalingen onderweg,20590
2016-08-15,115.43,C10183,AB001399,1615,Betalingen onderweg,20591
2016-08-15,502.15,C10183,VK001946,1615,Betalingen onderweg,20592
2016-08-31,-112318,S50001,BL000043,1615,Betalingen onderweg,20681
2016-08-31,-91734,S50001,BL000044,1615,Betalingen onderweg,20682
2016-08-31,-3638.47,S50002,IK000650,1615,Betalingen onderweg,20683
2016-08-31,-284.35,S50006,IK000660,1615,Betalingen onderweg,20684
2016-08-31,-1208,S50011,IK000653,1615,Betalingen onderweg,20685
2016-08-31,-1805.8,S50012,IG000539,1615,Betalingen onderweg,20686
2016-08-31,-158.81,S50012,IG000540,1615,Betalingen onderweg,20687
2016-08-31,-52129.96,S50014,IK000647,1615,Betalingen onderweg,20688
2016-08-31,-415.7,S50015,IK000659,1615,Betalingen onderweg,20689
2016-08-31,-919.6,S50016,IG000533,1615,Betalingen onderweg,20690
2016-08-31,-1379.4,S50016,IG000544,1615,Betalingen onderweg,20691
2016-08-31,-14913.54,S50024,IG000537,1615,Betalingen onderweg,20692
2016-08-31,-20307.84,S50024,IG000538,1615,Betalingen onderweg,20693
2016-08-31,-1574.21,S50026,IK000655,1615,Betalingen onderweg,20694
2016-08-31,-1155.79,S50028,IG000518,1615,Betalingen onderweg,20695
2016-08-31,-116.16,S50028,IG000525,1615,Betalingen onderweg,20696
2016-08-31,-1215.9,S50028,IG000530,1615,Betalingen onderweg,20697
2016-08-31,-339.77,S50028,IG000531,1615,Betalingen onderweg,20698
2016-08-31,-261.36,S50029,IG000520,1615,Betalingen onderweg,20699
2016-08-31,-1448.37,S50029,IG000527,1615,Betalingen onderweg,20700
2016-08-31,-524.72,S50030,IG000519,1615,Betalingen onderweg,20701
2016-08-31,-2085.44,S50030,IG000521,1615,Betalingen onderweg,20702
2016-08-31,-326.94,S50030,IG000529,1615,Betalingen onderweg,20703
2016-08-31,-13896.26,S50031,IG000412,1615,Betalingen onderweg,20704
2016-08-31,-10620.76,S50031,IG000415,1615,Betalingen onderweg,20705
2016-08-31,-33.28,S50031,IG000526,1615,Betalingen onderweg,20706
2016-08-31,-1328.58,S50032,IG000532,1615,Betalingen onderweg,20707
2016-08-31,-1454.38,S50033,IK000651,1615,Betalingen onderweg,20708
2016-08-31,-1299.3,S50033,IK000652,1615,Betalingen onderweg,20709
2016-08-31,-11841.79,S50034,IG000414,1615,Betalingen onderweg,20710
2016-08-31,-7311.79,S50034,IG000522,1615,Betalingen onderweg,20711
2016-08-31,-121,S50034,IG000528,1615,Betalingen onderweg,20712
2016-08-31,-887.92,S50035,IK000656,1615,Betalingen onderweg,20713
2016-08-31,-348.48,S50500,IK000657,1615,Betalingen onderweg,20714
2016-08-31,-592.13,S52224,IK000649,1615,Betalingen onderweg,20715
2016-08-31,-458.67,S54994,IK000648,1615,Betalingen onderweg,20716
2016-08-31,-4492.94,S58231,IK000654,1615,Betalingen onderweg,20717
2016-08-31,-7100,S60002,IK000658,1615,Betalingen onderweg,20718
2016-08-31,907.5,C10005,PR003782,1615,Betalingen onderweg,20719
2016-08-31,2274.8,C10009,PR003786,1615,Betalingen onderweg,20720
2016-08-31,5166.7,C10026,PR003800,1615,Betalingen onderweg,20721
2016-08-31,4646.4,C10027,PR003801,1615,Betalingen onderweg,20722
2016-08-31,1074.33,C10035,VK002097,1615,Betalingen onderweg,20723
2016-08-31,2245.76,C10036,VK002052,1615,Betalingen onderweg,20724
2016-08-31,4328.17,C10036,VK002098,1615,Betalingen onderweg,20725
2016-08-31,4464.9,C10037,PR003808,1615,Betalingen onderweg,20726
2016-08-31,2904,C10040,PR003811,1615,Betalingen onderweg,20727
2016-08-31,4958.88,C10040,VK002078,1615,Betalingen onderweg,20728
2016-08-31,955.9,C10041,CU000820,1615,Betalingen onderweg,20729
2016-08-31,4791.6,C10041,PR003721,1615,Betalingen onderweg,20730
2016-08-31,2420,C10051,PR003729,1615,Betalingen onderweg,20731
2016-08-31,907.5,C10054,CU000829,1615,Betalingen onderweg,20732
2016-08-31,1064.8,C10054,PR003731,1615,Betalingen onderweg,20733
2016-08-31,76.23,C10054,VK002034,1615,Betalingen onderweg,20734
2016-08-31,1306.8,C10059,PR003825,1615,Betalingen onderweg,20735
2016-08-31,3726.8,C10064,PR003827,1615,Betalingen onderweg,20736
2016-08-31,147.89,C10064,VK002084,1615,Betalingen onderweg,20737
2016-08-31,193.6,C10065,VK002101,1615,Betalingen onderweg,20738
2016-08-31,968,C10068,PR003828,1615,Betalingen onderweg,20739
2016-08-31,1936,C10070,PR003830,1615,Betalingen onderweg,20740
2016-08-31,2319.57,C10071,VK002103,1615,Betalingen onderweg,20741
2016-08-31,2758.8,C10072,PR003831,1615,Betalingen onderweg,20742
2016-08-31,2541,C10073,PR003832,1615,Betalingen onderweg,20743
2016-08-31,5017.87,C10073,VK002104,1615,Betalingen onderweg,20744
2016-08-31,268.62,C10077,VK002086,1615,Betalingen onderweg,20745
2016-08-31,41.93,C10080,VK002105,1615,Betalingen onderweg,20746
2016-08-31,4228.95,C10081,VK002125,1615,Betalingen onderweg,20747
2016-08-31,1335.84,C10082,VK002056,1615,Betalingen onderweg,20748
2016-08-31,3146,C10090,PR003841,1615,Betalingen onderweg,20749
2016-08-31,5566,C10093,PR003842,1615,Betalingen onderweg,20750
2016-08-31,359.37,C10093,VK002087,1615,Betalingen onderweg,20751
2016-08-31,2002.07,C10095,VK002107,1615,Betalingen onderweg,20752
2016-08-31,1452,C10100,PR003845,1615,Betalingen onderweg,20753
2016-08-31,1452,C10115,PR003848,1615,Betalingen onderweg,20754
2016-08-31,1452,C10124,PR003853,1615,Betalingen onderweg,20755
2016-08-31,2662,C10136,PR003857,1615,Betalingen onderweg,20756
2016-08-31,3025,C10139,PR003859,1615,Betalingen onderweg,20757
2016-08-31,1064.8,C10140,PR003769,1615,Betalingen onderweg,20758
2016-08-31,1452,C10148,PR003864,1615,Betalingen onderweg,20759
2016-08-31,3630,C10150,PR003773,1615,Betalingen onderweg,20760
2016-08-31,1064.8,C10170,PR003871,1615,Betalingen onderweg,20761
2016-08-31,377.52,C10181,VK002117,1615,Betalingen onderweg,20762
2016-08-31,5082,C10185,PR003872,1615,Betalingen onderweg,20763
2016-08-31,11228.8,C10186,PR003873,1615,Betalingen onderweg,20764
2016-08-31,2613.6,C10007,PR003784,1615,Betalingen onderweg,20765
2016-08-31,968,C10013,PR003790,1615,Betalingen onderweg,20766
2016-08-31,5.99,C10013,VK002095,1615,Betalingen onderweg,20767
2016-08-31,1379.4,C10014,VK002118,1615,Betalingen onderweg,20768
2016-08-31,2613.6,C10016,PR003792,1615,Betalingen onderweg,20769
2016-08-31,998.25,C10018,VK002096,1615,Betalingen onderweg,20770
2016-08-31,3581.6,C10023,PR003710,1615,Betalingen onderweg,20771
2016-08-31,1210,C10024,PR003798,1615,Betalingen onderweg,20772
2016-08-31,907.5,C10025,PR003799,1615,Betalingen onderweg,20773
2016-08-31,5178.8,C10028,PR003802,1615,Betalingen onderweg,20774
2016-08-31,1452,C10039,PR003810,1615,Betalingen onderweg,20775
2016-08-31,3484.8,C10044,PR003814,1615,Betalingen onderweg,20776
2016-08-31,1725.27,C10045,VK002079,1615,Betalingen onderweg,20777
2016-08-31,1064.8,C10046,PR003725,1615,Betalingen onderweg,20778
2016-08-31,3571.92,C10046,VK002080,1615,Betalingen onderweg,20779
2016-08-31,2904,C10050,PR003818,1615,Betalingen onderweg,20780
2016-08-31,2662,C10055,PR003821,1615,Betalingen onderweg,20781
2016-08-31,290.4,C10055,VK002099,1615,Betalingen onderweg,20782
2016-08-31,1064.8,C10056,PR003822,1615,Betalingen onderweg,20783
2016-08-31,3058.88,C10056,VK002122,1615,Betalingen onderweg,20784
2016-08-31,968,C10057,PR003823,1615,Betalingen onderweg,20785
2016-08-31,665.5,C10057,VK002081,1615,Betalingen onderweg,20786
2016-08-31,477.95,C10058,CU000831,1615,Betalingen onderweg,20787
2016-08-31,1452,C10058,PR003735,1615,Betalingen onderweg,20788
2016-08-31,4114,C10069,PR003829,1615,Betalingen onderweg,20789
2016-08-31,1022.45,C10069,VK002085,1615,Betalingen onderweg,20790
2016-08-31,2662,C10085,PR003836,1615,Betalingen onderweg,20791
2016-08-31,2371.6,C10087,PR003838,1615,Betalingen onderweg,20792
2016-08-31,72.6,C10087,VK002106,1615,Betalingen onderweg,20793
2016-08-31,3986.31,C10096,PR003844,1615,Betalingen onderweg,20794
2016-08-31,1936,C10116,PR003760,1615,Betalingen onderweg,20795
2016-08-31,465.85,C10116,VK002110,1615,Betalingen onderweg,20796
2016-08-31,968,C10119,PR003851,1615,Betalingen onderweg,20797
2016-08-31,58.08,C10120,VK002062,1615,Betalingen onderweg,20798
2016-08-31,3581.6,C10122,PR003852,1615,Betalingen onderweg,20799
2016-08-31,477.95,C10129,VK002112,1615,Betalingen onderweg,20800
2016-08-31,2274.8,C10134,PR003856,1615,Betalingen onderweg,20801
2016-08-31,1064.8,C10137,PR003858,1615,Betalingen onderweg,20802
2016-08-31,3830.98,C10142,VK002065,1615,Betalingen onderweg,20803
2016-08-31,152.46,C10147,VK002132,1615,Betalingen onderweg,20804
2016-08-31,3823.6,C10153,PR003866,1615,Betalingen onderweg,20805
2016-08-31,2032.8,C10155,PR003867,1615,Betalingen onderweg,20806
2016-08-31,1331,C10157,CU000849,1615,Betalingen onderweg,20807
2016-08-31,3509,C10157,PR003775,1615,Betalingen onderweg,20808
2016-08-31,3581.6,C10169,PR003870,1615,Betalingen onderweg,20809
2016-08-31,853.05,C10179,CU000852,1615,Betalingen onderweg,20810
2016-09-15,-378.54,S50003,IK000663,1615,Betalingen onderweg,21424
2016-09-15,-52129.96,S50014,IK000669,1615,Betalingen onderweg,21425
2016-09-15,-365.15,S50021,IK000662,1615,Betalingen onderweg,21426
2016-09-15,-1089,S50029,IG000541,1615,Betalingen onderweg,21427
2016-09-15,-5310.69,S50029,IG000542,1615,Betalingen onderweg,21428
2016-09-15,-730.84,S50030,IG000546,1615,Betalingen onderweg,21429
2016-09-15,-39.33,S50031,IG000534,1615,Betalingen onderweg,21430
2016-09-15,-4314.71,S50031,IG000543,1615,Betalingen onderweg,21431
2016-09-15,-11904.44,S50031,IG000545,1615,Betalingen onderweg,21432
2016-09-15,-8249.78,S50034,IG000535,1615,Betalingen onderweg,21433
2016-09-15,-9798.34,S50034,IG000536,1615,Betalingen onderweg,21434
2016-09-15,-164.08,S50037,IK000666,1615,Betalingen onderweg,21435
2016-09-15,-901.6,S52412,IK000665,1615,Betalingen onderweg,21436
2016-09-15,-751.4,S58981,IK000661,1615,Betalingen onderweg,21437
2016-09-15,-5125,S60003,IK000664,1615,Betalingen onderweg,21438
2016-09-15,112.41,C10005,AB001402,1615,Betalingen onderweg,21439
2016-09-15,477.95,C10005,CU000855,1615,Betalingen onderweg,21440
2016-09-15,2371.6,C10005,PR003875,1615,Betalingen onderweg,21441
2016-09-15,8989.09,C10005,VK002136,1615,Betalingen onderweg,21442
2016-09-15,9.62,C10009,AB001404,1615,Betalingen onderweg,21443
2016-09-15,4186.6,C10009,PR003877,1615,Betalingen onderweg,21444
2016-09-15,6185.52,C10009,VK002137,1615,Betalingen onderweg,21445
2016-09-15,5432.9,C10026,CU000860,1615,Betalingen onderweg,21446
2016-09-15,1306.8,C10026,PR003892,1615,Betalingen onderweg,21447
2016-09-15,72.54,C10027,AB001411,1615,Betalingen onderweg,21448
2016-09-15,2274.8,C10027,PR003893,1615,Betalingen onderweg,21449
2016-09-15,2178,C10035,PR003806,1615,Betalingen onderweg,21450
2016-09-15,72.54,C10036,AB001416,1615,Betalingen onderweg,21451
2016-09-15,968,C10036,PR003807,1615,Betalingen onderweg,21452
2016-09-15,7247.9,C10037,CU000865,1615,Betalingen onderweg,21453
2016-09-15,4114,C10037,PR003901,1615,Betalingen onderweg,21454
2016-09-15,1452,C10040,PR003904,1615,Betalingen onderweg,21455
2016-09-15,123.42,C10040,VK002140,1615,Betalingen onderweg,21456
2016-09-15,72.54,C10041,AB001417,1615,Betalingen onderweg,21457
2016-09-15,4065.6,C10041,PR003812,1615,Betalingen onderweg,21458
2016-09-15,2662,C10051,PR003819,1615,Betalingen onderweg,21459
2016-09-15,423.5,C10051,VK002121,1615,Betalingen onderweg,21460
2016-09-15,36.24,C10054,AB001422,1615,Betalingen onderweg,21461
2016-09-15,3097.6,C10054,PR003820,1615,Betalingen onderweg,21462
2016-09-15,7247.9,C10059,CU000877,1615,Betalingen onderweg,21463
2016-09-15,3000.8,C10059,PR003920,1615,Betalingen onderweg,21464
2016-09-15,72.54,C10064,AB001427,1615,Betalingen onderweg,21465
2016-09-15,3484.8,C10064,PR003922,1615,Betalingen onderweg,21466
2016-09-15,60.44,C10065,AB001428,1615,Betalingen onderweg,21467
2016-09-15,36.24,C10068,AB001430,1615,Betalingen onderweg,21468
2016-09-15,968,C10068,PR003923,1615,Betalingen onderweg,21469
2016-09-15,76.23,C10068,VK002143,1615,Betalingen onderweg,21470
2016-09-15,477.95,C10070,CU000882,1615,Betalingen onderweg,21471
2016-09-15,2976.6,C10070,PR003925,1615,Betalingen onderweg,21472
2016-09-15,72.54,C10071,AB001431,1615,Betalingen onderweg,21473
2016-09-15,3502.95,C10071,CU000883,1615,Betalingen onderweg,21474
2016-09-15,72.54,C10072,AB001432,1615,Betalingen onderweg,21475
2016-09-15,4235,C10072,PR003926,1615,Betalingen onderweg,21476
2016-09-15,6374.28,C10072,VK002144,1615,Betalingen onderweg,21477
2016-09-15,1929.95,C10073,CU000884,1615,Betalingen onderweg,21478
2016-09-15,3484.8,C10073,PR003927,1615,Betalingen onderweg,21479
2016-09-15,217.62,C10090,AB001442,1615,Betalingen onderweg,21480
2016-09-15,2178,C10090,PR003936,1615,Betalingen onderweg,21481
2016-09-15,6703.4,C10093,PR003938,1615,Betalingen onderweg,21482
2016-09-15,308.37,C10095,AB001444,1615,Betalingen onderweg,21483
2016-09-15,4323.33,C10100,PR003940,1615,Betalingen onderweg,21484
2016-09-15,2050.95,C10103,CU000888,1615,Betalingen onderweg,21485
2016-09-15,4682.7,C10103,VK002146,1615,Betalingen onderweg,21486
2016-09-15,1064.8,C10104,PR003942,1615,Betalingen onderweg,21487
2016-09-15,1210,C10111,PR003945,1615,Betalingen onderweg,21488
2016-09-15,4743.2,C10115,PR003948,1615,Betalingen onderweg,21489
2016-09-15,154.88,C10118,VK002148,1615,Betalingen onderweg,21490
2016-09-15,5566,C10124,PR003953,1615,Betalingen onderweg,21491
2016-09-15,72.54,C10136,AB001465,1615,Betalingen onderweg,21492
2016-09-15,3726.8,C10136,PR003957,1615,Betalingen onderweg,21493
2016-09-15,72.54,C10139,AB001466,1615,Betalingen onderweg,21494
2016-09-15,968,C10139,PR003959,1615,Betalingen onderweg,21495
2016-09-15,2686.01,C10139,VK002149,1615,Betalingen onderweg,21496
2016-09-15,72.54,C10140,AB001467,1615,Betalingen onderweg,21497
2016-09-15,2420,C10140,PR003860,1615,Betalingen onderweg,21498
2016-09-15,1936,C10148,PR003964,1615,Betalingen onderweg,21499
2016-09-15,60.44,C10150,AB001473,1615,Betalingen onderweg,21500
2016-09-15,2613.6,C10150,PR003865,1615,Betalingen onderweg,21501
2016-09-15,1452,C10158,PR003968,1615,Betalingen onderweg,21502
2016-09-15,477.95,C10170,CU000893,1615,Betalingen onderweg,21503
2016-09-15,82.16,C10181,AB001481,1615,Betalingen onderweg,21504
2016-09-15,2050.95,C10181,CU000895,1615,Betalingen onderweg,21505
2016-09-15,72.54,C10185,AB001482,1615,Betalingen onderweg,21506
2016-09-15,60.44,C10186,AB001483,1615,Betalingen onderweg,21507
2016-09-15,477.95,C10186,CU000897,1615,Betalingen onderweg,21508
2016-09-15,82.16,C10007,AB001403,1615,Betalingen onderweg,21509
2016-09-15,2178,C10007,PR003876,1615,Betalingen onderweg,21510
2016-09-15,6243.6,C10013,PR003881,1615,Betalingen onderweg,21511
2016-09-15,1448.37,C10013,VK002138,1615,Betalingen onderweg,21512
2016-09-15,2178,C10014,PR003882,1615,Betalingen onderweg,21513
2016-09-15,1210,C10016,PR003884,1615,Betalingen onderweg,21514
2016-09-15,1028.5,C10018,AB001407,1615,Betalingen onderweg,21515
2016-09-15,3823.6,C10018,PR003886,1615,Betalingen onderweg,21516
2016-09-15,1064.8,C10022,PR003796,1615,Betalingen onderweg,21517
2016-09-15,1306.8,C10023,PR003797,1615,Betalingen onderweg,21518
2016-09-15,477.95,C10024,CU000858,1615,Betalingen onderweg,21519
2016-09-15,2758.8,C10024,PR003891,1615,Betalingen onderweg,21520
2016-09-15,477.95,C10025,CU000859,1615,Betalingen onderweg,21521
2016-09-15,82.16,C10028,AB001412,1615,Betalingen onderweg,21522
2016-09-15,5033.6,C10028,PR003894,1615,Betalingen onderweg,21523
2016-09-15,1936,C10033,PR003898,1615,Betalingen onderweg,21524
2016-09-15,5033.6,C10039,PR003903,1615,Betalingen onderweg,21525
2016-09-15,36.24,C10043,AB001418,1615,Betalingen onderweg,21526
2016-09-15,1064.8,C10043,PR003907,1615,Betalingen onderweg,21527
2016-09-15,6152.85,C10044,CU000868,1615,Betalingen onderweg,21528
2016-09-15,968,C10044,PR003908,1615,Betalingen onderweg,21529
2016-09-15,5662.8,C10045,PR003909,1615,Betalingen onderweg,21530
2016-09-15,532.4,C10046,PR003815,1615,Betalingen onderweg,21531
2016-09-15,3025,C10050,CU000872,1615,Betalingen onderweg,21532
2016-09-15,7695.6,C10050,PR003914,1615,Betalingen onderweg,21533
2016-09-15,1306.8,C10055,PR003916,1615,Betalingen onderweg,21534
2016-09-15,72.54,C10056,AB001423,1615,Betalingen onderweg,21535
2016-09-15,4404.4,C10056,PR003917,1615,Betalingen onderweg,21536
2016-09-15,5196.95,C10057,CU000876,1615,Betalingen onderweg,21537
2016-09-15,2371.6,C10057,PR003918,1615,Betalingen onderweg,21538
2016-09-15,968,C10058,PR003824,1615,Betalingen onderweg,21539
2016-09-15,72.54,C10062,AB001425,1615,Betalingen onderweg,21540
2016-09-15,2050.95,C10062,CU000880,1615,Betalingen onderweg,21541
2016-09-15,3805.14,C10066,VK002102,1615,Betalingen onderweg,21542
2016-09-15,72.54,C10067,AB001429,1615,Betalingen onderweg,21543
2016-09-15,1007.33,C10067,VK002142,1615,Betalingen onderweg,21544
2016-09-15,377.52,C10067,VK002163,1615,Betalingen onderweg,21545
2016-09-15,4210.8,C10069,PR003924,1615,Betalingen onderweg,21546
2016-09-15,1343.1,C10069,VK002164,1615,Betalingen onderweg,21547
2016-09-15,28.86,C10085,AB001438,1615,Betalingen onderweg,21548
2016-09-15,5196.95,C10085,CU000885,1615,Betalingen onderweg,21549
2016-09-15,72.54,C10087,AB001440,1615,Betalingen onderweg,21550
2016-09-15,3581.6,C10087,PR003933,1615,Betalingen onderweg,21551
2016-09-15,2371.6,C10101,PR003941,1615,Betalingen onderweg,21552
2016-09-15,72.54,C10116,AB001456,1615,Betalingen onderweg,21553
2016-09-15,1064.8,C10116,PR003849,1615,Betalingen onderweg,21554
2016-09-15,2129.6,C10119,PR003951,1615,Betalingen onderweg,21555
2016-09-15,465.85,C10119,VK002167,1615,Betalingen onderweg,21556
2016-09-15,60.44,C10122,AB001459,1615,Betalingen onderweg,21557
2016-09-15,3678.4,C10122,PR003952,1615,Betalingen onderweg,21558
2016-09-15,42.35,C10129,AB001460,1615,Betalingen onderweg,21559
2016-09-15,968,C10134,PR003956,1615,Betalingen onderweg,21560
2016-09-15,477.95,C10153,CU000892,1615,Betalingen onderweg,21561
2016-09-15,1306.8,C10153,PR003965,1615,Betalingen onderweg,21562
2016-09-15,1972.3,C10155,PR003966,1615,Betalingen onderweg,21563
2016-09-15,82.16,C10157,AB001477,1615,Betalingen onderweg,21564
2016-09-15,4356,C10157,PR003868,1615,Betalingen onderweg,21565
2016-09-15,3005.64,C10169,PR003969,1615,Betalingen onderweg,21566
2016-09-15,154.88,C10174,VK002155,1615,Betalingen onderweg,21567
2016-09-30,-112234,S50001,BL000045,1615,Betalingen onderweg,21579
2016-09-30,-107413,S50001,BL000046,1615,Betalingen onderweg,21580
2016-09-30,-3638.47,S50002,IK000671,1615,Betalingen onderweg,21581
2016-09-30,-240.48,S50003,IK000683,1615,Betalingen onderweg,21582
2016-09-30,-1080.65,S50012,IG000551,1615,Betalingen onderweg,21583
2016-09-30,-1008.72,S50012,IG000567,1615,Betalingen onderweg,21584
2016-09-30,-276.8,S50015,IK000680,1615,Betalingen onderweg,21585
2016-09-30,-574.75,S50016,IG000556,1615,Betalingen onderweg,21586
2016-09-30,-365.15,S50021,IK000682,1615,Betalingen onderweg,21587
2016-09-30,-12513.29,S50024,IG000560,1615,Betalingen onderweg,21588
2016-09-30,-7619.85,S50024,IG000563,1615,Betalingen onderweg,21589
2016-09-30,-1574.21,S50026,IK000674,1615,Betalingen onderweg,21590
2016-09-30,-1340.75,S50033,IK000672,1615,Betalingen onderweg,21591
2016-09-30,-1486.47,S50033,IK000676,1615,Betalingen onderweg,21592
2016-09-30,-121,S50034,IG000547,1615,Betalingen onderweg,21593
2016-09-30,-887.92,S50035,IK000675,1615,Betalingen onderweg,21594
2016-09-30,-164.08,S50037,IK000678,1615,Betalingen onderweg,21595
2016-09-30,-1447.16,S50040,IK000667,1615,Betalingen onderweg,21596
2016-09-30,-348.48,S50500,IK000677,1615,Betalingen onderweg,21597
2016-09-30,-535.91,S52412,IK000684,1615,Betalingen onderweg,21598
2016-09-30,-308.04,S54994,IK000670,1615,Betalingen onderweg,21599
2016-09-30,-4230.54,S58231,IK000673,1615,Betalingen onderweg,21600
2016-09-30,-751.4,S58981,IK000681,1615,Betalingen onderweg,21601
2016-09-30,2420,C10005,PR003974,1615,Betalingen onderweg,21602
2016-09-30,3581.6,C10009,PR003978,1615,Betalingen onderweg,21603
2016-09-30,2371.6,C10026,PR003991,1615,Betalingen onderweg,21604
2016-09-30,477.95,C10035,CU000863,1615,Betalingen onderweg,21605
2016-09-30,2032.8,C10035,PR003900,1615,Betalingen onderweg,21606
2016-09-30,955.9,C10036,CU000864,1615,Betalingen onderweg,21607
2016-09-30,1306.8,C10037,PR004000,1615,Betalingen onderweg,21608
2016-09-30,1585.1,C10037,VK002159,1615,Betalingen onderweg,21609
2016-09-30,1210,C10040,PR004003,1615,Betalingen onderweg,21610
2016-09-30,477.95,C10041,CU000866,1615,Betalingen onderweg,21611
2016-09-30,2432.1,C10041,PR003905,1615,Betalingen onderweg,21612
2016-09-30,442.86,C10041,VK002141,1615,Betalingen onderweg,21613
2016-09-30,477.95,C10051,CU000873,1615,Betalingen onderweg,21614
2016-09-30,955.9,C10054,CU000875,1615,Betalingen onderweg,21615
2016-09-30,3726.8,C10059,PR004021,1615,Betalingen onderweg,21616
2016-09-30,2274.8,C10064,PR004023,1615,Betalingen onderweg,21617
2016-09-30,988.57,C10064,VK002162,1615,Betalingen onderweg,21618
2016-09-30,1427.68,C10064,VK002177,1615,Betalingen onderweg,21619
2016-09-30,11.98,C10064,VK002204,1615,Betalingen onderweg,21620
2016-09-30,5953.2,C10068,PR004024,1615,Betalingen onderweg,21621
2016-09-30,3581.6,C10070,PR004026,1615,Betalingen onderweg,21622
2016-09-30,2371.6,C10072,PR004027,1615,Betalingen onderweg,21623
2016-09-30,3484.8,C10073,PR004028,1615,Betalingen onderweg,21624
2016-09-30,295.24,C10073,VK002206,1615,Betalingen onderweg,21625
2016-09-30,2173.16,C10075,VK002178,1615,Betalingen onderweg,21626
2016-09-30,671.55,C10080,VK002207,1615,Betalingen onderweg,21627
2016-09-30,968,C10082,PR003930,1615,Betalingen onderweg,21628
2016-09-30,2662,C10090,PR004037,1615,Betalingen onderweg,21629
2016-09-30,7356.8,C10093,PR004039,1615,Betalingen onderweg,21630
2016-09-30,2516.8,C10100,PR004042,1615,Betalingen onderweg,21631
2016-09-30,2704.35,C10100,VK002180,1615,Betalingen onderweg,21632
2016-09-30,1064.8,C10104,PR004044,1615,Betalingen onderweg,21633
2016-09-30,2420,C10111,PR004047,1615,Betalingen onderweg,21634
2016-09-30,4791.6,C10115,PR004050,1615,Betalingen onderweg,21635
2016-09-30,9462.2,C10124,PR004054,1615,Betalingen onderweg,21636
2016-09-30,2940.3,C10124,VK002212,1615,Betalingen onderweg,21637
2016-09-30,358.16,C10133,VK002214,1615,Betalingen onderweg,21638
2016-09-30,3799.4,C10139,PR004060,1615,Betalingen onderweg,21639
2016-09-30,29.95,C10139,VK002187,1615,Betalingen onderweg,21640
2016-09-30,1064.8,C10140,PR003960,1615,Betalingen onderweg,21641
2016-09-30,87.12,C10140,VK002150,1615,Betalingen onderweg,21642
2016-09-30,707.85,C10140,VK002188,1615,Betalingen onderweg,21643
2016-09-30,6098.4,C10148,PR004065,1615,Betalingen onderweg,21644
2016-09-30,1815,C10158,PR004070,1615,Betalingen onderweg,21645
2016-09-30,2286.03,C10167,VK002169,1615,Betalingen onderweg,21646
2016-09-30,1936,C10170,PR004073,1615,Betalingen onderweg,21647
2016-09-30,385.99,C10181,VK002220,1615,Betalingen onderweg,21648
2016-09-30,1929.95,C10185,CU000896,1615,Betalingen onderweg,21649
2016-09-30,7163.2,C10185,PR003971,1615,Betalingen onderweg,21650
2016-09-30,5759.6,C10185,PR004074,1615,Betalingen onderweg,21651
2016-09-30,9982.5,C10186,PR004075,1615,Betalingen onderweg,21652
2016-09-30,2516.8,C10007,PR003976,1615,Betalingen onderweg,21653
2016-09-30,1306.8,C10013,PR003981,1615,Betalingen onderweg,21654
2016-09-30,1547.47,C10013,VK002172,1615,Betalingen onderweg,21655
2016-09-30,1464.46,C10013,VK002195,1615,Betalingen onderweg,21656
2016-09-30,6759.06,C10014,VK002173,1615,Betalingen onderweg,21657
2016-09-30,2758.8,C10016,PR003983,1615,Betalingen onderweg,21658
2016-09-30,2420,C10018,PR003985,1615,Betalingen onderweg,21659
2016-09-30,1306.8,C10022,PR003889,1615,Betalingen onderweg,21660
2016-09-30,3630,C10023,PR003890,1615,Betalingen onderweg,21661
2016-09-30,2516.8,C10024,PR003989,1615,Betalingen onderweg,21662
2016-09-30,1306.8,C10025,PR003990,1615,Betalingen onderweg,21663
2016-09-30,3726.8,C10028,PR003992,1615,Betalingen onderweg,21664
2016-09-30,1064.8,C10033,PR003996,1615,Betalingen onderweg,21665
2016-09-30,4065.6,C10039,PR004002,1615,Betalingen onderweg,21666
2016-09-30,3315.4,C10043,PR004006,1615,Betalingen onderweg,21667
2016-09-30,3484.8,C10044,PR004007,1615,Betalingen onderweg,21668
2016-09-30,4859.31,C10044,VK002175,1615,Betalingen onderweg,21669
2016-09-30,2178,C10045,PR004008,1615,Betalingen onderweg,21670
2016-09-30,58.08,C10045,VK002198,1615,Betalingen onderweg,21671
2016-09-30,1433.85,C10046,CU000869,1615,Betalingen onderweg,21672
2016-09-30,3581.6,C10046,PR003910,1615,Betalingen onderweg,21673
2016-09-30,9970.4,C10050,PR004013,1615,Betalingen onderweg,21674
2016-09-30,1210,C10055,PR004017,1615,Betalingen onderweg,21675
2016-09-30,4936.8,C10056,PR004018,1615,Betalingen onderweg,21676
2016-09-30,2129.6,C10057,PR004019,1615,Betalingen onderweg,21677
2016-09-30,50.82,C10057,VK002176,1615,Betalingen onderweg,21678
2016-09-30,2274.8,C10058,PR003919,1615,Betalingen onderweg,21679
2016-09-30,4954.95,C10066,CU000881,1615,Betalingen onderweg,21680
2016-09-30,4452.8,C10069,PR004025,1615,Betalingen onderweg,21681
2016-09-30,1119.25,C10078,VK002124,1615,Betalingen onderweg,21682
2016-09-30,2274.8,C10085,PR004032,1615,Betalingen onderweg,21683
2016-09-30,5420.8,C10085,VK002209,1615,Betalingen onderweg,21684
2016-09-30,4694.8,C10087,PR004034,1615,Betalingen onderweg,21685
2016-09-30,1306.8,C10096,PR004041,1615,Betalingen onderweg,21686
2016-09-30,3823.6,C10101,PR004043,1615,Betalingen onderweg,21687
2016-09-30,65.34,C10101,VK002181,1615,Betalingen onderweg,21688
2016-09-30,1815,C10110,VK002183,1615,Betalingen onderweg,21689
2016-09-30,3242.8,C10116,PR003949,1615,Betalingen onderweg,21690
2016-09-30,251.68,C10116,VK002185,1615,Betalingen onderweg,21691
2016-09-30,3484.8,C10119,PR004052,1615,Betalingen onderweg,21692
2016-09-30,145.2,C10119,VK002210,1615,Betalingen onderweg,21693
2016-09-30,477.95,C10120,CU000890,1615,Betalingen onderweg,21694
2016-09-30,1905.75,C10120,VK002168,1615,Betalingen onderweg,21695
2016-09-30,3872,C10122,PR004053,1615,Betalingen onderweg,21696
2016-09-30,123.42,C10122,VK002186,1615,Betalingen onderweg,21697
2016-09-30,29.95,C10122,VK002211,1615,Betalingen onderweg,21698
2016-09-30,1064.8,C10134,PR004057,1615,Betalingen onderweg,21699
2016-09-30,6727.6,C10137,PR004058,1615,Betalingen onderweg,21700
2016-09-30,3847.8,C10142,VK002151,1615,Betalingen onderweg,21701
2016-09-30,2178,C10153,PR004067,1615,Betalingen onderweg,21702
2016-09-30,3484.8,C10155,PR004068,1615,Betalingen onderweg,21703
2016-09-30,6098.4,C10157,PR003967,1615,Betalingen onderweg,21704
2016-09-30,2359.5,C10169,PR004072,1615,Betalingen onderweg,21705
2016-09-30,359.98,C10179,VK002156,1615,Betalingen onderweg,21706
2016-10-17,-17889.85,S50013,IK000687,1615,Betalingen onderweg,22341
2016-10-17,-2255.25,S50028,IG000557,1615,Betalingen onderweg,22342
2016-10-17,-912.15,S50028,IG000558,1615,Betalingen onderweg,22343
2016-10-17,-1916.64,S50029,IG000555,1615,Betalingen onderweg,22344
2016-10-17,-2054.58,S50029,IG000565,1615,Betalingen onderweg,22345
2016-10-17,-516.19,S50030,IG000553,1615,Betalingen onderweg,22346
2016-10-17,-1377.28,S50030,IG000554,1615,Betalingen onderweg,22347
2016-10-17,-66.55,S50031,IG000549,1615,Betalingen onderweg,22348
2016-10-17,-8949.74,S50031,IG000550,1615,Betalingen onderweg,22349
2016-10-17,-12667.42,S50031,IG000566,1615,Betalingen onderweg,22350
2016-10-17,-885.72,S50032,IG000552,1615,Betalingen onderweg,22351
2016-10-17,-885.72,S50032,IG000562,1615,Betalingen onderweg,22352
2016-10-17,-121,S50034,IG000548,1615,Betalingen onderweg,22353
2016-10-17,-3219.81,S50034,IG000559,1615,Betalingen onderweg,22354
2016-10-17,-3647.42,S50034,IG000561,1615,Betalingen onderweg,22355
2016-10-17,-9574,S50034,IG000564,1615,Betalingen onderweg,22356
2016-10-17,-937.6,S50035,IH000025,1615,Betalingen onderweg,22357
2016-10-17,-1335.43,S50035,IH000028,1615,Betalingen onderweg,22358
2016-10-17,-634.71,S50035,IH000030,1615,Betalingen onderweg,22359
2016-10-17,-901.45,S50036,IK000686,1615,Betalingen onderweg,22360
2016-10-17,-905.87,S50039,IK000679,1615,Betalingen onderweg,22361
2016-10-17,-405.05,S51306,IH000026,1615,Betalingen onderweg,22362
2016-10-17,-199.65,S51306,IH000027,1615,Betalingen onderweg,22363
2016-10-17,-582.8,S52224,IK000685,1615,Betalingen onderweg,22364
2016-10-17,112.41,C10005,AB001484,1615,Betalingen onderweg,22365
2016-10-17,3012.9,C10005,PR004077,1615,Betalingen onderweg,22366
2016-10-17,680.02,C10005,VK002225,1615,Betalingen onderweg,22367
2016-10-17,9.62,C10009,AB001486,1615,Betalingen onderweg,22368
2016-10-17,1191.85,C10009,CU000899,1615,Betalingen onderweg,22369
2016-10-17,4186.6,C10009,PR004080,1615,Betalingen onderweg,22370
2016-10-17,359.98,C10009,VK002244,1615,Betalingen onderweg,22371
2016-10-17,1694,C10026,PR004093,1615,Betalingen onderweg,22372
2016-10-17,72.54,C10027,AB001495,1615,Betalingen onderweg,22373
2016-10-17,4694.8,C10027,PR004094,1615,Betalingen onderweg,22374
2016-10-17,600.16,C10027,VK002247,1615,Betalingen onderweg,22375
2016-10-17,28.86,C10035,AB001499,1615,Betalingen onderweg,22376
2016-10-17,1306.8,C10035,PR003998,1615,Betalingen onderweg,22377
2016-10-17,72.54,C10036,AB001500,1615,Betalingen onderweg,22378
2016-10-17,2274.8,C10036,PR003999,1615,Betalingen onderweg,22379
2016-10-17,28.86,C10037,AB001501,1615,Betalingen onderweg,22380
2016-10-17,3630,C10037,PR004102,1615,Betalingen onderweg,22381
2016-10-17,1597.2,C10037,VK002250,1615,Betalingen onderweg,22382
2016-10-17,1331,C10040,CU000907,1615,Betalingen onderweg,22383
2016-10-17,4065.6,C10040,PR004104,1615,Betalingen onderweg,22384
2016-10-17,359.98,C10040,VK002230,1615,Betalingen onderweg,22385
2016-10-17,72.54,C10041,AB001502,1615,Betalingen onderweg,22386
2016-10-17,3678.4,C10041,PR004004,1615,Betalingen onderweg,22387
2016-10-17,1064.8,C10051,PR004014,1615,Betalingen onderweg,22388
2016-10-17,36.24,C10054,AB001510,1615,Betalingen onderweg,22389
2016-10-17,217.62,C10054,AB001511,1615,Betalingen onderweg,22390
2016-10-17,2516.8,C10054,PR004016,1615,Betalingen onderweg,22391
2016-10-17,3726.8,C10059,PR004119,1615,Betalingen onderweg,22392
2016-10-17,1899.7,C10059,VK002232,1615,Betalingen onderweg,22393
2016-10-17,72.54,C10064,AB001518,1615,Betalingen onderweg,22394
2016-10-17,1331,C10064,CU000920,1615,Betalingen onderweg,22395
2016-10-17,2371.6,C10064,PR004122,1615,Betalingen onderweg,22396
2016-10-17,60.44,C10065,AB001519,1615,Betalingen onderweg,22397
2016-10-17,120.88,C10065,AB001520,1615,Betalingen onderweg,22398
2016-10-17,36.24,C10068,AB001522,1615,Betalingen onderweg,22399
2016-10-17,3000.8,C10068,PR004123,1615,Betalingen onderweg,22400
2016-10-17,2662,C10070,PR004125,1615,Betalingen onderweg,22401
2016-10-17,72.54,C10071,AB001523,1615,Betalingen onderweg,22402
2016-10-17,1191.85,C10071,CU000922,1615,Betalingen onderweg,22403
2016-10-17,148.23,C10071,VK002233,1615,Betalingen onderweg,22404
2016-10-17,1210,C10072,PR004126,1615,Betalingen onderweg,22405
2016-10-17,3920.4,C10073,PR004127,1615,Betalingen onderweg,22406
2016-10-17,598.95,C10077,VK002234,1615,Betalingen onderweg,22407
2016-10-17,308.37,C10080,AB001526,1615,Betalingen onderweg,22408
2016-10-17,6243.6,C10082,PR004030,1615,Betalingen onderweg,22409
2016-10-17,1064.8,C10090,PR004136,1615,Betalingen onderweg,22410
2016-10-17,2274.8,C10093,PR004138,1615,Betalingen onderweg,22411
2016-10-17,3872,C10100,PR004141,1615,Betalingen onderweg,22412
2016-10-17,254.1,C10103,VK002257,1615,Betalingen onderweg,22413
2016-10-17,1452,C10104,PR004143,1615,Betalingen onderweg,22414
2016-10-17,3242.8,C10111,PR004146,1615,Betalingen onderweg,22415
2016-10-17,5420.8,C10115,PR004149,1615,Betalingen onderweg,22416
2016-10-17,514.25,C10118,VK002240,1615,Betalingen onderweg,22417
2016-10-17,4307.6,C10124,PR004154,1615,Betalingen onderweg,22418
2016-10-17,901.45,C10127,VK002262,1615,Betalingen onderweg,22419
2016-10-17,72.54,C10136,AB001553,1615,Betalingen onderweg,22420
2016-10-17,2178,C10136,PR004158,1615,Betalingen onderweg,22421
2016-10-17,72.54,C10139,AB001554,1615,Betalingen onderweg,22422
2016-10-17,2099.35,C10139,CU000927,1615,Betalingen onderweg,22423
2016-10-17,3968.8,C10139,PR004161,1615,Betalingen onderweg,22424
2016-10-17,72.54,C10140,AB001555,1615,Betalingen onderweg,22425
2016-10-17,28.86,C10140,AB001556,1615,Betalingen onderweg,22426
2016-10-17,2516.8,C10140,PR004061,1615,Betalingen onderweg,22427
2016-10-17,4743.2,C10148,PR004165,1615,Betalingen onderweg,22428
2016-10-17,52.03,C10148,VK002241,1615,Betalingen onderweg,22429
2016-10-17,60.44,C10150,AB001561,1615,Betalingen onderweg,22430
2016-10-17,3968.8,C10150,PR004066,1615,Betalingen onderweg,22431
2016-10-17,4307.6,C10158,PR004169,1615,Betalingen onderweg,22432
2016-10-17,1082.95,C10167,CU000932,1615,Betalingen onderweg,22433
2016-10-17,28.86,C10170,AB001568,1615,Betalingen onderweg,22434
2016-10-17,1107.15,C10170,CU000933,1615,Betalingen onderweg,22435
2016-10-17,2516.8,C10170,PR004172,1615,Betalingen onderweg,22436
2016-10-17,82.16,C10181,AB001571,1615,Betalingen onderweg,22437
2016-10-17,72.54,C10185,AB001572,1615,Betalingen onderweg,22438
2016-10-17,907.5,C10185,CU000934,1615,Betalingen onderweg,22439
2016-10-17,12196.8,C10185,PR004173,1615,Betalingen onderweg,22440
2016-10-17,60.44,C10186,AB001573,1615,Betalingen onderweg,22441
2016-10-17,853.05,C10186,CU000935,1615,Betalingen onderweg,22442
2016-10-17,8082.8,C10186,PR004174,1615,Betalingen onderweg,22443
2016-10-17,155,C10002,VK002243,1615,Betalingen onderweg,22444
2016-10-17,82.16,C10007,AB001485,1615,Betalingen onderweg,22445
2016-10-17,6001.6,C10013,PR004084,1615,Betalingen onderweg,22446
2016-10-17,907.5,C10014,CU000901,1615,Betalingen onderweg,22447
2016-10-17,3968.8,C10014,PR004085,1615,Betalingen onderweg,22448
2016-10-17,529.38,C10016,VK002246,1615,Betalingen onderweg,22449
2016-10-17,1028.5,C10018,AB001490,1615,Betalingen onderweg,22450
2016-10-17,4694.8,C10018,PR004087,1615,Betalingen onderweg,22451
2016-10-17,50.82,C10018,VK002227,1615,Betalingen onderweg,22452
2016-10-17,1064.8,C10022,PR003987,1615,Betalingen onderweg,22453
2016-10-17,1306.8,C10023,PR003988,1615,Betalingen onderweg,22454
2016-10-17,598.95,C10023,VK002197,1615,Betalingen onderweg,22455
2016-10-17,4888.4,C10024,PR004091,1615,Betalingen onderweg,22456
2016-10-17,2129.6,C10025,PR004092,1615,Betalingen onderweg,22457
2016-10-17,82.16,C10028,AB001496,1615,Betalingen onderweg,22458
2016-10-17,6413,C10028,PR004095,1615,Betalingen onderweg,22459
2016-10-17,1321.26,C10028,VK002248,1615,Betalingen onderweg,22460
2016-10-17,36.24,C10043,AB001503,1615,Betalingen onderweg,22461
2016-10-17,968,C10043,PR004107,1615,Betalingen onderweg,22462
2016-10-17,870.47,C10044,AB001504,1615,Betalingen onderweg,22463
2016-10-17,1107.15,C10044,CU000909,1615,Betalingen onderweg,22464
2016-10-17,3484.8,C10044,PR004108,1615,Betalingen onderweg,22465
2016-10-17,1082.95,C10045,CU000910,1615,Betalingen onderweg,22466
2016-10-17,3388,C10045,PR004109,1615,Betalingen onderweg,22467
2016-10-17,2637.8,C10046,PR004009,1615,Betalingen onderweg,22468
2016-10-17,2376.44,C10046,VK002199,1615,Betalingen onderweg,22469
2016-10-17,10139.8,C10050,PR004113,1615,Betalingen onderweg,22470
2016-10-17,1064.8,C10055,PR004116,1615,Betalingen onderweg,22471
2016-10-17,72.54,C10056,AB001512,1615,Betalingen onderweg,22472
2016-10-17,5082,C10056,PR004117,1615,Betalingen onderweg,22473
2016-10-17,3680.82,C10056,VK002231,1615,Betalingen onderweg,22474
2016-10-17,1107.15,C10057,CU000916,1615,Betalingen onderweg,22475
2016-10-17,4356,C10057,PR004118,1615,Betalingen onderweg,22476
2016-10-17,137.58,C10058,AB001513,1615,Betalingen onderweg,22477
2016-10-17,2879.8,C10058,PR004020,1615,Betalingen onderweg,22478
2016-10-17,72.54,C10062,AB001516,1615,Betalingen onderweg,22479
2016-10-17,1990.45,C10062,CU000918,1615,Betalingen onderweg,22480
2016-10-17,2044.9,C10066,VK002205,1615,Betalingen onderweg,22481
2016-10-17,72.54,C10067,AB001521,1615,Betalingen onderweg,22482
2016-10-17,968,C10069,PR004124,1615,Betalingen onderweg,22483
2016-10-17,1306.8,C10085,PR004132,1615,Betalingen onderweg,22484
2016-10-17,72.54,C10087,AB001531,1615,Betalingen onderweg,22485
2016-10-17,2371.6,C10087,PR004133,1615,Betalingen onderweg,22486
2016-10-17,2189.13,C10087,VK002237,1615,Betalingen onderweg,22487
2016-10-17,907.5,C10096,PR004140,1615,Betalingen onderweg,22488
2016-10-17,1880.34,C10096,VK002255,1615,Betalingen onderweg,22489
2016-10-17,870.47,C10101,AB001535,1615,Betalingen onderweg,22490
2016-10-17,4840,C10101,PR004142,1615,Betalingen onderweg,22491
2016-10-17,72.54,C10116,AB001543,1615,Betalingen onderweg,22492
2016-10-17,907.5,C10119,CU000923,1615,Betalingen onderweg,22493
2016-10-17,968,C10119,PR004152,1615,Betalingen onderweg,22494
2016-10-17,60.44,C10122,AB001547,1615,Betalingen onderweg,22495
2016-10-17,1082.95,C10122,CU000925,1615,Betalingen onderweg,22496
2016-10-17,6146.8,C10122,PR004153,1615,Betalingen onderweg,22497
2016-10-17,42.35,C10129,AB001548,1615,Betalingen onderweg,22498
2016-10-17,3146,C10134,PR004157,1615,Betalingen onderweg,22499
2016-10-17,2843.5,C10137,PR004159,1615,Betalingen onderweg,22500
2016-10-17,115.43,C10142,AB001557,1615,Betalingen onderweg,22501
2016-10-17,907.5,C10147,CU000930,1615,Betalingen onderweg,22502
2016-10-17,263.18,C10147,VK002266,1615,Betalingen onderweg,22503
2016-10-17,1306.8,C10155,PR004167,1615,Betalingen onderweg,22504
2016-10-17,82.16,C10157,AB001564,1615,Betalingen onderweg,22505
2016-10-17,9244.4,C10157,PR004069,1615,Betalingen onderweg,22506
2016-10-17,2274.8,C10169,PR004171,1615,Betalingen onderweg,22507
2016-10-17,225.06,C10174,VK002242,1615,Betalingen onderweg,22508
2016-10-17,33.28,C10180,VK002135,1615,Betalingen onderweg,22509
2016-10-31,-106970,S50001,BL000047,1615,Betalingen onderweg,22523
2016-10-31,-122030,S50001,BL000048,1615,Betalingen onderweg,22524
2016-10-31,-3638.47,S50002,IK000695,1615,Betalingen onderweg,22525
2016-10-31,-619.7,S50012,IG000573,1615,Betalingen onderweg,22526
2016-10-31,-385.87,S50012,IG000578,1615,Betalingen onderweg,22527
2016-10-31,-54635.9,S50014,IK000692,1615,Betalingen onderweg,22528
2016-10-31,-459.8,S50016,IG000575,1615,Betalingen onderweg,22529
2016-10-31,-574.75,S50016,IG000580,1615,Betalingen onderweg,22530
2016-10-31,-10841.16,S50024,IG000568,1615,Betalingen onderweg,22531
2016-10-31,-11516.78,S50024,IG000582,1615,Betalingen onderweg,22532
2016-10-31,-1574.21,S50026,IK000690,1615,Betalingen onderweg,22533
2016-10-31,-1526.42,S50027,IK000698,1615,Betalingen onderweg,22534
2016-10-31,-1465.46,S50033,IK000696,1615,Betalingen onderweg,22535
2016-10-31,-1357.05,S50033,IK000697,1615,Betalingen onderweg,22536
2016-10-31,-115.49,S50039,IK000691,1615,Betalingen onderweg,22537
2016-10-31,-1799.27,S50040,IK000688,1615,Betalingen onderweg,22538
2016-10-31,-664.97,S52224,IK000694,1615,Betalingen onderweg,22539
2016-10-31,-322.9,S54994,IK000693,1615,Betalingen onderweg,22540
2016-10-31,1452,C10005,PR004176,1615,Betalingen onderweg,22541
2016-10-31,5082,C10009,PR004179,1615,Betalingen onderweg,22542
2016-10-31,2274.8,C10026,PR004194,1615,Betalingen onderweg,22543
2016-10-31,3823.6,C10027,PR004195,1615,Betalingen onderweg,22544
2016-10-31,1210,C10035,PR004100,1615,Betalingen onderweg,22545
2016-10-31,1331,C10036,CU000905,1615,Betalingen onderweg,22546
2016-10-31,2516.8,C10036,PR004101,1615,Betalingen onderweg,22547
2016-10-31,2516.8,C10037,PR004204,1615,Betalingen onderweg,22548
2016-10-31,3242.8,C10040,PR004207,1615,Betalingen onderweg,22549
2016-10-31,31.46,C10040,VK002273,1615,Betalingen onderweg,22550
2016-10-31,907.5,C10041,CU000908,1615,Betalingen onderweg,22551
2016-10-31,6485.6,C10041,PR004105,1615,Betalingen onderweg,22552
2016-10-31,853.05,C10051,CU000914,1615,Betalingen onderweg,22553
2016-10-31,2178,C10051,PR004114,1615,Betalingen onderweg,22554
2016-10-31,2522.85,C10054,CU000915,1615,Betalingen onderweg,22555
2016-10-31,1343.1,C10059,VK002278,1615,Betalingen onderweg,22556
2016-10-31,1306.8,C10064,PR004224,1615,Betalingen onderweg,22557
2016-10-31,1064.8,C10068,PR004225,1615,Betalingen onderweg,22558
2016-10-31,4694.8,C10070,PR004227,1615,Betalingen onderweg,22559
2016-10-31,456.17,C10070,VK002279,1615,Betalingen onderweg,22560
2016-10-31,112.95,C10071,VK002304,1615,Betalingen onderweg,22561
2016-10-31,1064.8,C10072,PR004228,1615,Betalingen onderweg,22562
2016-10-31,1936,C10073,PR004229,1615,Betalingen onderweg,22563
2016-10-31,17.97,C10080,VK002281,1615,Betalingen onderweg,22564
2016-10-31,2662,C10082,PR004130,1615,Betalingen onderweg,22565
2016-10-31,272.25,C10082,VK002254,1615,Betalingen onderweg,22566
2016-10-31,2274.8,C10090,PR004239,1615,Betalingen onderweg,22567
2016-10-31,3388,C10093,PR004241,1615,Betalingen onderweg,22568
2016-10-31,191.18,C10093,VK002282,1615,Betalingen onderweg,22569
2016-10-31,3388,C10100,PR004244,1615,Betalingen onderweg,22570
2016-10-31,2129.6,C10104,PR004246,1615,Betalingen onderweg,22571
2016-10-31,3968.8,C10111,PR004249,1615,Betalingen onderweg,22572
2016-10-31,1306.8,C10115,PR004252,1615,Betalingen onderweg,22573
2016-10-31,2516.8,C10124,PR004257,1615,Betalingen onderweg,22574
2016-10-31,5178.8,C10136,PR004261,1615,Betalingen onderweg,22575
2016-10-31,7367.69,C10136,VK002312,1615,Betalingen onderweg,22576
2016-10-31,2117.5,C10139,PR004264,1615,Betalingen onderweg,22577
2016-10-31,1331,C10140,CU000928,1615,Betalingen onderweg,22578
2016-10-31,2371.6,C10148,PR004268,1615,Betalingen onderweg,22579
2016-10-31,5638.6,C10150,PR004166,1615,Betalingen onderweg,22580
2016-10-31,1875.5,C10158,PR004273,1615,Betalingen onderweg,22581
2016-10-31,186.34,C10167,VK002294,1615,Betalingen onderweg,22582
2016-10-31,1470.15,C10167,VK002295,1615,Betalingen onderweg,22583
2016-10-31,3897.41,C10170,PR004276,1615,Betalingen onderweg,22584
2016-10-31,17.97,C10181,VK002296,1615,Betalingen onderweg,22585
2016-10-31,6292,C10185,PR004277,1615,Betalingen onderweg,22586
2016-10-31,6630.8,C10186,PR004278,1615,Betalingen onderweg,22587
2016-10-31,2904,C10007,PR004178,1615,Betalingen onderweg,22588
2016-10-31,6843.25,C10007,VK002299,1615,Betalingen onderweg,22589
2016-10-31,5432.9,C10013,PR004183,1615,Betalingen onderweg,22590
2016-10-31,4598,C10014,PR004184,1615,Betalingen onderweg,22591
2016-10-31,1297.42,C10014,VK002300,1615,Betalingen onderweg,22592
2016-10-31,3630,C10016,PR004186,1615,Betalingen onderweg,22593
2016-10-31,1331,C10022,CU000902,1615,Betalingen onderweg,22594
2016-10-31,968,C10023,PR004090,1615,Betalingen onderweg,22595
2016-10-31,1306.8,C10024,PR004192,1615,Betalingen onderweg,22596
2016-10-31,2516.8,C10025,PR004193,1615,Betalingen onderweg,22597
2016-10-31,3339.6,C10028,PR004196,1615,Betalingen onderweg,22598
2016-10-31,1210,C10033,PR004200,1615,Betalingen onderweg,22599
2016-10-31,2371.6,C10039,PR004206,1615,Betalingen onderweg,22600
2016-10-31,5856.4,C10043,PR004210,1615,Betalingen onderweg,22601
2016-10-31,205.7,C10043,VK002275,1615,Betalingen onderweg,22602
2016-10-31,1936,C10045,PR004211,1615,Betalingen onderweg,22603
2016-10-31,853.05,C10046,CU000911,1615,Betalingen onderweg,22604
2016-10-31,2758.8,C10046,PR004110,1615,Betalingen onderweg,22605
2016-10-31,6388.8,C10050,PR004216,1615,Betalingen onderweg,22606
2016-10-31,2025.54,C10050,VK002276,1615,Betalingen onderweg,22607
2016-10-31,2371.6,C10055,PR004220,1615,Betalingen onderweg,22608
2016-10-31,119.79,C10055,VK002277,1615,Betalingen onderweg,22609
2016-10-31,2153.8,C10056,PR004221,1615,Betalingen onderweg,22610
2016-10-31,853.05,C10058,CU000917,1615,Betalingen onderweg,22611
2016-10-31,1331,C10066,CU000921,1615,Betalingen onderweg,22612
2016-10-31,3484.8,C10069,PR004226,1615,Betalingen onderweg,22613
2016-10-31,1331,C10078,VK002235,1615,Betalingen onderweg,22614
2016-10-31,1210,C10085,PR004234,1615,Betalingen onderweg,22615
2016-10-31,6388.8,C10087,PR004236,1615,Betalingen onderweg,22616
2016-10-31,1306.8,C10096,PR004243,1615,Betalingen onderweg,22617
2016-10-31,3218.6,C10101,PR004245,1615,Betalingen onderweg,22618
2016-10-31,726,C10116,PR004150,1615,Betalingen onderweg,22619
2016-10-31,1452,C10119,PR004255,1615,Betalingen onderweg,22620
2016-10-31,1107.15,C10120,CU000924,1615,Betalingen onderweg,22621
2016-10-31,2274.8,C10122,PR004256,1615,Betalingen onderweg,22622
2016-10-31,1266.87,C10129,VK002286,1615,Betalingen onderweg,22623
2016-10-31,1742.4,C10134,PR004260,1615,Betalingen onderweg,22624
2016-10-31,635.25,C10134,VK002287,1615,Betalingen onderweg,22625
2016-10-31,313.39,C10134,VK002288,1615,Betalingen onderweg,22626
2016-10-31,7308.4,C10137,PR004262,1615,Betalingen onderweg,22627
2016-10-31,907.5,C10142,CU000929,1615,Betalingen onderweg,22628
2016-10-31,907.8,C10142,VK002264,1615,Betalingen onderweg,22629
2016-10-31,1452,C10153,PR004270,1615,Betalingen onderweg,22630
2016-10-31,359.37,C10153,VK002314,1615,Betalingen onderweg,22631
2016-10-31,3242.8,C10155,PR004271,1615,Betalingen onderweg,22632
2016-10-31,1306.8,C10157,PR004168,1615,Betalingen onderweg,22633
2016-10-31,1306.8,C10169,PR004275,1615,Betalingen onderweg,22634
2016-10-31,152.46,C10169,VK002317,1615,Betalingen onderweg,22635
2016-10-31,689.7,C10179,VK002267,1615,Betalingen onderweg,22636
2016-10-31,1270.5,C10183,VK002171,1615,Betalingen onderweg,22637
2016-11-24,-3638.47,S50002,IK000715,1615,Betalingen onderweg,23320
2016-11-24,-300.62,S50003,IK000707,1615,Betalingen onderweg,23321
2016-11-24,-1240.25,S50004,IK000702,1615,Betalingen onderweg,23322
2016-11-24,-3909,S50011,IK000710,1615,Betalingen onderweg,23323
2016-11-24,-783.5,S50011,IK000711,1615,Betalingen onderweg,23324
2016-11-24,-791,S50011,IK000712,1615,Betalingen onderweg,23325
2016-11-24,-415.83,S50015,IK000703,1615,Betalingen onderweg,23326
2016-11-24,-365.15,S50021,IK000706,1615,Betalingen onderweg,23327
2016-11-24,-320.77,S50023,IK000704,1615,Betalingen onderweg,23328
2016-11-24,-1708.13,S50028,IG000571,1615,Betalingen onderweg,23329
2016-11-24,-1043.12,S50028,IG000576,1615,Betalingen onderweg,23330
2016-11-24,-392.04,S50029,IG000577,1615,Betalingen onderweg,23331
2016-11-24,-5597.46,S50029,IG000584,1615,Betalingen onderweg,23332
2016-11-24,-1189.73,S50030,IG000569,1615,Betalingen onderweg,23333
2016-11-24,-676.87,S50030,IG000574,1615,Betalingen onderweg,23334
2016-11-24,-8919.36,S50031,IG000570,1615,Betalingen onderweg,23335
2016-11-24,-45.38,S50031,IG000572,1615,Betalingen onderweg,23336
2016-11-24,-8239.14,S50031,IG000583,1615,Betalingen onderweg,23337
2016-11-24,-1476.2,S50032,IG000581,1615,Betalingen onderweg,23338
2016-11-24,-7086.73,S50034,IG000579,1615,Betalingen onderweg,23339
2016-11-24,-14190.4,S50034,IG000585,1615,Betalingen onderweg,23340
2016-11-24,-887.92,S50035,IK000700,1615,Betalingen onderweg,23341
2016-11-24,-164.08,S50037,IK000709,1615,Betalingen onderweg,23342
2016-11-24,-378,S50500,IK000701,1615,Betalingen onderweg,23343
2016-11-24,-332.75,S51306,IH000029,1615,Betalingen onderweg,23344
2016-11-24,-715.11,S51306,IH000032,1615,Betalingen onderweg,23345
2016-11-24,-646.06,S52224,IK000714,1615,Betalingen onderweg,23346
2016-11-24,-719.04,S52412,IK000708,1615,Betalingen onderweg,23347
2016-11-24,-4657.5,S58231,IK000699,1615,Betalingen onderweg,23348
2016-11-24,-751.4,S58981,IK000705,1615,Betalingen onderweg,23349
2016-11-24,112.41,C10005,AB001574,1615,Betalingen onderweg,23350
2016-11-24,5033.6,C10005,PR004280,1615,Betalingen onderweg,23351
2016-11-24,1062.38,C10005,VK002318,1615,Betalingen onderweg,23352
2016-11-24,9.62,C10009,AB001576,1615,Betalingen onderweg,23353
2016-11-24,5856.4,C10009,PR004284,1615,Betalingen onderweg,23354
2016-11-24,1095.05,C10026,CU000940,1615,Betalingen onderweg,23355
2016-11-24,3581.6,C10026,PR004299,1615,Betalingen onderweg,23356
2016-11-24,72.54,C10027,AB001584,1615,Betalingen onderweg,23357
2016-11-24,477.95,C10027,CU000941,1615,Betalingen onderweg,23358
2016-11-24,152.46,C10027,VK002353,1615,Betalingen onderweg,23359
2016-11-24,3823.6,C10035,PR004202,1615,Betalingen onderweg,23360
2016-11-24,853.05,C10035,VK002354,1615,Betalingen onderweg,23361
2016-11-24,72.54,C10036,AB001588,1615,Betalingen onderweg,23362
2016-11-24,1234.2,C10036,PR004203,1615,Betalingen onderweg,23363
2016-11-24,359.98,C10036,VK002323,1615,Betalingen onderweg,23364
2016-11-24,1948.1,C10037,PR004308,1615,Betalingen onderweg,23365
2016-11-24,73.81,C10037,VK002375,1615,Betalingen onderweg,23366
2016-11-24,635.25,C10037,VK002376,1615,Betalingen onderweg,23367
2016-11-24,2105.4,C10040,PR004311,1615,Betalingen onderweg,23368
2016-11-24,72.54,C10041,AB001589,1615,Betalingen onderweg,23369
2016-11-24,2662,C10041,PR004208,1615,Betalingen onderweg,23370
2016-11-24,3448.5,C10041,VK002274,1615,Betalingen onderweg,23371
2016-11-24,3581.6,C10051,PR004217,1615,Betalingen onderweg,23372
2016-11-24,23.96,C10051,VK002326,1615,Betalingen onderweg,23373
2016-11-24,36.24,C10054,AB001595,1615,Betalingen onderweg,23374
2016-11-24,2178,C10054,PR004219,1615,Betalingen onderweg,23375
2016-11-24,2758.8,C10059,PR004328,1615,Betalingen onderweg,23376
2016-11-24,72.54,C10064,AB001601,1615,Betalingen onderweg,23377
2016-11-24,4065.6,C10064,PR004331,1615,Betalingen onderweg,23378
2016-11-24,60.44,C10065,AB001602,1615,Betalingen onderweg,23379
2016-11-24,60.44,C10065,AB001603,1615,Betalingen onderweg,23380
2016-11-24,36.24,C10068,AB001606,1615,Betalingen onderweg,23381
2016-11-24,477.95,C10068,CU000954,1615,Betalingen onderweg,23382
2016-11-24,2516.8,C10068,PR004332,1615,Betalingen onderweg,23383
2016-11-24,477.95,C10070,CU000955,1615,Betalingen onderweg,23384
2016-11-24,1306.8,C10070,PR004334,1615,Betalingen onderweg,23385
2016-11-24,72.54,C10071,AB001607,1615,Betalingen onderweg,23386
2016-11-24,477.95,C10071,CU000956,1615,Betalingen onderweg,23387
2016-11-24,127.05,C10072,AB001608,1615,Betalingen onderweg,23388
2016-11-24,4791.6,C10072,PR004335,1615,Betalingen onderweg,23389
2016-11-24,2704.35,C10072,VK002357,1615,Betalingen onderweg,23390
2016-11-24,870.47,C10073,AB001609,1615,Betalingen onderweg,23391
2016-11-24,968,C10073,PR004336,1615,Betalingen onderweg,23392
2016-11-24,313.05,C10075,VK002328,1615,Betalingen onderweg,23393
2016-11-24,477.95,C10077,CU000958,1615,Betalingen onderweg,23394
2016-11-24,508.2,C10080,AB001613,1615,Betalingen onderweg,23395
2016-11-24,477.95,C10080,CU000960,1615,Betalingen onderweg,23396
2016-11-24,1729.03,C10080,VK002358,1615,Betalingen onderweg,23397
2016-11-24,1161.6,C10081,VK002330,1615,Betalingen onderweg,23398
2016-11-24,1210,C10082,PR004232,1615,Betalingen onderweg,23399
2016-11-24,3339.6,C10090,PR004346,1615,Betalingen onderweg,23400
2016-11-24,6485.6,C10093,PR004347,1615,Betalingen onderweg,23401
2016-11-24,2583.27,C10093,VK002332,1615,Betalingen onderweg,23402
2016-11-24,811.31,C10095,VK002384,1615,Betalingen onderweg,23403
2016-11-24,217.62,C10100,AB001624,1615,Betalingen onderweg,23404
2016-11-24,2516.8,C10100,PR004350,1615,Betalingen onderweg,23405
2016-11-24,477.95,C10103,CU000964,1615,Betalingen onderweg,23406
2016-11-24,174.24,C10103,VK002335,1615,Betalingen onderweg,23407
2016-11-24,4452.8,C10104,PR004352,1615,Betalingen onderweg,23408
2016-11-24,446.49,C10104,VK002362,1615,Betalingen onderweg,23409
2016-11-24,3242.8,C10111,PR004355,1615,Betalingen onderweg,23410
2016-11-24,1452,C10115,PR004358,1615,Betalingen onderweg,23411
2016-11-24,1282.6,C10118,VK002337,1615,Betalingen onderweg,23412
2016-11-24,955.9,C10124,CU000967,1615,Betalingen onderweg,23413
2016-11-24,6824.4,C10124,PR004363,1615,Betalingen onderweg,23414
2016-11-24,101.64,C10127,VK002366,1615,Betalingen onderweg,23415
2016-11-24,188.58,C10133,VK002339,1615,Betalingen onderweg,23416
2016-11-24,72.54,C10136,AB001643,1615,Betalingen onderweg,23417
2016-11-24,1306.8,C10136,PR004367,1615,Betalingen onderweg,23418
2016-11-24,72.54,C10139,AB001644,1615,Betalingen onderweg,23419
2016-11-24,1210,C10139,PR004370,1615,Betalingen onderweg,23420
2016-11-24,72.54,C10140,AB001645,1615,Betalingen onderweg,23421
2016-11-24,1306.8,C10140,PR004265,1615,Betalingen onderweg,23422
2016-11-24,87.12,C10140,VK002367,1615,Betalingen onderweg,23423
2016-11-24,12051.6,C10148,PR004375,1615,Betalingen onderweg,23424
2016-11-24,60.44,C10150,AB001650,1615,Betalingen onderweg,23425
2016-11-24,5082,C10150,PR004269,1615,Betalingen onderweg,23426
2016-11-24,279.51,C10150,VK002313,1615,Betalingen onderweg,23427
2016-11-24,6098.4,C10158,PR004379,1615,Betalingen onderweg,23428
2016-11-24,58.08,C10158,VK002346,1615,Betalingen onderweg,23429
2016-11-24,477.95,C10170,CU000971,1615,Betalingen onderweg,23430
2016-11-24,1210,C10170,PR004382,1615,Betalingen onderweg,23431
2016-11-24,82.16,C10181,AB001660,1615,Betalingen onderweg,23432
2016-11-24,72.54,C10185,AB001662,1615,Betalingen onderweg,23433
2016-11-24,3218.6,C10185,PR004383,1615,Betalingen onderweg,23434
2016-11-24,60.44,C10186,AB001663,1615,Betalingen onderweg,23435
2016-11-24,4936.8,C10186,PR004384,1615,Betalingen onderweg,23436
2016-11-24,477.95,C10002,CU000937,1615,Betalingen onderweg,23437
2016-11-24,82.16,C10007,AB001575,1615,Betalingen onderweg,23438
2016-11-24,2480.5,C10007,PR004282,1615,Betalingen onderweg,23439
2016-11-24,362.64,C10013,AB001579,1615,Betalingen onderweg,23440
2016-11-24,3581.6,C10013,PR004288,1615,Betalingen onderweg,23441
2016-11-24,689.52,C10013,VK002319,1615,Betalingen onderweg,23442
2016-11-24,5420.8,C10014,PR004289,1615,Betalingen onderweg,23443
2016-11-24,1306.8,C10016,PR004291,1615,Betalingen onderweg,23444
2016-11-24,1028.5,C10018,AB001580,1615,Betalingen onderweg,23445
2016-11-24,1064.8,C10022,PR004190,1615,Betalingen onderweg,23446
2016-11-24,309.76,C10022,VK002321,1615,Betalingen onderweg,23447
2016-11-24,1064.8,C10023,PR004191,1615,Betalingen onderweg,23448
2016-11-24,2516.8,C10024,PR004297,1615,Betalingen onderweg,23449
2016-11-24,477.95,C10025,CU000939,1615,Betalingen onderweg,23450
2016-11-24,1306.8,C10025,PR004298,1615,Betalingen onderweg,23451
2016-11-24,82.28,C10025,VK002352,1615,Betalingen onderweg,23452
2016-11-24,82.16,C10028,AB001585,1615,Betalingen onderweg,23453
2016-11-24,5420.8,C10028,PR004300,1615,Betalingen onderweg,23454
2016-11-24,422.29,C10028,VK002322,1615,Betalingen onderweg,23455
2016-11-24,968,C10033,PR004304,1615,Betalingen onderweg,23456
2016-11-24,1573,C10039,CU000945,1615,Betalingen onderweg,23457
2016-11-24,3630,C10039,PR004310,1615,Betalingen onderweg,23458
2016-11-24,36.24,C10043,AB001590,1615,Betalingen onderweg,23459
2016-11-24,2758.8,C10043,PR004314,1615,Betalingen onderweg,23460
2016-11-24,72.54,C10044,AB001591,1615,Betalingen onderweg,23461
2016-11-24,6243.6,C10044,PR004315,1615,Betalingen onderweg,23462
2016-11-24,4452.8,C10045,PR004316,1615,Betalingen onderweg,23463
2016-11-24,3968.8,C10046,PR004212,1615,Betalingen onderweg,23464
2016-11-24,9244.4,C10050,PR004321,1615,Betalingen onderweg,23465
2016-11-24,72.54,C10056,AB001596,1615,Betalingen onderweg,23466
2016-11-24,2516.8,C10056,PR004325,1615,Betalingen onderweg,23467
2016-11-24,477.95,C10057,CU000951,1615,Betalingen onderweg,23468
2016-11-24,980.1,C10057,PR004326,1615,Betalingen onderweg,23469
2016-11-24,2516.8,C10058,PR004222,1615,Betalingen onderweg,23470
2016-11-24,6503.75,C10058,VK002302,1615,Betalingen onderweg,23471
2016-11-24,72.54,C10062,AB001599,1615,Betalingen onderweg,23472
2016-11-24,780.45,C10062,VK002355,1615,Betalingen onderweg,23473
2016-11-24,199.65,C10066,AB001604,1615,Betalingen onderweg,23474
2016-11-24,72.54,C10067,AB001605,1615,Betalingen onderweg,23475
2016-11-24,4307.6,C10069,PR004333,1615,Betalingen onderweg,23476
2016-11-24,211.75,C10069,VK002356,1615,Betalingen onderweg,23477
2016-11-24,724.06,C10078,VK002305,1615,Betalingen onderweg,23478
2016-11-24,1306.8,C10085,PR004341,1615,Betalingen onderweg,23479
2016-11-24,72.54,C10087,AB001619,1615,Betalingen onderweg,23480
2016-11-24,3388,C10087,PR004343,1615,Betalingen onderweg,23481
2016-11-24,870.47,C10096,AB001622,1615,Betalingen onderweg,23482
2016-11-24,968,C10096,PR004349,1615,Betalingen onderweg,23483
2016-11-24,151.25,C10096,VK002360,1615,Betalingen onderweg,23484
2016-11-24,72.54,C10101,AB001625,1615,Betalingen onderweg,23485
2016-11-24,4065.6,C10101,PR004351,1615,Betalingen onderweg,23486
2016-11-24,635.25,C10101,VK002334,1615,Betalingen onderweg,23487
2016-11-24,123.42,C10110,VK002336,1615,Betalingen onderweg,23488
2016-11-24,72.54,C10116,AB001633,1615,Betalingen onderweg,23489
2016-11-24,1064.8,C10116,PR004253,1615,Betalingen onderweg,23490
2016-11-24,1452,C10119,PR004361,1615,Betalingen onderweg,23491
2016-11-24,60.44,C10122,AB001636,1615,Betalingen onderweg,23492
2016-11-24,2032.8,C10122,PR004362,1615,Betalingen onderweg,23493
2016-11-24,9.68,C10122,VK002364,1615,Betalingen onderweg,23494
2016-11-24,181.32,C10129,AB001637,1615,Betalingen onderweg,23495
2016-11-24,42.35,C10129,AB001638,1615,Betalingen onderweg,23496
2016-11-24,477.95,C10129,CU000969,1615,Betalingen onderweg,23497
2016-11-24,3872,C10134,PR004366,1615,Betalingen onderweg,23498
2016-11-24,8760.4,C10137,PR004368,1615,Betalingen onderweg,23499
2016-11-24,1742.4,C10137,VK002340,1615,Betalingen onderweg,23500
2016-11-24,127.05,C10153,AB001652,1615,Betalingen onderweg,23501
2016-11-24,3581.6,C10155,PR004377,1615,Betalingen onderweg,23502
2016-11-24,2101.77,C10155,VK002345,1615,Betalingen onderweg,23503
2016-11-24,82.16,C10157,AB001654,1615,Betalingen onderweg,23504
2016-11-24,5614.4,C10157,PR004272,1615,Betalingen onderweg,23505
2016-11-24,378.13,C10157,VK002316,1615,Betalingen onderweg,23506
2016-11-24,28.86,C10169,AB001657,1615,Betalingen onderweg,23507
2016-11-24,2371.6,C10169,PR004381,1615,Betalingen onderweg,23508
2016-11-24,62.86,C10180,VK002268,1615,Betalingen onderweg,23509
2016-11-24,28.86,C10183,AB001661,1615,Betalingen onderweg,23510
2016-11-24,5431.69,C10183,VK002221,1615,Betalingen onderweg,23511
2016-11-30,-110626,S50001,BL000049,1615,Betalingen onderweg,23523
2016-11-30,-112542,S50001,BL000050,1615,Betalingen onderweg,23524
2016-11-30,-284.35,S50006,IK000727,1615,Betalingen onderweg,23525
2016-11-30,-1208,S50011,IK000719,1615,Betalingen onderweg,23526
2016-11-30,-253.25,S50012,IG000599,1615,Betalingen onderweg,23527
2016-11-30,-247.26,S50012,IG000601,1615,Betalingen onderweg,23528
2016-11-30,-53445.78,S50014,IK000716,1615,Betalingen onderweg,23529
2016-11-30,-535.81,S50015,IK000725,1615,Betalingen onderweg,23530
2016-11-30,-10016.09,S50024,IG000589,1615,Betalingen onderweg,23531
2016-11-30,-16521.44,S50024,IG000600,1615,Betalingen onderweg,23532
2016-11-30,-1574.21,S50026,IK000721,1615,Betalingen onderweg,23533
2016-11-30,-1428.99,S50033,IK000717,1615,Betalingen onderweg,23534
2016-11-30,-1582.27,S50033,IK000718,1615,Betalingen onderweg,23535
2016-11-30,-121,S50034,IG000586,1615,Betalingen onderweg,23536
2016-11-30,-887.92,S50035,IK000722,1615,Betalingen onderweg,23537
2016-11-30,-510.38,S50500,IK000723,1615,Betalingen onderweg,23538
2016-11-30,-470.46,S54994,IK000726,1615,Betalingen onderweg,23539
2016-11-30,-4318.09,S58231,IK000720,1615,Betalingen onderweg,23540
2016-11-30,232.32,C10005,VK002419,1615,Betalingen onderweg,23541
2016-11-30,1306.8,C10009,PR004389,1615,Betalingen onderweg,23542
2016-11-30,2032.8,C10026,PR004404,1615,Betalingen onderweg,23543
2016-11-30,1822.26,C10026,VK002398,1615,Betalingen onderweg,23544
2016-11-30,2420,C10027,PR004405,1615,Betalingen onderweg,23545
2016-11-30,2516.8,C10035,PR004306,1615,Betalingen onderweg,23546
2016-11-30,1210,C10036,PR004307,1615,Betalingen onderweg,23547
2016-11-30,96.8,C10036,VK002374,1615,Betalingen onderweg,23548
2016-11-30,3872,C10040,PR004414,1615,Betalingen onderweg,23549
2016-11-30,1095.05,C10041,CU000946,1615,Betalingen onderweg,23550
2016-11-30,4840,C10041,PR004312,1615,Betalingen onderweg,23551
2016-11-30,1095.05,C10051,CU000949,1615,Betalingen onderweg,23552
2016-11-30,1210,C10051,PR004322,1615,Betalingen onderweg,23553
2016-11-30,4936.8,C10054,PR004324,1615,Betalingen onderweg,23554
2016-11-30,2129.6,C10059,PR004431,1615,Betalingen onderweg,23555
2016-11-30,148.23,C10059,VK002428,1615,Betalingen onderweg,23556
2016-11-30,4985.2,C10064,PR004433,1615,Betalingen onderweg,23557
2016-11-30,3726.8,C10068,PR004434,1615,Betalingen onderweg,23558
2016-11-30,1210,C10070,PR004436,1615,Betalingen onderweg,23559
2016-11-30,1452,C10072,PR004437,1615,Betalingen onderweg,23560
2016-11-30,191.18,C10072,VK002402,1615,Betalingen onderweg,23561
2016-11-30,1452,C10073,PR004438,1615,Betalingen onderweg,23562
2016-11-30,188.76,C10080,VK002403,1615,Betalingen onderweg,23563
2016-11-30,2662,C10082,PR004339,1615,Betalingen onderweg,23564
2016-11-30,901.45,C10082,VK002383,1615,Betalingen onderweg,23565
2016-11-30,7114.8,C10090,PR004447,1615,Betalingen onderweg,23566
2016-11-30,5517.6,C10093,PR004449,1615,Betalingen onderweg,23567
2016-11-30,5272.58,C10093,VK002435,1615,Betalingen onderweg,23568
2016-11-30,2662,C10100,PR004452,1615,Betalingen onderweg,23569
2016-11-30,1064.8,C10111,PR004456,1615,Betalingen onderweg,23570
2016-11-30,358.16,C10111,VK002440,1615,Betalingen onderweg,23571
2016-11-30,3678.4,C10115,PR004459,1615,Betalingen onderweg,23572
2016-11-30,8324.8,C10124,PR004463,1615,Betalingen onderweg,23573
2016-11-30,29.04,C10124,VK002412,1615,Betalingen onderweg,23574
2016-11-30,4404.4,C10133,VK002446,1615,Betalingen onderweg,23575
2016-11-30,4791.6,C10136,PR004467,1615,Betalingen onderweg,23576
2016-11-30,2516.8,C10139,PR004469,1615,Betalingen onderweg,23577
2016-11-30,798.6,C10140,PR004371,1615,Betalingen onderweg,23578
2016-11-30,542.08,C10140,VK002389,1615,Betalingen onderweg,23579
2016-11-30,2420,C10148,PR004474,1615,Betalingen onderweg,23580
2016-11-30,2032.8,C10150,PR004376,1615,Betalingen onderweg,23581
2016-11-30,1452,C10158,PR004479,1615,Betalingen onderweg,23582
2016-11-30,73.94,C10158,VK002413,1615,Betalingen onderweg,23583
2016-11-30,43.56,C10167,VK002461,1615,Betalingen onderweg,23584
2016-11-30,2371.6,C10170,PR004481,1615,Betalingen onderweg,23585
2016-11-30,1306.8,C10185,PR004482,1615,Betalingen onderweg,23586
2016-11-30,6376.7,C10186,PR004483,1615,Betalingen onderweg,23587
2016-11-30,785.9,C10002,VK002393,1615,Betalingen onderweg,23588
2016-11-30,1306.8,C10007,PR004387,1615,Betalingen onderweg,23589
2016-11-30,4598,C10007,VK002420,1615,Betalingen onderweg,23590
2016-11-30,3388,C10013,PR004392,1615,Betalingen onderweg,23591
2016-11-30,156.09,C10013,VK002421,1615,Betalingen onderweg,23592
2016-11-30,5856.4,C10014,PR004393,1615,Betalingen onderweg,23593
2016-11-30,4566.54,C10014,VK002395,1615,Betalingen onderweg,23594
2016-11-30,4114,C10016,PR004395,1615,Betalingen onderweg,23595
2016-11-30,185.13,C10016,VK002397,1615,Betalingen onderweg,23596
2016-11-30,4343.9,C10018,PR004397,1615,Betalingen onderweg,23597
2016-11-30,477.95,C10022,CU000938,1615,Betalingen onderweg,23598
2016-11-30,2420,C10022,PR004295,1615,Betalingen onderweg,23599
2016-11-30,3968.8,C10023,PR004296,1615,Betalingen onderweg,23600
2016-11-30,3000.8,C10024,PR004402,1615,Betalingen onderweg,23601
2016-11-30,968,C10025,PR004403,1615,Betalingen onderweg,23602
2016-11-30,7695.6,C10028,PR004406,1615,Betalingen onderweg,23603
2016-11-30,3339.6,C10033,PR004409,1615,Betalingen onderweg,23604
2016-11-30,4791.6,C10039,PR004413,1615,Betalingen onderweg,23605
2016-11-30,919.54,C10039,VK002378,1615,Betalingen onderweg,23606
2016-11-30,3484.8,C10043,PR004417,1615,Betalingen onderweg,23607
2016-11-30,899.03,C10043,VK002424,1615,Betalingen onderweg,23608
2016-11-30,41.93,C10044,VK002425,1615,Betalingen onderweg,23609
2016-11-30,2371.6,C10045,PR004418,1615,Betalingen onderweg,23610
2016-11-30,60.5,C10045,VK002379,1615,Betalingen onderweg,23611
2016-11-30,1306.8,C10046,PR004317,1615,Betalingen onderweg,23612
2016-11-30,169.4,C10046,VK002399,1615,Betalingen onderweg,23613
2016-11-30,9486.4,C10050,PR004423,1615,Betalingen onderweg,23614
2016-11-30,496.1,C10050,VK002426,1615,Betalingen onderweg,23615
2016-11-30,2274.8,C10055,PR004427,1615,Betalingen onderweg,23616
2016-11-30,4791.6,C10056,PR004428,1615,Betalingen onderweg,23617
2016-11-30,2734.6,C10057,PR004429,1615,Betalingen onderweg,23618
2016-11-30,633.44,C10057,VK002401,1615,Betalingen onderweg,23619
2016-11-30,3968.8,C10058,PR004327,1615,Betalingen onderweg,23620
2016-11-30,974.05,C10067,VK002382,1615,Betalingen onderweg,23621
2016-11-30,3242.8,C10069,PR004435,1615,Betalingen onderweg,23622
2016-11-30,29.04,C10069,VK002430,1615,Betalingen onderweg,23623
2016-11-30,1095.05,C10078,CU000959,1615,Betalingen onderweg,23624
2016-11-30,1064.8,C10085,PR004443,1615,Betalingen onderweg,23625
2016-11-30,982.52,C10087,VK002433,1615,Betalingen onderweg,23626
2016-11-30,3085.5,C10096,PR004451,1615,Betalingen onderweg,23627
2016-11-30,2274.8,C10101,PR004453,1615,Betalingen onderweg,23628
2016-11-30,302.5,C10101,VK002407,1615,Betalingen onderweg,23629
2016-11-30,2178,C10116,PR004359,1615,Betalingen onderweg,23630
2016-11-30,4356,C10119,PR004461,1615,Betalingen onderweg,23631
2016-11-30,2758.8,C10122,PR004462,1615,Betalingen onderweg,23632
2016-11-30,75.02,C10122,VK002410,1615,Betalingen onderweg,23633
2016-11-30,3630,C10134,PR004466,1615,Betalingen onderweg,23634
2016-11-30,5953.2,C10137,PR004468,1615,Betalingen onderweg,23635
2016-11-30,1095.05,C10142,CU000970,1615,Betalingen onderweg,23636
2016-11-30,279.51,C10142,VK002342,1615,Betalingen onderweg,23637
2016-11-30,5614.4,C10153,PR004476,1615,Betalingen onderweg,23638
2016-11-30,5324,C10155,PR004477,1615,Betalingen onderweg,23639
2016-11-30,399.3,C10155,VK002453,1615,Betalingen onderweg,23640
2016-11-30,5517.6,C10157,PR004378,1615,Betalingen onderweg,23641
2016-11-30,5033.6,C10169,PR004480,1615,Betalingen onderweg,23642
2016-11-30,3018.95,C10169,VK002463,1615,Betalingen onderweg,23643
2016-12-15,-355,S50003,IK000730,1615,Betalingen onderweg,24236
2016-12-15,-365.15,S50021,IK000729,1615,Betalingen onderweg,24237
2016-12-15,-6715.5,S50024,IG000605,1615,Betalingen onderweg,24238
2016-12-15,-968.48,S50028,IG000591,1615,Betalingen onderweg,24239
2016-12-15,-1883.24,S50028,IG000595,1615,Betalingen onderweg,24240
2016-12-15,-1448.37,S50029,IG000596,1615,Betalingen onderweg,24241
2016-12-15,-3708.41,S50029,IG000597,1615,Betalingen onderweg,24242
2016-12-15,-235.95,S50030,IG000592,1615,Betalingen onderweg,24243
2016-12-15,-612.87,S50030,IG000593,1615,Betalingen onderweg,24244
2016-12-15,-470.99,S50030,IG000604,1615,Betalingen onderweg,24245
2016-12-15,-6188.7,S50031,IG000588,1615,Betalingen onderweg,24246
2016-12-15,-90.75,S50031,IG000590,1615,Betalingen onderweg,24247
2016-12-15,-5018.1,S50031,IG000603,1615,Betalingen onderweg,24248
2016-12-15,-1476.2,S50032,IG000594,1615,Betalingen onderweg,24249
2016-12-15,-121,S50034,IG000587,1615,Betalingen onderweg,24250
2016-12-15,-11410.3,S50034,IG000598,1615,Betalingen onderweg,24251
2016-12-15,-6438.65,S50034,IG000602,1615,Betalingen onderweg,24252
2016-12-15,-164.08,S50037,IK000733,1615,Betalingen onderweg,24253
2016-12-15,-1961.41,S50039,IK000724,1615,Betalingen onderweg,24254
2016-12-15,-936.96,S52412,IK000731,1615,Betalingen onderweg,24255
2016-12-15,-751.4,S58981,IK000728,1615,Betalingen onderweg,24256
2016-12-15,112.41,C10005,AB001664,1615,Betalingen onderweg,24257
2016-12-15,1155.55,C10005,CU000973,1615,Betalingen onderweg,24258
2016-12-15,5082,C10005,PR004485,1615,Betalingen onderweg,24259
2016-12-15,9.62,C10009,AB001666,1615,Betalingen onderweg,24260
2016-12-15,1064.8,C10009,PR004489,1615,Betalingen onderweg,24261
2016-12-15,477.95,C10026,CU000982,1615,Betalingen onderweg,24262
2016-12-15,2758.8,C10026,PR004505,1615,Betalingen onderweg,24263
2016-12-15,72.54,C10027,AB001674,1615,Betalingen onderweg,24264
2016-12-15,115.43,C10027,AB001675,1615,Betalingen onderweg,24265
2016-12-15,477.95,C10027,CU000983,1615,Betalingen onderweg,24266
2016-12-15,1306.8,C10027,PR004506,1615,Betalingen onderweg,24267
2016-12-15,4446.75,C10027,VK002496,1615,Betalingen onderweg,24268
2016-12-15,2032.8,C10035,PR004411,1615,Betalingen onderweg,24269
2016-12-15,77.86,C10035,VK002452,1615,Betalingen onderweg,24270
2016-12-15,72.54,C10036,AB001680,1615,Betalingen onderweg,24271
2016-12-15,4936.8,C10036,PR004412,1615,Betalingen onderweg,24272
2016-12-15,1433.85,C10037,CU000992,1615,Betalingen onderweg,24273
2016-12-15,3484.8,C10037,PR004514,1615,Betalingen onderweg,24274
2016-12-15,1669.8,C10040,CU000994,1615,Betalingen onderweg,24275
2016-12-15,2662,C10040,PR004517,1615,Betalingen onderweg,24276
2016-12-15,1155.55,C10040,VK002487,1615,Betalingen onderweg,24277
2016-12-15,72.54,C10041,AB001681,1615,Betalingen onderweg,24278
2016-12-15,3581.6,C10041,PR004415,1615,Betalingen onderweg,24279
2016-12-15,3605.8,C10051,PR004424,1615,Betalingen onderweg,24280
2016-12-15,36.24,C10054,AB001688,1615,Betalingen onderweg,24281
2016-12-15,5118.3,C10054,PR004426,1615,Betalingen onderweg,24282
2016-12-15,1067.22,C10054,VK002381,1615,Betalingen onderweg,24283
2016-12-15,2044.9,C10059,CU001005,1615,Betalingen onderweg,24284
2016-12-15,1452,C10059,PR004535,1615,Betalingen onderweg,24285
2016-12-15,72.54,C10064,AB001693,1615,Betalingen onderweg,24286
2016-12-15,1306.8,C10064,PR004537,1615,Betalingen onderweg,24287
2016-12-15,60.44,C10065,AB001694,1615,Betalingen onderweg,24288
2016-12-15,60.44,C10065,AB001695,1615,Betalingen onderweg,24289
2016-12-15,36.24,C10068,AB001697,1615,Betalingen onderweg,24290
2016-12-15,968,C10068,PR004538,1615,Betalingen onderweg,24291
2016-12-15,477.95,C10070,CU001009,1615,Betalingen onderweg,24292
2016-12-15,3823.6,C10070,PR004540,1615,Betalingen onderweg,24293
2016-12-15,302.5,C10070,VK002462,1615,Betalingen onderweg,24294
2016-12-15,72.54,C10071,AB001698,1615,Betalingen onderweg,24295
2016-12-15,955.9,C10071,CU001010,1615,Betalingen onderweg,24296
2016-12-15,477.95,C10072,CU001011,1615,Betalingen onderweg,24297
2016-12-15,72.54,C10073,AB001699,1615,Betalingen onderweg,24298
2016-12-15,477.95,C10073,CU001012,1615,Betalingen onderweg,24299
2016-12-15,477.95,C10075,CU001014,1615,Betalingen onderweg,24300
2016-12-15,42.35,C10080,AB001702,1615,Betalingen onderweg,24301
2016-12-15,2347.4,C10080,CU001016,1615,Betalingen onderweg,24302
2016-12-15,103.33,C10081,VK002488,1615,Betalingen onderweg,24303
2016-12-15,3339.6,C10082,PR004441,1615,Betalingen onderweg,24304
2016-12-15,217.62,C10090,AB001710,1615,Betalingen onderweg,24305
2016-12-15,2516.8,C10090,PR004548,1615,Betalingen onderweg,24306
2016-12-15,8082.8,C10093,PR004550,1615,Betalingen onderweg,24307
2016-12-15,127.05,C10095,AB001712,1615,Betalingen onderweg,24308
2016-12-15,870.47,C10100,AB001716,1615,Betalingen onderweg,24309
2016-12-15,2758.8,C10100,PR004553,1615,Betalingen onderweg,24310
2016-12-15,1095.05,C10104,CU001019,1615,Betalingen onderweg,24311
2016-12-15,3726.8,C10104,PR004555,1615,Betalingen onderweg,24312
2016-12-15,1936,C10111,PR004558,1615,Betalingen onderweg,24313
2016-12-15,2420,C10115,PR004560,1615,Betalingen onderweg,24314
2016-12-15,5033.6,C10124,PR004564,1615,Betalingen onderweg,24315
2016-12-15,72.54,C10136,AB001738,1615,Betalingen onderweg,24316
2016-12-15,1669.8,C10136,CU001027,1615,Betalingen onderweg,24317
2016-12-15,4791.6,C10136,PR004568,1615,Betalingen onderweg,24318
2016-12-15,72.54,C10139,AB001739,1615,Betalingen onderweg,24319
2016-12-15,6509.8,C10139,PR004571,1615,Betalingen onderweg,24320
2016-12-15,1542.75,C10170,VK002502,1615,Betalingen onderweg,24321
2016-12-15,82.16,C10181,AB001757,1615,Betalingen onderweg,24322
2016-12-15,1144.66,C10181,VK002503,1615,Betalingen onderweg,24323
2016-12-15,72.54,C10185,AB001758,1615,Betalingen onderweg,24324
2016-12-15,8276.4,C10185,PR004585,1615,Betalingen onderweg,24325
2016-12-15,773.19,C10185,VK002479,1615,Betalingen onderweg,24326
2016-12-15,60.44,C10186,AB001759,1615,Betalingen onderweg,24327
2016-12-15,9413.8,C10186,PR004586,1615,Betalingen onderweg,24328
2016-12-15,2564.78,C10186,VK002480,1615,Betalingen onderweg,24329
2016-12-15,5275.6,C10014,PR004494,1615,Betalingen onderweg,24330
2016-12-15,968,C10016,PR004496,1615,Betalingen onderweg,24331
2016-12-15,1028.5,C10018,AB001669,1615,Betalingen onderweg,24332
2016-12-15,5541.8,C10018,PR004498,1615,Betalingen onderweg,24333
2016-12-15,1548.8,C10022,PR004400,1615,Betalingen onderweg,24334
2016-12-15,5178.8,C10023,PR004401,1615,Betalingen onderweg,24335
2016-12-15,870.47,C10024,AB001673,1615,Betalingen onderweg,24336
2016-12-15,1095.05,C10024,CU000981,1615,Betalingen onderweg,24337
2016-12-15,4356,C10024,PR004503,1615,Betalingen onderweg,24338
2016-12-15,2678.94,C10024,VK002484,1615,Betalingen onderweg,24339
2016-12-15,2371.6,C10025,PR004504,1615,Betalingen onderweg,24340
2016-12-15,52.03,C10025,VK002485,1615,Betalingen onderweg,24341
2016-12-15,82.16,C10028,AB001676,1615,Betalingen onderweg,24342
2016-12-15,477.95,C10028,CU000984,1615,Betalingen onderweg,24343
2016-12-15,1064.8,C10028,PR004507,1615,Betalingen onderweg,24344
2016-12-15,1155.55,C10033,CU000988,1615,Betalingen onderweg,24345
2016-12-15,1095.05,C10039,CU000993,1615,Betalingen onderweg,24346
2016-12-15,968,C10039,PR004516,1615,Betalingen onderweg,24347
2016-12-15,36.24,C10043,AB001682,1615,Betalingen onderweg,24348
2016-12-15,3617.9,C10043,CU000997,1615,Betalingen onderweg,24349
2016-12-15,3388,C10043,PR004520,1615,Betalingen onderweg,24350
2016-12-15,72.54,C10044,AB001683,1615,Betalingen onderweg,24351
2016-12-15,3968.8,C10044,PR004521,1615,Betalingen onderweg,24352
2016-12-15,5130.4,C10045,PR004522,1615,Betalingen onderweg,24353
2016-12-15,221.43,C10045,VK002456,1615,Betalingen onderweg,24354
2016-12-15,6776,C10046,PR004419,1615,Betalingen onderweg,24355
2016-12-15,6001.6,C10050,PR004527,1615,Betalingen onderweg,24356
2016-12-15,3412.2,C10055,PR004531,1615,Betalingen onderweg,24357
2016-12-15,72.54,C10056,AB001689,1615,Betalingen onderweg,24358
2016-12-15,1560.9,C10056,CU001003,1615,Betalingen onderweg,24359
2016-12-15,653.4,C10056,PR004532,1615,Betalingen onderweg,24360
2016-12-15,1471.42,C10056,VK002498,1615,Betalingen onderweg,24361
2016-12-15,2516.8,C10057,PR004533,1615,Betalingen onderweg,24362
2016-12-15,2516.8,C10058,PR004430,1615,Betalingen onderweg,24363
2016-12-15,72.54,C10062,AB001691,1615,Betalingen onderweg,24364
2016-12-15,1155.55,C10062,CU001007,1615,Betalingen onderweg,24365
2016-12-15,72.54,C10067,AB001696,1615,Betalingen onderweg,24366
2016-12-15,477.95,C10069,CU001008,1615,Betalingen onderweg,24367
2016-12-15,7308.4,C10069,PR004539,1615,Betalingen onderweg,24368
2016-12-15,28.86,C10085,AB001706,1615,Betalingen onderweg,24369
2016-12-15,1082.95,C10085,CU001017,1615,Betalingen onderweg,24370
2016-12-15,3968.8,C10085,PR004545,1615,Betalingen onderweg,24371
2016-12-15,6921.08,C10085,VK002466,1615,Betalingen onderweg,24372
2016-12-15,72.54,C10087,AB001708,1615,Betalingen onderweg,24373
2016-12-15,72.54,C10096,AB001713,1615,Betalingen onderweg,24374
2016-12-15,6630.8,C10096,PR004552,1615,Betalingen onderweg,24375
2016-12-15,72.54,C10101,AB001717,1615,Betalingen onderweg,24376
2016-12-15,968,C10101,PR004554,1615,Betalingen onderweg,24377
2016-12-15,477.95,C10110,CU001022,1615,Betalingen onderweg,24378
2016-12-15,2604.23,C10110,VK002490,1615,Betalingen onderweg,24379
2016-12-15,72.54,C10116,AB001728,1615,Betalingen onderweg,24380
2016-12-15,2758.8,C10116,PR004460,1615,Betalingen onderweg,24381
2016-12-15,3959.12,C10116,VK002474,1615,Betalingen onderweg,24382
2016-12-15,2516.8,C10119,PR004562,1615,Betalingen onderweg,24383
2016-12-15,303.56,C10119,VK002475,1615,Betalingen onderweg,24384
2016-12-15,1089,C10120,VK002441,1615,Betalingen onderweg,24385
2016-12-15,60.44,C10122,AB001731,1615,Betalingen onderweg,24386
2016-12-15,1331,C10122,CU001023,1615,Betalingen onderweg,24387
2016-12-15,1306.8,C10122,PR004563,1615,Betalingen onderweg,24388
2016-12-15,115.43,C10129,AB001732,1615,Betalingen onderweg,24389
2016-12-15,42.35,C10129,AB001733,1615,Betalingen onderweg,24390
2016-12-15,1191.85,C10129,CU001025,1615,Betalingen onderweg,24391
2016-12-15,920.18,C10129,VK002491,1615,Betalingen onderweg,24392
2016-12-15,1210,C10134,PR004567,1615,Betalingen onderweg,24393
2016-12-15,2516.8,C10137,PR004569,1615,Betalingen onderweg,24394
2016-12-15,246.84,C10137,VK002476,1615,Betalingen onderweg,24395
2016-12-15,453.75,C10137,VK002501,1615,Betalingen onderweg,24396
2016-12-15,120.88,C10142,AB001741,1615,Betalingen onderweg,24397
2016-12-15,1694,C10153,PR004578,1615,Betalingen onderweg,24398
2016-12-15,968,C10155,PR004579,1615,Betalingen onderweg,24399
2016-12-15,82.16,C10157,AB001752,1615,Betalingen onderweg,24400
2016-12-15,1210,C10157,PR004478,1615,Betalingen onderweg,24401
2016-12-15,2274.8,C10169,PR004583,1615,Betalingen onderweg,24402
2016-12-15,792,C21823,VK002417,1615,Betalingen onderweg,24403
2016-12-30,-126817,S50001,BL000051,1615,Betalingen onderweg,24415
2016-12-30,-128359,S50001,BL000052,1615,Betalingen onderweg,24416
2016-12-30,-3638.47,S50002,IK000739,1615,Betalingen onderweg,24417
2016-12-30,-1131.98,S50012,IG000607,1615,Betalingen onderweg,24418
2016-12-30,-460.25,S50012,IG000620,1615,Betalingen onderweg,24419
2016-12-30,-53445.78,S50014,IK000736,1615,Betalingen onderweg,24420
2016-12-30,-296.45,S50016,IG000619,1615,Betalingen onderweg,24421
2016-12-30,-883.72,S50024,IG000609,1615,Betalingen onderweg,24422
2016-12-30,-5433.48,S50024,IG000614,1615,Betalingen onderweg,24423
2016-12-30,-1574.21,S50026,IK000743,1615,Betalingen onderweg,24424
2016-12-30,-1530.03,S50033,IK000740,1615,Betalingen onderweg,24425
2016-12-30,-1447.4,S50033,IK000741,1615,Betalingen onderweg,24426
2016-12-30,-887.92,S50035,IK000744,1615,Betalingen onderweg,24427
2016-12-30,-927.16,S50036,IK000732,1615,Betalingen onderweg,24428
2016-12-30,-1904.84,S50040,IK000734,1615,Betalingen onderweg,24429
2016-12-30,-348.48,S50500,IK000745,1615,Betalingen onderweg,24430
2016-12-30,-983.32,S52224,IK000738,1615,Betalingen onderweg,24431
2016-12-30,-305.51,S54994,IK000737,1615,Betalingen onderweg,24432
2016-12-31,3242.8,C10005,PR004588,1615,Betalingen onderweg,24433
2016-12-31,1452,C10009,PR004591,1615,Betalingen onderweg,24434
2016-12-31,2662.12,C10009,VK002524,1615,Betalingen onderweg,24435
2016-12-31,2057,C10026,PR004605,1615,Betalingen onderweg,24436
2016-12-31,3823.6,C10027,PR004606,1615,Betalingen onderweg,24437
2016-12-31,3581.6,C10035,CU000990,1615,Betalingen onderweg,24438
2016-12-31,2758.8,C10035,PR004512,1615,Betalingen onderweg,24439
2016-12-31,2274.8,C10036,CU000991,1615,Betalingen onderweg,24440
2016-12-31,5178.8,C10036,PR004513,1615,Betalingen onderweg,24441
2016-12-31,5324,C10037,PR004614,1615,Betalingen onderweg,24442
2016-12-31,2662,C10040,PR004617,1615,Betalingen onderweg,24443
2016-12-31,1082.95,C10041,CU000995,1615,Betalingen onderweg,24444
2016-12-31,1210,C10041,PR004518,1615,Betalingen onderweg,24445
2016-12-31,5808,C10051,PR004528,1615,Betalingen onderweg,24446
2016-12-31,477.95,C10054,CU001002,1615,Betalingen onderweg,24447
2016-12-31,2129.6,C10054,PR004530,1615,Betalingen onderweg,24448
2016-12-31,2371.6,C10059,PR004632,1615,Betalingen onderweg,24449
2016-12-31,980.1,C10064,PR004635,1615,Betalingen onderweg,24450
2016-12-31,4737.15,C10065,VK002506,1615,Betalingen onderweg,24451
2016-12-31,1306.8,C10068,PR004636,1615,Betalingen onderweg,24452
2016-12-31,3000.8,C10070,PR004638,1615,Betalingen onderweg,24453
2016-12-31,2420,C10072,PR004639,1615,Betalingen onderweg,24454
2016-12-31,4815.8,C10073,PR004640,1615,Betalingen onderweg,24455
2016-12-31,2316.55,C10075,VK002531,1615,Betalingen onderweg,24456
2016-12-31,968,C10082,PR004543,1615,Betalingen onderweg,24457
2016-12-31,1064.8,C10090,PR004648,1615,Betalingen onderweg,24458
2016-12-31,4404.4,C10093,PR004650,1615,Betalingen onderweg,24459
2016-12-31,1179.75,C10095,VK002509,1615,Betalingen onderweg,24460
2016-12-31,2420,C10104,PR004654,1615,Betalingen onderweg,24461
2016-12-31,2420,C10111,PR004657,1615,Betalingen onderweg,24462
2016-12-31,5566,C10115,PR004660,1615,Betalingen onderweg,24463
2016-12-31,7187.4,C10124,PR004664,1615,Betalingen onderweg,24464
2016-12-31,696.96,C10133,VK002513,1615,Betalingen onderweg,24465
2016-12-31,1960.2,C10136,PR004667,1615,Betalingen onderweg,24466
2016-12-31,3622.74,C10136,VK002514,1615,Betalingen onderweg,24467
2016-12-31,5759.6,C10139,PR004670,1615,Betalingen onderweg,24468
2016-12-31,72.54,C10140,AB001740,1615,Betalingen onderweg,24469
2016-12-31,6921.2,C10140,PR004572,1615,Betalingen onderweg,24470
2016-12-31,5033.6,C10148,PR004576,1615,Betalingen onderweg,24471
2016-12-31,2129.6,C10148,PR004675,1615,Betalingen onderweg,24472
2016-12-31,558.66,C10148,VK002516,1615,Betalingen onderweg,24473
2016-12-31,60.44,C10150,AB001748,1615,Betalingen onderweg,24474
2016-12-31,1064.8,C10150,PR004577,1615,Betalingen onderweg,24475
2016-12-31,3581.6,C10158,PR004680,1615,Betalingen onderweg,24476
2016-12-31,221.43,C10158,VK002534,1615,Betalingen onderweg,24477
2016-12-31,3823.6,C10170,PR004682,1615,Betalingen onderweg,24478
2016-12-31,477.95,C10177,CU001028,1615,Betalingen onderweg,24479
2016-12-31,254.1,C10177,VK002521,1615,Betalingen onderweg,24480
2016-12-31,5684.58,C10181,VK002536,1615,Betalingen onderweg,24481
2016-12-31,5783.8,C10185,PR004683,1615,Betalingen onderweg,24482
2016-12-31,7114.8,C10186,PR004684,1615,Betalingen onderweg,24483
2016-12-31,3139.95,C10007,CU000975,1615,Betalingen onderweg,24484
2016-12-31,2662,C10007,PR004487,1615,Betalingen onderweg,24485
2016-12-31,2662,C10007,PR004590,1615,Betalingen onderweg,24486
2016-12-31,9050.8,C10013,PR004493,1615,Betalingen onderweg,24487
2016-12-31,3073.4,C10013,PR004595,1615,Betalingen onderweg,24488
2016-12-31,3339.6,C10014,PR004596,1615,Betalingen onderweg,24489
2016-12-31,4162.4,C10016,PR004598,1615,Betalingen onderweg,24490
2016-12-31,3242.8,C10018,PR004599,1615,Betalingen onderweg,24491
2016-12-31,2516.8,C10022,PR004501,1615,Betalingen onderweg,24492
2016-12-31,2420,C10023,PR004502,1615,Betalingen onderweg,24493
2016-12-31,1452,C10024,PR004604,1615,Betalingen onderweg,24494
2016-12-31,1789.66,C10025,VK002525,1615,Betalingen onderweg,24495
2016-12-31,5420.8,C10028,PR004607,1615,Betalingen onderweg,24496
2016-12-31,2274.8,C10033,PR004610,1615,Betalingen onderweg,24497
2016-12-31,2613.6,C10039,PR004616,1615,Betalingen onderweg,24498
2016-12-31,2274.8,C10043,PR004619,1615,Betalingen onderweg,24499
2016-12-31,3630,C10044,PR004620,1615,Betalingen onderweg,24500
2016-12-31,220.22,C10044,VK002505,1615,Betalingen onderweg,24501
2016-12-31,3242.8,C10045,PR004621,1615,Betalingen onderweg,24502
2016-12-31,3968.8,C10046,PR004523,1615,Betalingen onderweg,24503
2016-12-31,6098.4,C10050,PR004624,1615,Betalingen onderweg,24504
2016-12-31,5420.8,C10055,PR004628,1615,Betalingen onderweg,24505
2016-12-31,2873.75,C10055,VK002530,1615,Betalingen onderweg,24506
2016-12-31,1452,C10056,PR004629,1615,Betalingen onderweg,24507
2016-12-31,1210,C10057,PR004630,1615,Betalingen onderweg,24508
2016-12-31,1573,C10058,CU001004,1615,Betalingen onderweg,24509
2016-12-31,968,C10058,PR004534,1615,Betalingen onderweg,24510
2016-12-31,152.46,C10066,VK002459,1615,Betalingen onderweg,24511
2016-12-31,4791.6,C10069,PR004637,1615,Betalingen onderweg,24512
2016-12-31,4370.52,C10078,VK002464,1615,Betalingen onderweg,24513
2016-12-31,2516.8,C10085,PR004645,1615,Betalingen onderweg,24514
2016-12-31,43.56,C10085,VK002507,1615,Betalingen onderweg,24515
2016-12-31,3581.6,C10087,PR004646,1615,Betalingen onderweg,24516
2016-12-31,317.02,C10087,VK002532,1615,Betalingen onderweg,24517
2016-12-31,4283.4,C10096,PR004652,1615,Betalingen onderweg,24518
2016-12-31,2274.8,C10101,PR004653,1615,Betalingen onderweg,24519
2016-12-31,2371.6,C10119,PR004663,1615,Betalingen onderweg,24520
2016-12-31,1064.8,C10134,PR004666,1615,Betalingen onderweg,24521
2016-12-31,5372.4,C10137,PR004668,1615,Betalingen onderweg,24522
2016-12-31,718.74,C10142,VK002492,1615,Betalingen onderweg,24523
2016-12-31,2178,C10153,PR004677,1615,Betalingen onderweg,24524
2016-12-31,1452,C10155,PR004678,1615,Betalingen onderweg,24525
2016-12-31,853.05,C10155,VK002533,1615,Betalingen onderweg,24526
2016-12-31,3242.8,C10157,PR004580,1615,Betalingen onderweg,24527
2016-12-31,1064.8,C10169,PR004681,1615,Betalingen onderweg,24528
2016-12-31,239.58,C10179,VK002465,1615,Betalingen onderweg,24529
2016-12-31,119.79,C10180,VK002391,1615,Betalingen onderweg,24530
2016-12-31,96,C20922,VK002481,1615,Betalingen onderweg,24531
2016-12-31,158,C21250,VK002468,1615,Betalingen onderweg,24532
2016-12-31,1820,C22020,VK002469,1615,Betalingen onderweg,24533
2016-12-31,998,C22458,VK002470,1615,Betalingen onderweg,24534
2016-12-31,550.85,C22685,VK002482,1615,Betalingen onderweg,24535
2016-12-31,259,C22910,VK002471,1615,Betalingen onderweg,24536
2016-12-31,75,C23450,VK002483,1615,Betalingen onderweg,24537
2016-12-31,84,C23955,VK002472,1615,Betalingen onderweg,24538
2016-01-05,-25,,,1000,Kas,14760
2016-01-12,-26.33,,,1000,Kas,14761
2016-01-15,-11.95,,,1000,Kas,14762
2016-01-22,-44.95,,,1000,Kas,14763
2016-01-25,300,,,1000,Kas,14764
2016-01-27,-23.5,,,1000,Kas,14765
2016-01-29,299.48,C10039,BD000029,2070,Kas,14715
2016-01-29,451.63,C10076,BD000030,2080,Kas,14717
2016-02-02,-56.85,,,1000,Kas,15480
2016-02-08,-77.4,,,1000,Kas,15481
2016-02-10,-125,,,1000,Kas,15482
2016-02-26,449.21,C10125,BD000031,2070,Kas,15697
2016-02-15,-15,,,1000,Kas,15483
2016-02-23,270,,,1000,Kas,15484
2016-02-25,-45.75,,,1000,Kas,15485
2016-02-26,838.53,C10068,BD000033,2080,Kas,15700
2016-03-02,-23,,,1000,Kas,16152
2016-03-07,-21.8,,,1000,Kas,16153
2016-03-10,-75,,,1000,Kas,16154
2016-03-14,-50,,,1000,Kas,16155
2016-03-21,-31.22,,,1000,Kas,16156
2016-03-29,250,,,1000,Kas,16157
2016-03-30,898.43,C10090,BD000034,2070,Kas,16070
2016-03-30,1054.15,C10110,BD000035,2080,Kas,16072
2016-04-05,-78.9,,,1000,Kas,16496
2016-04-08,-8.2,,,1000,Kas,16497
2016-04-18,-106.77,,,1000,Kas,16498
2016-04-19,-30,,,1000,Kas,16499
2016-04-26,200,,,1000,Kas,16500
2016-04-28,-26.95,,,1000,Kas,16501
2016-04-28,998.25,C10029,BD000040,2070,Kas,16982
2016-04-28,968,C10168,BD000041,2080,Kas,16985
2016-05-02,-35,,,1000,Kas,17935
2016-05-11,-29.95,,,1000,Kas,17936
2016-05-17,-133.2,,,1000,Kas,17937
2016-05-23,150,,,1000,Kas,17938
2016-05-25,-28.75,,,1000,Kas,17939
2016-05-30,491.87,C10088,BD000042,2070,Kas,17743
2016-05-30,1119.25,C10085,BD000043,2080,Kas,17746
2016-06-06,-23.8,,,1000,Kas,18717
2016-06-08,-17.5,,,1000,Kas,18713
2016-06-14,-78.63,,,1000,Kas,18714
2016-06-22,250,,,1000,Kas,18715
2016-06-28,-41.75,,,1000,Kas,18716
2016-06-29,1119.25,C10049,BD000044,2070,Kas,18561
2016-06-29,816.75,C10095,BD000045,2080,Kas,18564
2016-07-01,-31.5,,,1000,Kas,19629
2016-07-20,275,,,1000,Kas,19630
2016-07-21,-126.3,,,1000,Kas,19631
2016-07-22,-78.25,,,1000,Kas,19633
2016-07-26,-150,,,1000,Kas,19632
2016-07-29,1210,C10028,BD000046,2070,Kas,19518
2016-07-29,919.6,C10182,BD000047,2080,Kas,19521
2016-08-04,-14.5,,,1000,Kas,20664
2016-08-08,-31.45,,,1000,Kas,20665
2016-08-11,-83.45,,,1000,Kas,20666
2016-08-17,-59.4,,,1000,Kas,20668
2016-08-22,-41.8,,,1000,Kas,20669
2016-08-26,240,,,1000,Kas,20667
2016-08-30,1524.6,C10147,BD000048,2070,Kas,20384
2016-08-30,1905.75,C10067,BD000049,2080,Kas,20387
2016-09-02,-115.4,,,1000,Kas,20855
2016-09-06,-19.25,,,1000,Kas,20856
2016-09-19,250,,,1000,Kas,20857
2016-09-21,-125,,,1000,Kas,20858
2016-09-27,-17.5,,,1000,Kas,20859
2016-09-29,1002.93,C10018,BD000050,2070,Kas,22294
2016-09-29,1452,C10025,BD000051,2080,Kas,22297
2016-10-06,-10,,,1000,Kas,21770
2016-10-12,-98.75,,,1000,Kas,21771
2016-10-18,300,,,1000,Kas,21772
2016-10-24,-66.75,,,1000,Kas,21773
2016-10-26,-103.55,,,1000,Kas,21774
2016-10-28,1125.3,C10039,BD000052,2070,Kas,22300
2016-10-28,1149.2,C10075,BD000053,2080,Kas,22303
2016-11-08,-77.85,,,1000,Kas,22697
2016-11-14,-51.26,,,1000,Kas,22698
2016-11-17,550,,,1000,Kas,22699
2016-11-21,-39.75,,,1000,Kas,22700
2016-11-23,-121.5,,,1000,Kas,22701
2016-11-24,-38.6,,,1000,Kas,22702
2016-11-28,-100,,,1000,Kas,22703
2016-11-29,-18.75,,,1000,Kas,22704
2016-11-30,-93.4,,,1000,Kas,22705
2016-11-30,223.85,C10003,BD000054,2070,Kas,23315
2016-11-30,1548.8,C10075,BD000055,1000,Kas,23318
2016-11-30,-1548.8,,,1000,Kas,24556
2016-12-05,-98.6,,,1000,Kas,24228
2016-12-08,150,,,1000,Kas,24229
2016-12-09,-35.4,,,1000,Kas,24230
2016-12-21,-121.45,,,1000,Kas,24231
2016-12-22,550,,,1000,Kas,24232
2016-12-23,-325.5,,,1000,Kas,24233
2016-12-28,-12.4,,,1000,Kas,24234
2016-12-30,895.4,C10055,BD000056,2070,Kas,24136
2016-12-30,2178,C10069,BD000057,2080,Kas,24139
2016-12-30,-137.48,,,1000,Kas,24235
2016-01-04,2221.62,C10109,VK001323,1100,Bank,14906
2016-01-05,8156.61,C10114,VK001356,1100,Bank,14907
2016-01-06,2909.93,C10021,VK001340,1100,Bank,14908
2016-01-07,2688.93,C10168,VK001369,1100,Bank,14909
2016-01-08,8738.61,C10049,CU000529,1100,Bank,14910
2016-01-11,9371.75,C10086,VK001380,1100,Bank,14911
2016-01-12,7806.27,C10048,BD000028,1100,Bank,14912
2016-01-13,11071.5,C10048,PR002623,1100,Bank,14913
2016-01-14,20715.2,C10138,PR002646,1100,Bank,14914
2016-01-15,52601.9,C10011,PR002603,1100,Bank,14915
2016-01-18,12042.83,C10008,VK001337,1100,Bank,15000
2016-01-19,3941.4,C10030,AB000912,1100,Bank,15001
2016-01-20,215.14,C10089,AB000930,1100,Bank,15002
2016-01-21,398.7,C10021,AB000909,1100,Bank,15003
2016-01-22,-167048.18,C10030,PR002611,1100,Bank,15004
2016-01-25,12742.62,C10138,VK001408,1100,Bank,15005
2016-01-26,7244.35,C10093,VK001402,1100,Bank,15006
2016-01-27,18437.67,C10092,VK001429,1100,Bank,15007
2016-01-28,21125.98,C10117,PR002693,1100,Bank,15008
2016-01-29,-134736.76,C10019,PR002607,1100,Bank,15009
2016-01-29,-5.42,,,1100,Bank,15010
2016-02-01,14001.87,C10030,PR002665,1100,Bank,15609
2016-02-02,15553.89,C10060,CU000564,1100,Bank,15610
2016-02-03,3726.8,C10074,CU000566,1100,Bank,15611
2016-02-04,14096.98,C10048,PR002725,1100,Bank,15612
2016-02-05,8125.27,C10109,VK001473,1100,Bank,15613
2016-02-08,16063.23,C10042,VK001467,1100,Bank,15614
2016-02-09,13255.13,C10053,PR002625,1100,Bank,15615
2016-02-10,1598.69,C10132,VK001434,1100,Bank,15616
2016-02-11,3796.62,C10113,AB000987,1100,Bank,15617
2016-02-12,1249.51,C10094,AB000980,1100,Bank,15618
2016-02-15,-22802.95,C10106,AB000983,1100,Bank,15619
2016-02-16,10179.5,C10131,VK001475,1100,Bank,15701
2016-02-17,695.57,C10076,CU000568,1100,Bank,15702
2016-02-18,2534.83,C10030,VK001466,1100,Bank,15703
2016-02-19,14337.29,C10141,VK001505,1100,Bank,15704
2016-02-22,6715.75,C10128,VK001498,1100,Bank,15705
2016-02-23,-171162.2,C24585,VK001464,1100,Bank,15706
2016-02-24,8621.08,C10084,VK001533,1100,Bank,15707
2016-02-25,20330.18,C10021,PR002770,1100,Bank,15708
2016-02-26,19726.86,C10003,PR002786,1100,Bank,15709
2016-02-29,-80904.92,C10089,PR002802,1100,Bank,15710
2016-02-29,-10.06,,,1100,Bank,15711
2016-03-01,2354.41,C10158,VK001508,1100,Bank,16315
2016-03-02,4206.19,C23450,VK001481,1100,Bank,16316
2016-03-03,8372.47,C10121,VK001539,1100,Bank,16317
2016-03-04,9825.81,C10030,VK001521,1100,Bank,16318
2016-03-07,2609.79,C10061,VK001491,1100,Bank,16319
2016-03-08,1780.75,C10053,CU000561,1100,Bank,16320
2016-03-09,15696.12,C10112,CU000626,1100,Bank,16321
2016-03-10,13695.26,C10109,PR002862,1100,Bank,16322
2016-03-11,9615.14,C10145,PR002872,1100,Bank,16323
2016-03-14,7734.2,C10091,AB001035,1100,Bank,16324
2016-03-15,44951.08,C10099,AB001038,1100,Bank,16325
2016-03-16,20548.21,C10156,CU000637,1100,Bank,16455
2016-03-17,9363.52,C10088,PR002801,1100,Bank,16456
2016-03-18,5739.94,C10138,VK001594,1100,Bank,16457
2016-03-21,18020.53,C10061,VK001553,1100,Bank,16458
2016-03-22,5517.6,C10076,PR002853,1100,Bank,16459
2016-03-23,-170037.12,C10135,CU000633,1100,Bank,16460
2016-03-24,4924.7,C10048,PR002897,1100,Bank,16461
2016-03-25,10157.22,C10084,PR002909,1100,Bank,16462
2016-03-29,17942.84,C10089,PR002913,1100,Bank,16463
2016-03-30,3380,C10053,PR002788,1100,Bank,16464
2016-03-31,-110593.62,,,1100,Bank,16465
2016-04-01,8823.07,C10097,CU000679,1100,Bank,17100
2016-04-04,7233.38,C10029,CU000652,1100,Bank,17101
2016-04-05,8261.58,C10020,CU000648,1100,Bank,17102
2016-04-06,23447.14,C10151,VK001597,1100,Bank,17103
2016-04-07,6442.52,C10141,VK001656,1100,Bank,17104
2016-04-08,25981.91,C10021,PR002952,1100,Bank,17105
2016-04-11,14368.02,C10012,PR002948,1100,Bank,17106
2016-04-12,17666.24,C10098,AB001096,1100,Bank,17107
2016-04-13,106909.98,C10084,AB001091,1100,Bank,17108
2016-04-14,4259.16,C10017,VK001661,1100,Bank,17109
2016-04-15,10932.9,C10074,AB001089,1100,Bank,17110
2016-04-18,14673.09,C10086,PR002979,1100,Bank,17213
2016-04-19,1850.46,C10030,AB001067,1100,Bank,17214
2016-04-20,2016.9,C10135,CU000682,1100,Bank,17215
2016-04-21,77098.78,C10076,PR002976,1100,Bank,17216
2016-04-22,-162523.68,C10143,VK001671,1100,Bank,17217
2016-04-25,76563.96,C10107,PR003072,1100,Bank,17218
2016-04-26,11638.63,C10168,VK001721,1100,Bank,17219
2016-04-28,60607.57,C10042,PR003037,1100,Bank,17220
2016-04-29,10138.65,C10008,PR002944,1100,Bank,17221
2016-05-02,1909.74,C10143,AB001112,1100,Bank,17940
2016-05-03,24939.94,C10074,VK001735,1100,Bank,17941
2016-05-04,4893.24,C10143,VK001716,1100,Bank,17942
2016-05-06,11209.44,C10172,VK001695,1100,Bank,17943
2016-05-09,12383.04,C10003,PR003141,1100,Bank,17944
2016-05-10,10105.19,C10109,PR003169,1100,Bank,17945
2016-05-11,19097.91,C10114,PR003172,1100,Bank,17946
2016-05-12,30216.65,C10061,VK001706,1100,Bank,17947
2016-05-13,174197.66,C10019,PR003019,1100,Bank,17948
2016-05-16,8402.78,C10099,VK001738,1100,Bank,18113
2016-05-17,27031.82,C10017,PR003116,1100,Bank,18114
2016-05-18,8595.59,C10079,PR003058,1100,Bank,18115
2016-05-19,569.91,C10063,AB001139,1100,Bank,18116
2016-05-20,8121.77,C10031,VK001768,1100,Bank,18117
2016-05-23,-285858.92,C10048,PR003240,1100,Bank,18118
2016-05-24,12712.74,C10015,PR003211,1100,Bank,18119
2016-05-25,4888.4,C10029,PR003223,1100,Bank,18120
2016-05-26,16565.93,C10109,PR003272,1100,Bank,18121
2016-05-27,12069.02,C10032,CU000699,1100,Bank,18122
2016-05-30,6576.35,C10102,CU000721,1100,Bank,18123
2016-05-31,-104671.73,C10088,PR003160,1100,Bank,18124
2016-06-01,11773.35,C10074,AB001147,1100,Bank,18877
2016-06-02,23028.95,C10031,PR003225,1100,Bank,18878
2016-06-03,17142.19,C10097,VK001805,1100,Bank,18879
2016-06-06,9044.02,C10030,PR003224,1100,Bank,18880
2016-06-07,22406.78,C10008,PR003204,1100,Bank,18881
2016-06-08,36850.3,C10109,PR003380,1100,Bank,18882
2016-06-09,15730.96,C10038,CU000738,1100,Bank,18883
2016-06-10,35939.9,C10029,AB001194,1100,Bank,18884
2016-06-13,1466.46,C10107,AB001228,1100,Bank,18885
2016-06-14,372.92,C10176,AB001245,1100,Bank,18886
2016-06-15,164138,C10162,AB001244,1100,Bank,18887
2016-06-16,12644.43,C10173,VK001825,1100,Bank,19015
2016-06-17,24939.52,C10138,PR003393,1100,Bank,19016
2016-06-20,12553.75,C10011,CU000731,1100,Bank,19017
2016-06-21,1375.66,C10102,AB001224,1100,Bank,19018
2016-06-22,9020.13,C10097,VK001866,1100,Bank,19019
2016-06-23,-161033.01,C10088,VK001814,1100,Bank,19020
2016-06-24,3409.9,C10163,VK001901,1100,Bank,19021
2016-06-27,19918.13,C10159,PR003500,1100,Bank,19022
2016-06-28,16006.84,C10144,PR003491,1100,Bank,19023
2016-06-29,31621.41,C10079,CU000757,1100,Bank,19024
2016-06-30,-141522.1,C10006,CU000729,1100,Bank,19025
2016-07-01,13327.84,C10034,VK001856,1100,Bank,19800
2016-07-04,51228.36,C10010,PR003413,1100,Bank,19801
2016-07-05,19678.9,C10128,VK001937,1100,Bank,19802
2016-07-06,14995.78,C10048,CU000781,1100,Bank,19803
2016-07-07,3509,C10003,CU000783,1100,Bank,19804
2016-07-08,16095.9,C10017,PR003518,1100,Bank,19805
2016-07-11,23205.86,C10144,PR003593,1100,Bank,19806
2016-07-12,18860.09,C10173,AB001321,1100,Bank,19807
2016-07-13,7574.89,C10053,PR003347,1100,Bank,19808
2016-07-14,6594.14,C10017,VK001967,1100,Bank,19809
2016-07-15,130278.83,C10019,AB001256,1100,Bank,19810
2016-07-18,8510.34,C10021,VK001911,1100,Bank,19916
2016-07-19,6244.27,C10049,CU000782,1100,Bank,19917
2016-07-20,25361.6,C10048,PR003544,1100,Bank,19918
2016-07-21,5217.67,C10031,PR003528,1100,Bank,19919
2016-07-22,-150014.8,C10156,AB001316,1100,Bank,19920
2016-07-25,13545.96,C10053,VK001886,1100,Bank,19921
2016-07-26,26016.94,C10107,PR003668,1100,Bank,19922
2016-07-27,39485.43,C10109,PR003669,1100,Bank,19923
2016-07-28,18165.54,C10053,PR003444,1100,Bank,19924
2016-07-29,-19146.02,C10079,PR003558,1100,Bank,19925
2016-08-01,6789.61,C10107,AB001299,1100,Bank,20670
2016-08-02,14890.14,C10144,PR003685,1100,Bank,20671
2016-08-03,17277.29,C10089,PR003660,1100,Bank,20672
2016-08-04,16118.41,C10145,CU000846,1100,Bank,20673
2016-08-05,4731.1,C10048,CU000826,1100,Bank,20674
2016-08-08,17245.26,C10171,VK002070,1100,Bank,20675
2016-08-09,7792.4,C10109,PR003755,1100,Bank,20676
2016-08-10,30879.32,C10102,VK002016,1100,Bank,20677
2016-08-11,7055.63,C10083,AB001361,1100,Bank,20678
2016-08-12,1661.03,C10107,AB001374,1100,Bank,20679
2016-08-15,147155.7,C10132,AB001382,1100,Bank,20680
2016-08-16,15609.85,C10074,CU000839,1100,Bank,20860
2016-08-17,8658.05,C10144,PR003770,1100,Bank,20861
2016-08-18,13034.06,C10089,AB001366,1100,Bank,20862
2016-08-19,641.91,C10030,AB001338,1100,Bank,20863
2016-08-22,2083.26,C10030,CU000813,1100,Bank,20864
2016-08-23,-156623.38,C10156,VK002092,1100,Bank,20865
2016-08-24,17631.53,C10060,VK002100,1100,Bank,20866
2016-08-25,8944.26,C10151,VK002066,1100,Bank,20867
2016-08-26,7453.6,C10145,PR003862,1100,Bank,20868
2016-08-29,21951.4,C10086,PR003837,1100,Bank,20869
2016-08-30,20424.8,C10061,PR003737,1100,Bank,20870
2016-08-31,-174234.03,C10079,PR003742,1100,Bank,20871
2016-09-01,12074.71,C10168,VK002093,1100,Bank,21568
2016-09-02,20567.46,C10107,PR003846,1100,Bank,21569
2016-09-05,21973.92,C10126,VK002047,1100,Bank,21570
2016-09-06,3545.3,C10053,CU000828,1100,Bank,21571
2016-09-07,31185.33,C10145,PR003962,1100,Bank,21572
2016-09-08,19668.55,C10047,CU000870,1100,Bank,21573
2016-09-09,27516.61,C10138,PR003958,1100,Bank,21574
2016-09-12,24341.21,C10084,AB001436,1100,Bank,21575
2016-09-13,924.39,C10162,AB001478,1100,Bank,21576
2016-09-14,1306.31,C10132,AB001461,1100,Bank,21577
2016-09-15,167280.03,C10029,AB001414,1100,Bank,21578
2016-09-16,1159.18,C10173,VK002094,1100,Bank,21711
2016-09-19,15871.03,C10015,PR003883,1100,Bank,21712
2016-09-20,30229.9,C10052,CU000874,1100,Bank,21713
2016-09-21,10261.28,C10108,AB001453,1100,Bank,21714
2016-09-22,1266.93,C10063,AB001426,1100,Bank,21715
2016-09-23,-166844,C10098,VK002166,1100,Bank,21716
2016-09-26,24963.51,C10178,CU000894,1100,Bank,21717
2016-09-27,24327.15,C10003,PR003973,1100,Bank,21718
2016-09-28,18101.6,C10131,PR004056,1100,Bank,21719
2016-09-29,21521.67,C10052,VK002201,1100,Bank,21720
2016-09-30,11510.22,C10032,CU000862,1100,Bank,21721
2016-10-03,8712.78,C10020,AB001409,1100,Bank,22510
2016-10-04,7253.71,C10102,VK002126,1100,Bank,22511
2016-10-05,7277.01,C10112,VK002184,1100,Bank,22512
2016-10-06,15052.4,C10144,PR004062,1100,Bank,22513
2016-10-07,37155.99,C10030,PR003994,1100,Bank,22514
2016-10-10,9756.54,C10092,VK002238,1100,Bank,22515
2016-10-11,17186.84,C10131,PR004156,1100,Bank,22516
2016-10-12,23731.81,C10084,PR004131,1100,Bank,22517
2016-10-13,33786.83,C10019,PR003986,1100,Bank,22518
2016-10-14,3000.8,C10126,PR003954,1100,Bank,22519
2016-10-15,198473.5,,,1100,Bank,22520
2016-10-17,22254.89,C10109,PR004145,1100,Bank,22640
2016-10-18,26893.97,C10089,PR004135,1100,Bank,22641
2016-10-19,2458.8,C10146,PR004164,1100,Bank,22642
2016-10-20,20636.55,C10061,PR004022,1100,Bank,22643
2016-10-21,-165518.44,C10132,AB001550,1100,Bank,22644
2016-10-24,435.05,C10143,AB001558,1100,Bank,22645
2016-10-25,600.77,C10012,AB001489,1100,Bank,22646
2016-10-26,742.1,C10047,AB001506,1100,Bank,22647
2016-10-27,19661.87,C10029,VK002271,1100,Bank,22648
2016-10-28,53343.54,C10076,VK002280,1100,Bank,22649
2016-10-31,-87602.93,C10019,PR004088,1100,Bank,22650
2016-11-01,17053.98,C10113,AB001542,1100,Bank,23512
2016-11-02,1694.67,C10162,VK002293,1100,Bank,23513
2016-11-03,42201.23,C10084,PR004233,1100,Bank,23514
2016-11-04,25498.33,C10076,PR004230,1100,Bank,23515
2016-11-07,15355.58,C10020,VK002351,1100,Bank,23516
2016-11-08,32295.38,C10015,PR004290,1100,Bank,23517
2016-11-09,26093.65,C10128,CU000968,1100,Bank,23518
2016-11-10,24302.85,C10144,PR004372,1100,Bank,23519
2016-11-11,452,C10102,AB001626,1100,Bank,23520
2016-11-14,672.16,C10046,AB001592,1100,Bank,23521
2016-11-15,202593.66,C10059,AB001598,1100,Bank,23522
2016-11-16,21828.36,C10004,VK002298,1100,Bank,23644
2016-11-17,14899.14,C10019,PR004188,1100,Bank,23645
2016-11-18,13244,C10003,PR004279,1100,Bank,23646
2016-11-21,19870.02,C10162,AB001655,1100,Bank,23647
2016-11-22,512.56,C10083,AB001614,1100,Bank,23648
2016-11-23,-171630.95,C10079,VK002329,1100,Bank,23649
2016-11-24,18089.5,C10003,VK002394,1100,Bank,23650
2016-11-25,14668.41,C10144,PR004471,1100,Bank,23651
2016-11-28,17520.8,C10012,PR004391,1100,Bank,23652
2016-11-29,32077.1,C10048,PR004421,1100,Bank,23653
2016-11-30,-62460.22,C10061,CU000952,1100,Bank,23654
2016-12-01,17267.6,C10146,VK002390,1100,Bank,24404
2016-12-02,26844.7,C10086,PR004444,1100,Bank,24405
2016-12-05,13775.85,C10008,PR004283,1100,Bank,24406
2016-12-06,6110.2,C10130,VK002443,1100,Bank,24407
2016-12-07,13547.16,C10140,PR004470,1100,Bank,24408
2016-12-08,21747.08,C10038,PR004515,1100,Bank,24409
2016-12-09,11659.6,C10099,CU001018,1100,Bank,24410
2016-12-12,26039.2,C10052,CU001000,1100,Bank,24411
2016-12-13,41672.4,C10015,CU000978,1100,Bank,24412
2016-12-14,11625.87,C10149,AB001747,1100,Bank,24413
2016-12-15,225916.37,C10053,PR004323,1100,Bank,24414
2016-12-16,-173681.56,C10086,VK002432,1100,Bank,24541
2016-12-19,4579.97,C10047,VK002457,1100,Bank,24542
2016-12-20,29089.01,C10020,CU000979,1100,Bank,24543
2016-12-21,6122.6,C10076,AB001701,1100,Bank,24544
2016-12-22,802.9,C10020,AB001671,1100,Bank,24545
2016-12-23,3582.88,C10162,AB001755,1100,Bank,24546
2016-12-27,29496.56,C10168,VK002520,1100,Bank,24547
2016-12-28,33414.15,C10021,PR004601,1100,Bank,24548
2016-12-29,37794.35,C10053,PR004425,1100,Bank,24549
2016-12-30,-61365.75,C10032,CU000987,1100,Bank,24550
