factuurnummer,klantnummer,factuurdatum,bedrag_incl_btw,journaal_id,businesslijn,transactienummer
VK001391,C10000,2016-01-08,206.67,70,Verkoopboek ordermanagement,14533
VK001392,C10006,2016-01-08,679.42,70,Verkoopboek ordermanagement,14534
VK001393,C10014,2016-01-08,479.16,70,Verkoopboek ordermanagement,14536
VK001394,C10028,2016-01-08,2776.41,70,Verkoopboek ordermanagement,14538
VK001395,C10029,2016-01-08,1028.5,70,Verkoopboek ordermanagement,14540
VK001396,C10052,2016-01-08,871.2,70,Verkoopboek ordermanagement,14542
VK001397,C10056,2016-01-08,254.1,70,Verkoopboek ordermanagement,14544
VK001398,C10059,2016-01-08,2716.45,70,Verkoopboek ordermanagement,14546
VK001399,C10066,2016-01-08,4537.5,70,Verkoopboek ordermanagement,14548
VK001400,C10005,2016-01-08,3840.24,70,Verkoopboek ordermanagement,14550
VK001401,C10082,2016-01-08,5967.72,70,Verkoopboek ordermanagement,14552
VK001402,C10093,2016-01-08,4954.95,70,Verkoopboek ordermanagement,14554
VK001403,C10108,2016-01-08,1560.9,70,Verkoopboek ordermanagement,14556
VK001404,C10122,2016-01-08,1343.1,70,Verkoopboek ordermanagement,14558
VK001405,C10129,2016-01-08,635.25,70,Verkoopboek ordermanagement,14560
VK001406,C10133,2016-01-08,30.25,70,Verkoopboek ordermanagement,14562
VK001407,C10136,2016-01-08,401.72,70,Verkoopboek ordermanagement,14564
VK001408,C10138,2016-01-08,5.99,70,Verkoopboek ordermanagement,14566
VK001409,C10148,2016-01-08,816.75,70,Verkoopboek ordermanagement,14567
VK001410,C10151,2016-01-08,17.97,70,Verkoopboek ordermanagement,14569
VK001411,C10159,2016-01-08,8548.65,70,Verkoopboek ordermanagement,14570
VK001412,C10169,2016-01-08,1086.58,70,Verkoopboek ordermanagement,14572
VK001413,C10170,2016-01-08,1671.98,70,Verkoopboek ordermanagement,14574
VK001414,C10171,2016-01-08,558.22,70,Verkoopboek ordermanagement,14576
VK001415,C21823,2016-01-08,125,70,Verkoopboek ordermanagement,14578
VK001416,C24851,2016-01-08,180,70,Verkoopboek ordermanagement,14580
VK001417,C10014,2016-01-15,174.24,70,Verkoopboek ordermanagement,14582
VK001418,C10017,2016-01-15,925.65,70,Verkoopboek ordermanagement,14584
VK001419,C10026,2016-01-15,4806.12,70,Verkoopboek ordermanagement,14585
VK001420,C10031,2016-01-15,520.3,70,Verkoopboek ordermanagement,14587
VK001421,C10032,2016-01-15,803.44,70,Verkoopboek ordermanagement,14589
VK001422,C10056,2016-01-15,1491.93,70,Verkoopboek ordermanagement,14591
VK001423,C10060,2016-01-15,447.7,70,Verkoopboek ordermanagement,14593
VK001424,C10064,2016-01-15,98.01,70,Verkoopboek ordermanagement,14595
VK001425,C10070,2016-01-15,402.93,70,Verkoopboek ordermanagement,14597
VK001426,C10074,2016-01-15,641.3,70,Verkoopboek ordermanagement,14599
VK001427,C10080,2016-01-15,1078.11,70,Verkoopboek ordermanagement,14601
VK001428,C10088,2016-01-15,41.93,70,Verkoopboek ordermanagement,14603
VK001429,C10092,2016-01-15,47.19,70,Verkoopboek ordermanagement,14604
VK001430,C10099,2016-01-15,87.12,70,Verkoopboek ordermanagement,14606
VK001431,C10112,2016-01-15,108.9,70,Verkoopboek ordermanagement,14608
VK001432,C10113,2016-01-15,235.95,70,Verkoopboek ordermanagement,14610
VK001433,C10123,2016-01-15,844.58,70,Verkoopboek ordermanagement,14612
VK001434,C10132,2016-01-15,30.25,70,Verkoopboek ordermanagement,14614
VK001435,C10153,2016-01-15,5252.61,70,Verkoopboek ordermanagement,14616
VK001436,C10156,2016-01-15,263.18,70,Verkoopboek ordermanagement,14618
VK001437,C10163,2016-01-15,4647.91,70,Verkoopboek ordermanagement,14620
VK001438,C10171,2016-01-15,568.7,70,Verkoopboek ordermanagement,14622
VK001439,C10172,2016-01-15,1448.37,70,Verkoopboek ordermanagement,14624
VK001440,C23955,2016-01-15,120,70,Verkoopboek ordermanagement,14626
VK001441,C24851,2016-01-15,765,70,Verkoopboek ordermanagement,14628
VK001442,C10008,2016-01-22,468.52,70,Verkoopboek ordermanagement,14629
VK001443,C10014,2016-01-22,5530.52,70,Verkoopboek ordermanagement,14631
VK001444,C10002,2016-01-22,1197.9,70,Verkoopboek ordermanagement,14633
VK001445,C10002,2016-01-22,258.34,70,Verkoopboek ordermanagement,14635
VK001446,C10025,2016-01-22,4065.6,70,Verkoopboek ordermanagement,14636
VK001447,C10037,2016-01-22,199.65,70,Verkoopboek ordermanagement,14638
VK001448,C10042,2016-01-22,2830.19,70,Verkoopboek ordermanagement,14640
VK001449,C10044,2016-01-22,25.41,70,Verkoopboek ordermanagement,14642
VK001450,C10046,2016-01-22,6703.4,70,Verkoopboek ordermanagement,14644
VK001451,C10065,2016-01-22,1671.98,70,Verkoopboek ordermanagement,14646
VK001452,C10076,2016-01-22,1439.9,70,Verkoopboek ordermanagement,14648
VK001453,C10087,2016-01-22,242,70,Verkoopboek ordermanagement,14650
VK001454,C10095,2016-01-22,1062.38,70,Verkoopboek ordermanagement,14652
VK001455,C10115,2016-01-22,152.46,70,Verkoopboek ordermanagement,14654
VK001456,C10121,2016-01-22,617.1,70,Verkoopboek ordermanagement,14656
VK001457,C10134,2016-01-22,1270.5,70,Verkoopboek ordermanagement,14658
VK001458,C10139,2016-01-22,477.95,70,Verkoopboek ordermanagement,14660
VK001459,C10155,2016-01-22,4173.29,70,Verkoopboek ordermanagement,14662
VK001460,C10162,2016-01-22,4356,70,Verkoopboek ordermanagement,14664
VK001461,C10173,2016-01-22,870.66,70,Verkoopboek ordermanagement,14666
VK001462,C20675,2016-01-22,3039.8,70,Verkoopboek ordermanagement,14667
VK001463,C20922,2016-01-22,669,70,Verkoopboek ordermanagement,14668
VK001464,C24585,2016-01-22,1400,70,Verkoopboek ordermanagement,14670
VK001465,C10016,2016-01-29,595.32,70,Verkoopboek ordermanagement,14672
VK001466,C10030,2016-01-29,312.18,70,Verkoopboek ordermanagement,14674
VK001467,C10042,2016-01-29,901.45,70,Verkoopboek ordermanagement,14676
VK001468,C10003,2016-01-29,453.75,70,Verkoopboek ordermanagement,14678
VK001469,C10078,2016-01-29,1899.7,70,Verkoopboek ordermanagement,14680
VK001470,C10100,2016-01-29,361.67,70,Verkoopboek ordermanagement,14682
VK001471,C10104,2016-01-29,269.83,70,Verkoopboek ordermanagement,14684
VK001472,C10105,2016-01-29,5246.56,70,Verkoopboek ordermanagement,14686
VK001473,C10109,2016-01-29,51.67,70,Verkoopboek ordermanagement,14688
VK001474,C10118,2016-01-29,4573.8,70,Verkoopboek ordermanagement,14689
VK001475,C10131,2016-01-29,1633.5,70,Verkoopboek ordermanagement,14691
VK001476,C10137,2016-01-29,1009.14,70,Verkoopboek ordermanagement,14693
VK001477,C10160,2016-01-29,2064.26,70,Verkoopboek ordermanagement,14695
VK001478,C10180,2016-01-29,87.12,70,Verkoopboek ordermanagement,14697
VK001479,C10181,2016-01-29,1136.7,70,Verkoopboek ordermanagement,14699
VK001480,C22020,2016-01-29,680,70,Verkoopboek ordermanagement,14701
VK001481,C23450,2016-01-29,32,70,Verkoopboek ordermanagement,14703
VK001482,C10050,2016-02-05,164.56,70,Verkoopboek ordermanagement,15181
VK001483,C10018,2016-02-05,315.81,70,Verkoopboek ordermanagement,15183
VK001484,C10029,2016-02-05,522.72,70,Verkoopboek ordermanagement,15185
VK001485,C10031,2016-02-05,1262.28,70,Verkoopboek ordermanagement,15187
VK001486,C10033,2016-02-05,4249.52,70,Verkoopboek ordermanagement,15189
VK001487,C10042,2016-02-05,165.77,70,Verkoopboek ordermanagement,15191
VK001488,C10045,2016-02-05,104.06,70,Verkoopboek ordermanagement,15193
VK001489,C10046,2016-02-05,8555.91,70,Verkoopboek ordermanagement,15195
VK001490,C10054,2016-02-05,756.25,70,Verkoopboek ordermanagement,15197
VK001491,C10061,2016-02-05,484,70,Verkoopboek ordermanagement,15199
VK001492,C10062,2016-02-05,4749.25,70,Verkoopboek ordermanagement,15201
VK001493,C10066,2016-02-05,359.37,70,Verkoopboek ordermanagement,15203
VK001494,C10079,2016-02-05,394.46,70,Verkoopboek ordermanagement,15205
VK001495,C10118,2016-02-05,5408.7,70,Verkoopboek ordermanagement,15207
VK001496,C10122,2016-02-05,2926.55,70,Verkoopboek ordermanagement,15209
VK001497,C10128,2016-02-05,2101.77,70,Verkoopboek ordermanagement,15211
VK001498,C10128,2016-02-05,453.75,70,Verkoopboek ordermanagement,15213
VK001499,C10128,2016-02-05,203.28,70,Verkoopboek ordermanagement,15215
VK001500,C10129,2016-02-05,5263.5,70,Verkoopboek ordermanagement,15217
VK001501,C10130,2016-02-05,284.35,70,Verkoopboek ordermanagement,15219
VK001502,C10138,2016-02-05,261.36,70,Verkoopboek ordermanagement,15221
VK001503,C10139,2016-02-05,205.7,70,Verkoopboek ordermanagement,15223
VK001504,C10140,2016-02-05,290.4,70,Verkoopboek ordermanagement,15225
VK001505,C10141,2016-02-05,10559.67,70,Verkoopboek ordermanagement,15227
VK001506,C10145,2016-02-05,205.7,70,Verkoopboek ordermanagement,15229
VK001507,C10147,2016-02-05,2014.65,70,Verkoopboek ordermanagement,15230
VK001508,C10158,2016-02-05,272.25,70,Verkoopboek ordermanagement,15232
VK001509,C10159,2016-02-05,119.79,70,Verkoopboek ordermanagement,15234
VK001510,C10161,2016-02-05,638.88,70,Verkoopboek ordermanagement,15236
VK001511,C10174,2016-02-05,9.68,70,Verkoopboek ordermanagement,15238
VK001512,C10176,2016-02-05,718.74,70,Verkoopboek ordermanagement,15240
VK001513,C10181,2016-02-05,968,70,Verkoopboek ordermanagement,15242
VK001514,C22910,2016-02-05,238,70,Verkoopboek ordermanagement,15244
VK001515,C10000,2016-02-12,359.37,70,Verkoopboek ordermanagement,15246
VK001516,C10185,2016-02-12,645.84,70,Verkoopboek ordermanagement,15248
VK001517,C10006,2016-02-12,87.12,70,Verkoopboek ordermanagement,15250
VK001518,C10009,2016-02-12,423.5,70,Verkoopboek ordermanagement,15252
VK001519,C10011,2016-02-12,17.97,70,Verkoopboek ordermanagement,15254
VK001520,C10013,2016-02-12,4230.69,70,Verkoopboek ordermanagement,15255
VK001521,C10030,2016-02-12,784.08,70,Verkoopboek ordermanagement,15257
VK001522,C10032,2016-02-12,152.46,70,Verkoopboek ordermanagement,15259
VK001523,C10036,2016-02-12,756.25,70,Verkoopboek ordermanagement,15261
VK001524,C10048,2016-02-12,2904,70,Verkoopboek ordermanagement,15263
VK001525,C10049,2016-02-12,1421.75,70,Verkoopboek ordermanagement,15265
VK001526,C10051,2016-02-12,635.25,70,Verkoopboek ordermanagement,15267
VK001527,C10055,2016-02-12,260.15,70,Verkoopboek ordermanagement,15269
VK001528,C10059,2016-02-12,794.37,70,Verkoopboek ordermanagement,15271
VK001529,C10063,2016-02-12,516.67,70,Verkoopboek ordermanagement,15273
VK001530,C10064,2016-02-12,542.83,70,Verkoopboek ordermanagement,15275
VK001531,C10070,2016-02-12,719.95,70,Verkoopboek ordermanagement,15277
VK001532,C10076,2016-02-12,1806.53,70,Verkoopboek ordermanagement,15278
VK001533,C10084,2016-02-12,5412.33,70,Verkoopboek ordermanagement,15280
VK001534,C10086,2016-02-12,1575.42,70,Verkoopboek ordermanagement,15282
VK001535,C10089,2016-02-12,358.16,70,Verkoopboek ordermanagement,15284
VK001536,C10099,2016-02-12,1506.45,70,Verkoopboek ordermanagement,15286
VK001537,C10103,2016-02-12,329.12,70,Verkoopboek ordermanagement,15288
VK001538,C10108,2016-02-12,490.05,70,Verkoopboek ordermanagement,15290
VK001539,C10121,2016-02-12,5136.45,70,Verkoopboek ordermanagement,15292
VK001540,C10131,2016-02-12,401.72,70,Verkoopboek ordermanagement,15294
VK001541,C10133,2016-02-12,2541,70,Verkoopboek ordermanagement,15296
VK001542,C10138,2016-02-12,1125.3,70,Verkoopboek ordermanagement,15298
VK001543,C10143,2016-02-12,453.75,70,Verkoopboek ordermanagement,15300
VK001544,C10147,2016-02-12,1689.16,70,Verkoopboek ordermanagement,15302
VK001545,C10151,2016-02-12,1802.9,70,Verkoopboek ordermanagement,15304
VK001546,C10156,2016-02-12,269.83,70,Verkoopboek ordermanagement,15306
VK001547,C10167,2016-02-12,2342.56,70,Verkoopboek ordermanagement,15308
VK001548,C10178,2016-02-12,689.52,70,Verkoopboek ordermanagement,15310
VK001549,C10014,2016-02-19,3999.05,70,Verkoopboek ordermanagement,15312
VK001550,C10034,2016-02-19,5725.72,70,Verkoopboek ordermanagement,15314
VK001551,C10040,2016-02-19,602.11,70,Verkoopboek ordermanagement,15316
VK001552,C10056,2016-02-19,211.75,70,Verkoopboek ordermanagement,15318
VK001553,C10061,2016-02-19,907.5,70,Verkoopboek ordermanagement,15320
VK001554,C10067,2016-02-19,251.68,70,Verkoopboek ordermanagement,15322
VK001555,C10005,2016-02-19,223.85,70,Verkoopboek ordermanagement,15324
VK001556,C10069,2016-02-19,308.55,70,Verkoopboek ordermanagement,15326
VK001557,C10079,2016-02-19,150.04,70,Verkoopboek ordermanagement,15328
VK001558,C10087,2016-02-19,77.44,70,Verkoopboek ordermanagement,15330
VK001559,C10093,2016-02-19,3270.63,70,Verkoopboek ordermanagement,15332
VK001560,C10103,2016-02-19,2507.12,70,Verkoopboek ordermanagement,15334
VK001561,C10109,2016-02-19,5595.61,70,Verkoopboek ordermanagement,15336
VK001562,C10118,2016-02-19,423.5,70,Verkoopboek ordermanagement,15338
VK001563,C10120,2016-02-19,119.79,70,Verkoopboek ordermanagement,15340
VK001564,C10123,2016-02-19,58.08,70,Verkoopboek ordermanagement,15342
VK001565,C10134,2016-02-19,3630,70,Verkoopboek ordermanagement,15344
VK001566,C10144,2016-02-19,983.73,70,Verkoopboek ordermanagement,15346
VK001567,C10163,2016-02-19,1055.73,70,Verkoopboek ordermanagement,15348
VK001568,C10176,2016-02-19,8499.04,70,Verkoopboek ordermanagement,15350
VK001569,C10008,2016-02-26,1361.25,70,Verkoopboek ordermanagement,15352
VK001570,C10071,2016-02-26,3472.7,70,Verkoopboek ordermanagement,15354
VK001571,C10106,2016-02-26,1785.96,70,Verkoopboek ordermanagement,15356
VK001572,C10110,2016-02-26,5717.25,70,Verkoopboek ordermanagement,15358
VK001573,C10111,2016-02-26,206.67,70,Verkoopboek ordermanagement,15360
VK001574,C10112,2016-02-26,3041.94,70,Verkoopboek ordermanagement,15361
VK001575,C10114,2016-02-26,896.61,70,Verkoopboek ordermanagement,15363
VK001576,C10117,2016-02-26,4906.55,70,Verkoopboek ordermanagement,15365
VK001577,C10137,2016-02-26,2736.42,70,Verkoopboek ordermanagement,15367
VK001578,C10168,2016-02-26,2553.1,70,Verkoopboek ordermanagement,15368
VK001580,C10024,2016-03-04,842.16,70,Verkoopboek ordermanagement,15903
VK001581,C10012,2016-03-04,2238.5,70,Verkoopboek ordermanagement,15905
VK001582,C10022,2016-03-04,283.14,70,Verkoopboek ordermanagement,15907
VK001583,C10037,2016-03-04,152.97,70,Verkoopboek ordermanagement,15909
VK001584,C10038,2016-03-04,21.78,70,Verkoopboek ordermanagement,15911
VK001585,C10003,2016-03-04,6243.6,70,Verkoopboek ordermanagement,15913
VK001586,C10053,2016-03-04,3799.4,70,Verkoopboek ordermanagement,15915
VK001587,C10066,2016-03-04,290.4,70,Verkoopboek ordermanagement,15917
VK001588,C10067,2016-03-04,532.4,70,Verkoopboek ordermanagement,15919
VK001589,C10074,2016-03-04,8766.45,70,Verkoopboek ordermanagement,15921
VK001590,C10097,2016-03-04,268.62,70,Verkoopboek ordermanagement,15923
VK001591,C10108,2016-03-04,101.64,70,Verkoopboek ordermanagement,15925
VK001592,C10109,2016-03-04,809.49,70,Verkoopboek ordermanagement,15927
VK001593,C10129,2016-03-04,35.94,70,Verkoopboek ordermanagement,15929
VK001594,C10138,2016-03-04,314.3,70,Verkoopboek ordermanagement,15930
VK001595,C10147,2016-03-04,4733.71,70,Verkoopboek ordermanagement,15931
VK001596,C10151,2016-03-04,5408.7,70,Verkoopboek ordermanagement,15933
VK001597,C10151,2016-03-04,2652.32,70,Verkoopboek ordermanagement,15935
VK001598,C10158,2016-03-04,185.13,70,Verkoopboek ordermanagement,15937
VK001599,C10160,2016-03-04,718.74,70,Verkoopboek ordermanagement,15939
VK001600,C10170,2016-03-04,119.79,70,Verkoopboek ordermanagement,15941
VK001601,C10178,2016-03-04,1149.2,70,Verkoopboek ordermanagement,15943
VK001579,C10129,2016-03-08,1842.71,70,Verkoopboek ordermanagement,16067
VK001602,C10185,2016-03-11,43.56,70,Verkoopboek ordermanagement,15945
VK001603,C10009,2016-03-11,123.42,70,Verkoopboek ordermanagement,15947
VK001604,C10014,2016-03-11,1738.47,70,Verkoopboek ordermanagement,15949
VK001605,C10031,2016-03-11,156.09,70,Verkoopboek ordermanagement,15951
VK001606,C10045,2016-03-11,62.92,70,Verkoopboek ordermanagement,15953
VK001607,C10046,2016-03-11,156.09,70,Verkoopboek ordermanagement,15955
VK001608,C10055,2016-03-11,308.55,70,Verkoopboek ordermanagement,15957
VK001609,C10056,2016-03-11,356.93,70,Verkoopboek ordermanagement,15959
VK001610,C10064,2016-03-11,2065.47,70,Verkoopboek ordermanagement,15961
VK001611,C10070,2016-03-11,913.55,70,Verkoopboek ordermanagement,15963
VK001612,C10077,2016-03-11,205.7,70,Verkoopboek ordermanagement,15965
VK001613,C10092,2016-03-11,1873.23,70,Verkoopboek ordermanagement,15967
VK001614,C10099,2016-03-11,30.25,70,Verkoopboek ordermanagement,15969
VK001615,C10110,2016-03-11,6648.95,70,Verkoopboek ordermanagement,15971
VK001616,C10121,2016-03-11,617.1,70,Verkoopboek ordermanagement,15973
VK001617,C10125,2016-03-11,269.83,70,Verkoopboek ordermanagement,15975
VK001618,C10131,2016-03-11,1045.44,70,Verkoopboek ordermanagement,15977
VK001619,C10135,2016-03-11,1253.39,70,Verkoopboek ordermanagement,15979
VK001620,C10145,2016-03-11,58.08,70,Verkoopboek ordermanagement,15981
VK001621,C10149,2016-03-11,631.62,70,Verkoopboek ordermanagement,15983
VK001622,C10156,2016-03-11,2860.26,70,Verkoopboek ordermanagement,15985
VK001623,C10050,2016-03-18,386.96,70,Verkoopboek ordermanagement,15987
VK001624,C10008,2016-03-18,586.97,70,Verkoopboek ordermanagement,15988
VK001625,C10013,2016-03-18,1453.21,70,Verkoopboek ordermanagement,15990
VK001626,C10016,2016-03-18,208.12,70,Verkoopboek ordermanagement,15992
VK001627,C10020,2016-03-18,3865.95,70,Verkoopboek ordermanagement,15994
VK001628,C10029,2016-03-18,847.91,70,Verkoopboek ordermanagement,15996
VK001629,C10037,2016-03-18,5712.41,70,Verkoopboek ordermanagement,15998
VK001630,C10057,2016-03-18,479.16,70,Verkoopboek ordermanagement,16000
VK001631,C10061,2016-03-18,358.11,70,Verkoopboek ordermanagement,16002
VK001632,C10067,2016-03-18,677.18,70,Verkoopboek ordermanagement,16004
VK001633,C10071,2016-03-18,5412.33,70,Verkoopboek ordermanagement,16005
VK001634,C10084,2016-03-18,631.62,70,Verkoopboek ordermanagement,16007
VK001635,C10086,2016-03-18,3678.16,70,Verkoopboek ordermanagement,16009
VK001636,C10089,2016-03-18,4023.25,70,Verkoopboek ordermanagement,16010
VK001637,C10098,2016-03-18,4830.32,70,Verkoopboek ordermanagement,16012
VK001638,C10105,2016-03-18,4682.7,70,Verkoopboek ordermanagement,16014
VK001639,C10106,2016-03-18,544.5,70,Verkoopboek ordermanagement,16016
VK001640,C10132,2016-03-18,632.83,70,Verkoopboek ordermanagement,16018
VK001641,C10134,2016-03-18,260.15,70,Verkoopboek ordermanagement,16020
VK001642,C10159,2016-03-18,225.06,70,Verkoopboek ordermanagement,16022
VK001643,C10168,2016-03-18,427.13,70,Verkoopboek ordermanagement,16024
VK001644,C10186,2016-03-25,539.96,70,Verkoopboek ordermanagement,16026
VK001645,C10011,2016-03-25,581.77,70,Verkoopboek ordermanagement,16028
VK001646,C10019,2016-03-25,1334.63,70,Verkoopboek ordermanagement,16030
VK001647,C10021,2016-03-25,4023.25,70,Verkoopboek ordermanagement,16032
VK001648,C10073,2016-03-25,8499.04,70,Verkoopboek ordermanagement,16034
VK001649,C10103,2016-03-25,416.24,70,Verkoopboek ordermanagement,16036
VK001650,C10112,2016-03-25,72.6,70,Verkoopboek ordermanagement,16038
VK001651,C10116,2016-03-25,151.25,70,Verkoopboek ordermanagement,16040
VK001652,C10119,2016-03-25,4823.91,70,Verkoopboek ordermanagement,16042
VK001653,C10133,2016-03-25,3176.25,70,Verkoopboek ordermanagement,16044
VK001654,C10139,2016-03-25,447.7,70,Verkoopboek ordermanagement,16046
VK001655,C10140,2016-03-25,1899.7,70,Verkoopboek ordermanagement,16048
VK001656,C10141,2016-03-25,617.1,70,Verkoopboek ordermanagement,16050
VK001657,C10144,2016-03-25,348.48,70,Verkoopboek ordermanagement,16052
VK001658,C10181,2016-03-25,1956.45,70,Verkoopboek ordermanagement,16054
VK001659,C10024,2016-04-01,895.4,70,Verkoopboek ordermanagement,16761
VK001660,C10012,2016-04-01,47.92,70,Verkoopboek ordermanagement,16763
VK001661,C10017,2016-04-01,37.95,70,Verkoopboek ordermanagement,16764
VK001662,C10018,2016-04-01,1263.24,70,Verkoopboek ordermanagement,16766
VK001663,C10036,2016-04-01,598.95,70,Verkoopboek ordermanagement,16768
VK001664,C10042,2016-04-01,706.22,70,Verkoopboek ordermanagement,16770
VK001665,C10052,2016-04-01,2662,70,Verkoopboek ordermanagement,16772
VK001666,C10054,2016-04-01,1052.7,70,Verkoopboek ordermanagement,16774
VK001667,C10076,2016-04-01,816.75,70,Verkoopboek ordermanagement,16776
VK001668,C10080,2016-04-01,1202.74,70,Verkoopboek ordermanagement,16778
VK001669,C10102,2016-04-01,148.23,70,Verkoopboek ordermanagement,16780
VK001670,C10104,2016-04-01,8179.6,70,Verkoopboek ordermanagement,16782
VK001671,C10143,2016-04-01,1263.24,70,Verkoopboek ordermanagement,16783
VK001672,C10153,2016-04-01,529.38,70,Verkoopboek ordermanagement,16785
VK001673,C10176,2016-04-01,4773.45,70,Verkoopboek ordermanagement,16787
VK001674,C10179,2016-04-01,199.21,70,Verkoopboek ordermanagement,16789
VK001675,C10068,2016-04-08,59.9,70,Verkoopboek ordermanagement,16791
VK001676,C10068,2016-04-08,188.64,70,Verkoopboek ordermanagement,16792
VK001677,C10185,2016-04-08,2591.82,70,Verkoopboek ordermanagement,16793
VK001678,C10008,2016-04-08,42.35,70,Verkoopboek ordermanagement,16795
VK001679,C10011,2016-04-08,2541,70,Verkoopboek ordermanagement,16797
VK001680,C10013,2016-04-08,430.76,70,Verkoopboek ordermanagement,16799
VK001681,C10017,2016-04-08,118.58,70,Verkoopboek ordermanagement,16801
VK001682,C10002,2016-04-08,617.1,70,Verkoopboek ordermanagement,16803
VK001683,C10033,2016-04-08,242,70,Verkoopboek ordermanagement,16805
VK001684,C10035,2016-04-08,127.05,70,Verkoopboek ordermanagement,16807
VK001685,C10036,2016-04-08,2813.25,70,Verkoopboek ordermanagement,16809
VK001686,C10003,2016-04-08,4446.75,70,Verkoopboek ordermanagement,16811
VK001687,C10056,2016-04-08,539.96,70,Verkoopboek ordermanagement,16813
VK001688,C10067,2016-04-08,6131.07,70,Verkoopboek ordermanagement,16815
VK001689,C10078,2016-04-08,330.33,70,Verkoopboek ordermanagement,16817
VK001690,C10085,2016-04-08,21.78,70,Verkoopboek ordermanagement,16819
VK001691,C10092,2016-04-08,47.92,70,Verkoopboek ordermanagement,16821
VK001692,C10112,2016-04-08,154.88,70,Verkoopboek ordermanagement,16822
VK001693,C10121,2016-04-08,1815,70,Verkoopboek ordermanagement,16824
VK001694,C10129,2016-04-08,3472.7,70,Verkoopboek ordermanagement,16826
VK001695,C10172,2016-04-08,543.29,70,Verkoopboek ordermanagement,16828
VK001696,C10173,2016-04-08,598.95,70,Verkoopboek ordermanagement,16830
VK001697,C10181,2016-04-08,4985.2,70,Verkoopboek ordermanagement,16832
VK001698,C10012,2016-04-15,6041.53,70,Verkoopboek ordermanagement,16834
VK001699,C10027,2016-04-15,203.28,70,Verkoopboek ordermanagement,16836
VK001700,C10028,2016-04-15,135.52,70,Verkoopboek ordermanagement,16838
VK001701,C10030,2016-04-15,453.75,70,Verkoopboek ordermanagement,16840
VK001702,C10037,2016-04-15,76.23,70,Verkoopboek ordermanagement,16842
VK001703,C10042,2016-04-15,6508.47,70,Verkoopboek ordermanagement,16844
VK001704,C10057,2016-04-15,514.25,70,Verkoopboek ordermanagement,16846
VK001705,C10060,2016-04-15,849.42,70,Verkoopboek ordermanagement,16847
VK001706,C10061,2016-04-15,80.63,70,Verkoopboek ordermanagement,16849
VK001707,C10095,2016-04-15,3125.43,70,Verkoopboek ordermanagement,16851
VK001708,C10100,2016-04-15,1086.58,70,Verkoopboek ordermanagement,16853
VK001709,C10103,2016-04-15,3862.32,70,Verkoopboek ordermanagement,16855
VK001710,C10106,2016-04-15,1785.96,70,Verkoopboek ordermanagement,16857
VK001711,C10111,2016-04-15,109.75,70,Verkoopboek ordermanagement,16859
VK001712,C10127,2016-04-15,242,70,Verkoopboek ordermanagement,16861
VK001713,C10136,2016-04-15,422.29,70,Verkoopboek ordermanagement,16863
VK001714,C10137,2016-04-15,332.75,70,Verkoopboek ordermanagement,16865
VK001715,C10138,2016-04-15,309.76,70,Verkoopboek ordermanagement,16867
VK001716,C10143,2016-04-15,998.25,70,Verkoopboek ordermanagement,16869
VK001717,C10144,2016-04-15,1611.72,70,Verkoopboek ordermanagement,16871
VK001718,C10147,2016-04-15,866.36,70,Verkoopboek ordermanagement,16873
VK001719,C10154,2016-04-15,367.72,70,Verkoopboek ordermanagement,16875
VK001720,C10167,2016-04-15,348.63,70,Verkoopboek ordermanagement,16877
VK001721,C10168,2016-04-15,768.11,70,Verkoopboek ordermanagement,16879
VK001722,C10177,2016-04-15,268.62,70,Verkoopboek ordermanagement,16881
VK001723,C10186,2016-04-22,152.46,70,Verkoopboek ordermanagement,16883
VK001724,C10009,2016-04-22,1072.06,70,Verkoopboek ordermanagement,16885
VK001725,C10021,2016-04-22,1320.11,70,Verkoopboek ordermanagement,16887
VK001726,C10025,2016-04-22,422.29,70,Verkoopboek ordermanagement,16889
VK001727,C10026,2016-04-22,313.39,70,Verkoopboek ordermanagement,16891
VK001728,C10031,2016-04-22,101.64,70,Verkoopboek ordermanagement,16893
VK001729,C10046,2016-04-22,32.67,70,Verkoopboek ordermanagement,16895
VK001730,C10048,2016-04-22,3818.76,70,Verkoopboek ordermanagement,16897
VK001731,C10055,2016-04-22,2371.6,70,Verkoopboek ordermanagement,16899
VK001732,C10058,2016-04-22,1086.58,70,Verkoopboek ordermanagement,16901
VK001733,C10064,2016-04-22,246.84,70,Verkoopboek ordermanagement,16903
VK001734,C10070,2016-04-22,358.11,70,Verkoopboek ordermanagement,16905
VK001735,C10074,2016-04-22,93.19,70,Verkoopboek ordermanagement,16907
VK001736,C10077,2016-04-22,5146.13,70,Verkoopboek ordermanagement,16909
VK001737,C10092,2016-04-22,154.88,70,Verkoopboek ordermanagement,16911
VK001738,C10099,2016-04-22,284.35,70,Verkoopboek ordermanagement,16913
VK001739,C10105,2016-04-22,920.81,70,Verkoopboek ordermanagement,16915
VK001740,C10131,2016-04-22,76.23,70,Verkoopboek ordermanagement,16917
VK001741,C10140,2016-04-22,3368.04,70,Verkoopboek ordermanagement,16919
VK001742,C10161,2016-04-22,1905.75,70,Verkoopboek ordermanagement,16921
VK001743,C10169,2016-04-22,225.06,70,Verkoopboek ordermanagement,16923
VK001744,C10171,2016-04-22,469.58,70,Verkoopboek ordermanagement,16925
VK001745,C10014,2016-04-29,9388.39,70,Verkoopboek ordermanagement,16927
VK001746,C10022,2016-04-29,179.08,70,Verkoopboek ordermanagement,16929
VK001747,C10049,2016-04-29,3877.87,70,Verkoopboek ordermanagement,16931
VK001748,C10052,2016-04-29,1929.95,70,Verkoopboek ordermanagement,16933
VK001749,C10063,2016-04-29,92.95,70,Verkoopboek ordermanagement,16935
VK001750,C10066,2016-04-29,1949.31,70,Verkoopboek ordermanagement,16936
VK001751,C10005,2016-04-29,428.34,70,Verkoopboek ordermanagement,16938
VK001752,C10073,2016-04-29,617.1,70,Verkoopboek ordermanagement,16940
VK001753,C10076,2016-04-29,539.66,70,Verkoopboek ordermanagement,16941
VK001754,C10087,2016-04-29,309.86,70,Verkoopboek ordermanagement,16943
VK001755,C10090,2016-04-29,6310.15,70,Verkoopboek ordermanagement,16945
VK001756,C10096,2016-04-29,1805.78,70,Verkoopboek ordermanagement,16947
VK001757,C10097,2016-04-29,4177.04,70,Verkoopboek ordermanagement,16949
VK001758,C10101,2016-04-29,1566.95,70,Verkoopboek ordermanagement,16951
VK001759,C10110,2016-04-29,779.24,70,Verkoopboek ordermanagement,16953
VK001760,C10119,2016-04-29,61.71,70,Verkoopboek ordermanagement,16955
VK001761,C10135,2016-04-29,2193.73,70,Verkoopboek ordermanagement,16957
VK001762,C10139,2016-04-29,104.06,70,Verkoopboek ordermanagement,16959
VK001763,C10141,2016-04-29,8337.51,70,Verkoopboek ordermanagement,16961
VK001764,C10158,2016-04-29,998.25,70,Verkoopboek ordermanagement,16963
VK001765,C10162,2016-04-29,1742.4,70,Verkoopboek ordermanagement,16965
VK001766,C10017,2016-05-06,464.64,70,Verkoopboek ordermanagement,17495
VK001767,C10018,2016-05-06,304.92,70,Verkoopboek ordermanagement,17497
VK001768,C10031,2016-05-06,280.72,70,Verkoopboek ordermanagement,17499
VK001769,C10034,2016-05-06,119.79,70,Verkoopboek ordermanagement,17501
VK001770,C10039,2016-05-06,447.7,70,Verkoopboek ordermanagement,17503
VK001771,C10041,2016-05-06,1447.16,70,Verkoopboek ordermanagement,17505
VK001772,C10042,2016-05-06,303.71,70,Verkoopboek ordermanagement,17507
VK001773,C10045,2016-05-06,50.82,70,Verkoopboek ordermanagement,17509
VK001774,C10067,2016-05-06,7598.8,70,Verkoopboek ordermanagement,17511
VK001775,C10070,2016-05-06,435.6,70,Verkoopboek ordermanagement,17513
VK001776,C10071,2016-05-06,284.35,70,Verkoopboek ordermanagement,17515
VK001777,C10072,2016-05-06,793.3,70,Verkoopboek ordermanagement,17517
VK001778,C10079,2016-05-06,853.05,70,Verkoopboek ordermanagement,17519
VK001779,C10082,2016-05-06,4325.75,70,Verkoopboek ordermanagement,17521
VK001780,C10087,2016-05-06,145.2,70,Verkoopboek ordermanagement,17523
VK001781,C10096,2016-05-06,9.68,70,Verkoopboek ordermanagement,17525
VK001782,C10097,2016-05-06,1936,70,Verkoopboek ordermanagement,17527
VK001783,C10107,2016-05-06,701.8,70,Verkoopboek ordermanagement,17529
VK001784,C10108,2016-05-06,152.46,70,Verkoopboek ordermanagement,17531
VK001785,C10109,2016-05-06,525.14,70,Verkoopboek ordermanagement,17533
VK001786,C10136,2016-05-06,169.4,70,Verkoopboek ordermanagement,17535
VK001787,C10147,2016-05-06,5.99,70,Verkoopboek ordermanagement,17537
VK001788,C10155,2016-05-06,2202.2,70,Verkoopboek ordermanagement,17538
VK001789,C10170,2016-05-06,317.63,70,Verkoopboek ordermanagement,17540
VK001790,C10174,2016-05-06,3789.72,70,Verkoopboek ordermanagement,17542
VK001791,C10050,2016-05-13,4340.27,70,Verkoopboek ordermanagement,17544
VK001792,C10185,2016-05-13,284.35,70,Verkoopboek ordermanagement,17546
VK001793,C10009,2016-05-13,119.79,70,Verkoopboek ordermanagement,17548
VK001794,C10020,2016-05-13,756.25,70,Verkoopboek ordermanagement,17550
VK001795,C10023,2016-05-13,4963.42,70,Verkoopboek ordermanagement,17552
VK001796,C10026,2016-05-13,4343.9,70,Verkoopboek ordermanagement,17554
VK001797,C10053,2016-05-13,10828.86,70,Verkoopboek ordermanagement,17556
VK001798,C10059,2016-05-13,3121.8,70,Verkoopboek ordermanagement,17558
VK001799,C10071,2016-05-13,561.44,70,Verkoopboek ordermanagement,17560
VK001800,C10075,2016-05-13,164.56,70,Verkoopboek ordermanagement,17562
VK001801,C10080,2016-05-13,5069.9,70,Verkoopboek ordermanagement,17564
VK001802,C10084,2016-05-13,2896.74,70,Verkoopboek ordermanagement,17566
VK001803,C10093,2016-05-13,3983.32,70,Verkoopboek ordermanagement,17568
VK001804,C10096,2016-05-13,35.94,70,Verkoopboek ordermanagement,17570
VK001805,C10097,2016-05-13,1529.33,70,Verkoopboek ordermanagement,17571
VK001806,C10104,2016-05-13,2061.84,70,Verkoopboek ordermanagement,17573
VK001807,C10107,2016-05-13,17.97,70,Verkoopboek ordermanagement,17575
VK001808,C10108,2016-05-13,1052.7,70,Verkoopboek ordermanagement,17576
VK001809,C10111,2016-05-13,72.6,70,Verkoopboek ordermanagement,17578
VK001810,C10137,2016-05-13,11.98,70,Verkoopboek ordermanagement,17580
VK001811,C10146,2016-05-13,206.67,70,Verkoopboek ordermanagement,17581
VK001812,C10176,2016-05-13,701.8,70,Verkoopboek ordermanagement,17582
VK001813,C10002,2016-05-20,421.08,70,Verkoopboek ordermanagement,17584
VK001814,C10088,2016-05-20,6645.32,70,Verkoopboek ordermanagement,17586
VK001815,C10122,2016-05-20,7984.79,70,Verkoopboek ordermanagement,17588
VK001816,C10126,2016-05-20,2413.95,70,Verkoopboek ordermanagement,17590
VK001817,C10128,2016-05-20,199.65,70,Verkoopboek ordermanagement,17592
VK001818,C10129,2016-05-20,143.99,70,Verkoopboek ordermanagement,17594
VK001819,C10135,2016-05-20,7201.92,70,Verkoopboek ordermanagement,17596
VK001820,C10147,2016-05-20,2413.95,70,Verkoopboek ordermanagement,17598
VK001821,C10154,2016-05-20,2299,70,Verkoopboek ordermanagement,17600
VK001822,C10159,2016-05-20,2896.74,70,Verkoopboek ordermanagement,17602
VK001823,C10161,2016-05-20,135.52,70,Verkoopboek ordermanagement,17604
VK001824,C10172,2016-05-20,471.9,70,Verkoopboek ordermanagement,17606
VK001825,C10173,2016-05-20,6383.96,70,Verkoopboek ordermanagement,17608
VK001826,C10178,2016-05-20,718.74,70,Verkoopboek ordermanagement,17610
VK001827,C10182,2016-05-20,3191.98,70,Verkoopboek ordermanagement,17612
VK001828,C10008,2016-05-27,400.51,70,Verkoopboek ordermanagement,17614
VK001829,C10025,2016-05-27,2059.99,70,Verkoopboek ordermanagement,17616
VK001830,C10029,2016-05-27,123.42,70,Verkoopboek ordermanagement,17618
VK001831,C10030,2016-05-27,193.48,70,Verkoopboek ordermanagement,17620
VK001832,C10045,2016-05-27,484,70,Verkoopboek ordermanagement,17621
VK001833,C10048,2016-05-27,179.06,70,Verkoopboek ordermanagement,17623
VK001834,C10054,2016-05-27,416.24,70,Verkoopboek ordermanagement,17625
VK001835,C10066,2016-05-27,886.93,70,Verkoopboek ordermanagement,17627
VK001836,C10077,2016-05-27,174.24,70,Verkoopboek ordermanagement,17629
VK001837,C10083,2016-05-27,453.75,70,Verkoopboek ordermanagement,17631
VK001838,C10089,2016-05-27,208.12,70,Verkoopboek ordermanagement,17633
VK001839,C10091,2016-05-27,479.16,70,Verkoopboek ordermanagement,17635
VK001840,C10099,2016-05-27,5947.15,70,Verkoopboek ordermanagement,17637
VK001841,C10116,2016-05-27,3630,70,Verkoopboek ordermanagement,17639
VK001842,C10134,2016-05-27,2535.19,70,Verkoopboek ordermanagement,17641
VK001843,C10140,2016-05-27,10.89,70,Verkoopboek ordermanagement,17643
VK001844,C10142,2016-05-27,1029.71,70,Verkoopboek ordermanagement,17645
VK001845,C10162,2016-05-27,154.88,70,Verkoopboek ordermanagement,17647
VK001846,C10171,2016-05-27,9262.55,70,Verkoopboek ordermanagement,17649
VK001847,C10177,2016-05-27,263.18,70,Verkoopboek ordermanagement,17651
VK001848,C10068,2016-06-03,972.84,70,Verkoopboek ordermanagement,18330
VK001849,C10186,2016-06-03,223.85,70,Verkoopboek ordermanagement,18332
VK001850,C10011,2016-06-03,309.76,70,Verkoopboek ordermanagement,18334
VK001851,C10017,2016-06-03,547.28,70,Verkoopboek ordermanagement,18336
VK001852,C10019,2016-06-03,1899.7,70,Verkoopboek ordermanagement,18337
VK001853,C10022,2016-06-03,8179.6,70,Verkoopboek ordermanagement,18339
VK001854,C10026,2016-06-03,179.08,70,Verkoopboek ordermanagement,18340
VK001855,C10027,2016-06-03,284.35,70,Verkoopboek ordermanagement,18342
VK001856,C10034,2016-06-03,54.45,70,Verkoopboek ordermanagement,18344
VK001857,C10035,2016-06-03,958.32,70,Verkoopboek ordermanagement,18346
VK001858,C10052,2016-06-03,152.46,70,Verkoopboek ordermanagement,18348
VK001859,C10055,2016-06-03,2002.55,70,Verkoopboek ordermanagement,18350
VK001860,C10059,2016-06-03,12623.93,70,Verkoopboek ordermanagement,18352
VK001861,C10070,2016-06-03,1361.25,70,Verkoopboek ordermanagement,18354
VK001862,C10085,2016-06-03,1742.4,70,Verkoopboek ordermanagement,18356
VK001863,C10090,2016-06-03,1707.55,70,Verkoopboek ordermanagement,18358
VK001864,C10092,2016-06-03,741.13,70,Verkoopboek ordermanagement,18360
VK001865,C10095,2016-06-03,3607.2,70,Verkoopboek ordermanagement,18362
VK001866,C10097,2016-06-03,6388.8,70,Verkoopboek ordermanagement,18364
VK001867,C10106,2016-06-03,21.78,70,Verkoopboek ordermanagement,18366
VK001868,C10109,2016-06-03,1838.72,70,Verkoopboek ordermanagement,18368
VK001869,C10110,2016-06-03,588.06,70,Verkoopboek ordermanagement,18370
VK001870,C10110,2016-06-03,2896.74,70,Verkoopboek ordermanagement,18372
VK001871,C10123,2016-06-03,539.96,70,Verkoopboek ordermanagement,18374
VK001872,C10127,2016-06-03,98.59,70,Verkoopboek ordermanagement,18376
VK001873,C10137,2016-06-03,598.95,70,Verkoopboek ordermanagement,18378
VK001874,C10143,2016-06-03,125.72,70,Verkoopboek ordermanagement,18380
VK001875,C10144,2016-06-03,982.52,70,Verkoopboek ordermanagement,18381
VK001876,C10147,2016-06-03,421.08,70,Verkoopboek ordermanagement,18383
VK001877,C10149,2016-06-03,141.57,70,Verkoopboek ordermanagement,18385
VK001878,C10174,2016-06-03,43.56,70,Verkoopboek ordermanagement,18387
VK001879,C10007,2016-06-10,4065.6,70,Verkoopboek ordermanagement,18389
VK001880,C10008,2016-06-10,71.87,70,Verkoopboek ordermanagement,18391
VK001881,C10013,2016-06-10,875.37,70,Verkoopboek ordermanagement,18392
VK001882,C10025,2016-06-10,169.4,70,Verkoopboek ordermanagement,18394
VK001883,C10028,2016-06-10,193.48,70,Verkoopboek ordermanagement,18396
VK001884,C10038,2016-06-10,410.19,70,Verkoopboek ordermanagement,18397
VK001885,C10045,2016-06-10,2650.26,70,Verkoopboek ordermanagement,18399
VK001886,C10053,2016-06-10,280.72,70,Verkoopboek ordermanagement,18401
VK001887,C10053,2016-06-10,1058.75,70,Verkoopboek ordermanagement,18403
VK001888,C10054,2016-06-10,121,70,Verkoopboek ordermanagement,18405
VK001889,C10057,2016-06-10,1339.47,70,Verkoopboek ordermanagement,18407
VK001890,C10061,2016-06-10,119.79,70,Verkoopboek ordermanagement,18409
VK001891,C10065,2016-06-10,58.08,70,Verkoopboek ordermanagement,18411
VK001892,C10071,2016-06-10,3379.53,70,Verkoopboek ordermanagement,18413
VK001893,C10083,2016-06-10,453.75,70,Verkoopboek ordermanagement,18415
VK001894,C10108,2016-06-10,87.12,70,Verkoopboek ordermanagement,18417
VK001895,C10111,2016-06-10,4598,70,Verkoopboek ordermanagement,18419
VK001896,C10113,2016-06-10,187.79,70,Verkoopboek ordermanagement,18421
VK001897,C10134,2016-06-10,726,70,Verkoopboek ordermanagement,18423
VK001898,C10153,2016-06-10,25.83,70,Verkoopboek ordermanagement,18425
VK001899,C10153,2016-06-10,15.13,70,Verkoopboek ordermanagement,18426
VK001900,C10155,2016-06-10,2323.2,70,Verkoopboek ordermanagement,18428
VK001901,C10163,2016-06-10,2232.45,70,Verkoopboek ordermanagement,18430
VK001902,C10177,2016-06-10,465.85,70,Verkoopboek ordermanagement,18432
VK001903,C10178,2016-06-10,10.89,70,Verkoopboek ordermanagement,18434
VK001904,C10182,2016-06-10,598.95,70,Verkoopboek ordermanagement,18436
VK001905,C10024,2016-06-17,67.76,70,Verkoopboek ordermanagement,18438
VK001906,C10068,2016-06-17,4170.87,70,Verkoopboek ordermanagement,18440
VK001907,C10185,2016-06-17,2268.75,70,Verkoopboek ordermanagement,18442
VK001908,C10010,2016-06-17,203.28,70,Verkoopboek ordermanagement,18444
VK001909,C10015,2016-06-17,2678.94,70,Verkoopboek ordermanagement,18446
VK001910,C10020,2016-06-17,359.37,70,Verkoopboek ordermanagement,18448
VK001911,C10021,2016-06-17,1669.2,70,Verkoopboek ordermanagement,18450
VK001912,C10022,2016-06-17,47.19,70,Verkoopboek ordermanagement,18452
VK001913,C10025,2016-06-17,703.01,70,Verkoopboek ordermanagement,18454
VK001914,C10031,2016-06-17,502.88,70,Verkoopboek ordermanagement,18456
VK001915,C10033,2016-06-17,2193.73,70,Verkoopboek ordermanagement,18457
VK001916,C10034,2016-06-17,7157.15,70,Verkoopboek ordermanagement,18459
VK001917,C10035,2016-06-17,152.46,70,Verkoopboek ordermanagement,18460
VK001918,C10036,2016-06-17,2119.92,70,Verkoopboek ordermanagement,18462
VK001919,C10044,2016-06-17,1684.32,70,Verkoopboek ordermanagement,18464
VK001920,C10054,2016-06-17,188.76,70,Verkoopboek ordermanagement,18466
VK001921,C10055,2016-06-17,1062.38,70,Verkoopboek ordermanagement,18468
VK001922,C10058,2016-06-17,193.6,70,Verkoopboek ordermanagement,18470
VK001923,C10062,2016-06-17,304.92,70,Verkoopboek ordermanagement,18472
VK001924,C10066,2016-06-17,264.99,70,Verkoopboek ordermanagement,18474
VK001925,C10005,2016-06-17,203.28,70,Verkoopboek ordermanagement,18476
VK001926,C10071,2016-06-17,147.62,70,Verkoopboek ordermanagement,18478
VK001927,C10078,2016-06-17,119.79,70,Verkoopboek ordermanagement,18480
VK001928,C10079,2016-06-17,359.98,70,Verkoopboek ordermanagement,18482
VK001929,C10093,2016-06-17,2752.75,70,Verkoopboek ordermanagement,18484
VK001930,C10095,2016-06-17,63.53,70,Verkoopboek ordermanagement,18486
VK001931,C10105,2016-06-17,51.67,70,Verkoopboek ordermanagement,18488
VK001932,C10110,2016-06-17,151.25,70,Verkoopboek ordermanagement,18489
VK001933,C10114,2016-06-17,188.76,70,Verkoopboek ordermanagement,18491
VK001934,C10114,2016-06-17,978.29,70,Verkoopboek ordermanagement,18493
VK001935,C10123,2016-06-17,919.54,70,Verkoopboek ordermanagement,18495
VK001936,C10126,2016-06-17,853.05,70,Verkoopboek ordermanagement,18496
VK001937,C10128,2016-06-17,4507.25,70,Verkoopboek ordermanagement,18498
VK001938,C10136,2016-06-17,127.05,70,Verkoopboek ordermanagement,18500
VK001939,C10136,2016-06-17,199.65,70,Verkoopboek ordermanagement,18502
VK001940,C10140,2016-06-17,542.08,70,Verkoopboek ordermanagement,18504
VK001941,C10141,2016-06-17,141.57,70,Verkoopboek ordermanagement,18506
VK001942,C10142,2016-06-17,271.04,70,Verkoopboek ordermanagement,18508
VK001943,C10162,2016-06-17,119.79,70,Verkoopboek ordermanagement,18510
VK001944,C10173,2016-06-17,464.64,70,Verkoopboek ordermanagement,18512
VK001945,C10174,2016-06-17,7066.4,70,Verkoopboek ordermanagement,18514
VK001946,C10183,2016-06-17,502.15,70,Verkoopboek ordermanagement,18516
VK001947,C10185,2016-06-24,904.84,70,Verkoopboek ordermanagement,18518
VK001948,C10014,2016-06-24,1131.96,70,Verkoopboek ordermanagement,18520
VK001949,C10018,2016-06-24,105.27,70,Verkoopboek ordermanagement,18522
VK001950,C10037,2016-06-24,1560.9,70,Verkoopboek ordermanagement,18524
VK001951,C10042,2016-06-24,199.65,70,Verkoopboek ordermanagement,18526
VK001952,C10046,2016-06-24,65.34,70,Verkoopboek ordermanagement,18528
VK001953,C10056,2016-06-24,1839.08,70,Verkoopboek ordermanagement,18530
VK001954,C10064,2016-06-24,3685.42,70,Verkoopboek ordermanagement,18531
VK001955,C10087,2016-06-24,2736.42,70,Verkoopboek ordermanagement,18533
VK001956,C10099,2016-06-24,300.08,70,Verkoopboek ordermanagement,18534
VK001957,C10106,2016-06-24,822.8,70,Verkoopboek ordermanagement,18536
VK001958,C10121,2016-06-24,1391.5,70,Verkoopboek ordermanagement,18537
VK001959,C10139,2016-06-24,399.3,70,Verkoopboek ordermanagement,18539
VK001960,C10141,2016-06-24,2193.73,70,Verkoopboek ordermanagement,18541
VK001961,C10147,2016-06-24,3125.43,70,Verkoopboek ordermanagement,18543
VK001962,C10151,2016-06-24,2415.16,70,Verkoopboek ordermanagement,18545
VK001963,C10181,2016-06-24,308.55,70,Verkoopboek ordermanagement,18547
VK001964,C10005,2016-07-01,179.08,70,Verkoopboek ordermanagement,19287
VK001965,C10009,2016-07-01,774.4,70,Verkoopboek ordermanagement,19289
VK001966,C10013,2016-07-01,193.6,70,Verkoopboek ordermanagement,19291
VK001967,C10017,2016-07-01,239.58,70,Verkoopboek ordermanagement,19293
VK001968,C10040,2016-07-01,3274.62,70,Verkoopboek ordermanagement,19295
VK001969,C10057,2016-07-01,671.55,70,Verkoopboek ordermanagement,19297
VK001970,C10067,2016-07-01,44.77,70,Verkoopboek ordermanagement,19299
VK001971,C10076,2016-07-01,1608.88,70,Verkoopboek ordermanagement,19301
VK001972,C10078,2016-07-01,539.66,70,Verkoopboek ordermanagement,19303
VK001973,C10103,2016-07-01,1125.3,70,Verkoopboek ordermanagement,19305
VK001974,C10108,2016-07-01,359.37,70,Verkoopboek ordermanagement,19307
VK001975,C10109,2016-07-01,509.39,70,Verkoopboek ordermanagement,19309
VK001976,C10143,2016-07-01,4404.4,70,Verkoopboek ordermanagement,19311
VK001977,C10154,2016-07-01,1992.87,70,Verkoopboek ordermanagement,19313
VK001978,C10162,2016-07-01,32.67,70,Verkoopboek ordermanagement,19315
VK001979,C10168,2016-07-01,3017.56,70,Verkoopboek ordermanagement,19317
VK001980,C10011,2016-07-08,1905.75,70,Verkoopboek ordermanagement,19319
VK001981,C10033,2016-07-08,2173.16,70,Verkoopboek ordermanagement,19321
VK001982,C10073,2016-07-08,87.12,70,Verkoopboek ordermanagement,19323
VK001983,C10076,2016-07-08,9736.87,70,Verkoopboek ordermanagement,19325
VK001984,C10077,2016-07-08,602.58,70,Verkoopboek ordermanagement,19327
VK001985,C10087,2016-07-08,47.92,70,Verkoopboek ordermanagement,19329
VK001986,C10109,2016-07-08,199.53,70,Verkoopboek ordermanagement,19330
VK001987,C10113,2016-07-08,566.28,70,Verkoopboek ordermanagement,19332
VK001988,C10114,2016-07-08,96.8,70,Verkoopboek ordermanagement,19334
VK001989,C10121,2016-07-08,905.99,70,Verkoopboek ordermanagement,19336
VK001990,C10139,2016-07-08,2322.72,70,Verkoopboek ordermanagement,19338
VK001991,C10167,2016-07-08,5248.98,70,Verkoopboek ordermanagement,19340
VK001992,C10170,2016-07-08,187.55,70,Verkoopboek ordermanagement,19342
VK001993,C10172,2016-07-08,242,70,Verkoopboek ordermanagement,19344
VK001994,C10181,2016-07-08,359.37,70,Verkoopboek ordermanagement,19346
VK001995,C10004,2016-07-15,561.44,70,Verkoopboek ordermanagement,19348
VK001996,C10007,2016-07-15,329.12,70,Verkoopboek ordermanagement,19350
VK001997,C10013,2016-07-15,6405.57,70,Verkoopboek ordermanagement,19352
VK001998,C10024,2016-07-15,145.2,70,Verkoopboek ordermanagement,19354
VK001999,C10037,2016-07-15,1527.02,70,Verkoopboek ordermanagement,19356
VK002000,C10041,2016-07-15,221.43,70,Verkoopboek ordermanagement,19358
VK002001,C10042,2016-07-15,315.21,70,Verkoopboek ordermanagement,19360
VK002002,C10044,2016-07-15,919.36,70,Verkoopboek ordermanagement,19362
VK002003,C10045,2016-07-15,3018.95,70,Verkoopboek ordermanagement,19364
VK002004,C10051,2016-07-15,14.52,70,Verkoopboek ordermanagement,19366
VK002005,C10053,2016-07-15,3968.8,70,Verkoopboek ordermanagement,19368
VK002006,C10055,2016-07-15,2210.67,70,Verkoopboek ordermanagement,19370
VK002007,C10056,2016-07-15,779.17,70,Verkoopboek ordermanagement,19372
VK002008,C10059,2016-07-15,2758.62,70,Verkoopboek ordermanagement,19374
VK002009,C10065,2016-07-15,66.55,70,Verkoopboek ordermanagement,19376
VK002010,C10066,2016-07-15,1017.61,70,Verkoopboek ordermanagement,19378
VK002011,C10070,2016-07-15,1765.7,70,Verkoopboek ordermanagement,19380
VK002012,C10071,2016-07-15,1905.75,70,Verkoopboek ordermanagement,19382
VK002013,C10092,2016-07-15,1210,70,Verkoopboek ordermanagement,19384
VK002014,C10093,2016-07-15,574.75,70,Verkoopboek ordermanagement,19386
VK002015,C10099,2016-07-15,773.92,70,Verkoopboek ordermanagement,19388
VK002016,C10102,2016-07-15,2662.12,70,Verkoopboek ordermanagement,19390
VK002017,C10103,2016-07-15,1144.66,70,Verkoopboek ordermanagement,19392
VK002018,C10107,2016-07-15,130.68,70,Verkoopboek ordermanagement,19394
VK002019,C10108,2016-07-15,1369.72,70,Verkoopboek ordermanagement,19396
VK002020,C10111,2016-07-15,313.39,70,Verkoopboek ordermanagement,19398
VK002021,C10112,2016-07-15,1177.14,70,Verkoopboek ordermanagement,19400
VK002022,C10116,2016-07-15,3067.35,70,Verkoopboek ordermanagement,19402
VK002023,C10129,2016-07-15,5082,70,Verkoopboek ordermanagement,19404
VK002024,C10140,2016-07-15,2223.38,70,Verkoopboek ordermanagement,19406
VK002025,C10143,2016-07-15,3799.4,70,Verkoopboek ordermanagement,19408
VK002026,C10145,2016-07-15,38.72,70,Verkoopboek ordermanagement,19410
VK002027,C10147,2016-07-15,314.3,70,Verkoopboek ordermanagement,19412
VK002028,C10162,2016-07-15,3947.12,70,Verkoopboek ordermanagement,19414
VK002029,C10009,2016-07-22,190.58,70,Verkoopboek ordermanagement,19416
VK002030,C10014,2016-07-22,5106.2,70,Verkoopboek ordermanagement,19418
VK002031,C10021,2016-07-22,1287.14,70,Verkoopboek ordermanagement,19420
VK002032,C10023,2016-07-22,127.05,70,Verkoopboek ordermanagement,19422
VK002033,C10046,2016-07-22,665.5,70,Verkoopboek ordermanagement,19424
VK002034,C10054,2016-07-22,76.23,70,Verkoopboek ordermanagement,19426
VK002035,C10057,2016-07-22,961.95,70,Verkoopboek ordermanagement,19428
VK002036,C10061,2016-07-22,1263.24,70,Verkoopboek ordermanagement,19430
VK002037,C10062,2016-07-22,4312.26,70,Verkoopboek ordermanagement,19432
VK002038,C10063,2016-07-22,105.27,70,Verkoopboek ordermanagement,19434
VK002039,C10067,2016-07-22,1164.02,70,Verkoopboek ordermanagement,19436
VK002040,C10069,2016-07-22,3183.51,70,Verkoopboek ordermanagement,19438
VK002041,C10080,2016-07-22,5.99,70,Verkoopboek ordermanagement,19440
VK002042,C10081,2016-07-22,671.55,70,Verkoopboek ordermanagement,19441
VK002043,C10101,2016-07-22,1546.08,70,Verkoopboek ordermanagement,19443
VK002044,C10106,2016-07-22,479.16,70,Verkoopboek ordermanagement,19445
VK002045,C10119,2016-07-22,3630,70,Verkoopboek ordermanagement,19447
VK002046,C10122,2016-07-22,1119.25,70,Verkoopboek ordermanagement,19449
VK002047,C10126,2016-07-22,260.76,70,Verkoopboek ordermanagement,19451
VK002048,C10146,2016-07-22,471.9,70,Verkoopboek ordermanagement,19453
VK002049,C10148,2016-07-22,416.24,70,Verkoopboek ordermanagement,19455
VK002050,C10015,2016-07-29,1984.4,70,Verkoopboek ordermanagement,19457
VK002051,C10018,2016-07-29,3862.32,70,Verkoopboek ordermanagement,19459
VK002052,C10036,2016-07-29,2245.76,70,Verkoopboek ordermanagement,19461
VK002053,C10060,2016-07-29,2224.56,70,Verkoopboek ordermanagement,19463
VK002054,C10061,2016-07-29,5.99,70,Verkoopboek ordermanagement,19465
VK002055,C10075,2016-07-29,3622.74,70,Verkoopboek ordermanagement,19466
VK002056,C10082,2016-07-29,1335.84,70,Verkoopboek ordermanagement,19468
VK002057,C10094,2016-07-29,992.2,70,Verkoopboek ordermanagement,19470
VK002058,C10097,2016-07-29,210.54,70,Verkoopboek ordermanagement,19472
VK002059,C10100,2016-07-29,25.41,70,Verkoopboek ordermanagement,19474
VK002060,C10100,2016-07-29,2678.94,70,Verkoopboek ordermanagement,19476
VK002061,C10110,2016-07-29,1729.7,70,Verkoopboek ordermanagement,19478
VK002062,C10120,2016-07-29,58.08,70,Verkoopboek ordermanagement,19480
VK002063,C10125,2016-07-29,96.8,70,Verkoopboek ordermanagement,19482
VK002064,C10141,2016-07-29,1787.17,70,Verkoopboek ordermanagement,19484
VK002065,C10142,2016-07-29,3830.98,70,Verkoopboek ordermanagement,19486
VK002066,C10151,2016-07-29,4299.13,70,Verkoopboek ordermanagement,19488
VK002067,C10152,2016-07-29,1931.16,70,Verkoopboek ordermanagement,19490
VK002068,C10154,2016-07-29,9593.85,70,Verkoopboek ordermanagement,19492
VK002069,C10160,2016-07-29,19.36,70,Verkoopboek ordermanagement,19494
VK002070,C10171,2016-07-29,803.44,70,Verkoopboek ordermanagement,19496
VK002071,C10174,2016-07-29,2319.57,70,Verkoopboek ordermanagement,19498
VK002072,C10001,2016-08-05,132.81,70,Verkoopboek ordermanagement,20206
VK002073,C10003,2016-08-05,387.2,70,Verkoopboek ordermanagement,20208
VK002074,C10010,2016-08-05,7367.69,70,Verkoopboek ordermanagement,20210
VK002075,C10019,2016-08-05,151.25,70,Verkoopboek ordermanagement,20212
VK002076,C10021,2016-08-05,1494.35,70,Verkoopboek ordermanagement,20214
VK002077,C10021,2016-08-05,580.44,70,Verkoopboek ordermanagement,20216
VK002078,C10040,2016-08-05,4958.88,70,Verkoopboek ordermanagement,20218
VK002079,C10045,2016-08-05,1725.27,70,Verkoopboek ordermanagement,20220
VK002080,C10046,2016-08-05,3571.92,70,Verkoopboek ordermanagement,20222
VK002081,C10057,2016-08-05,665.5,70,Verkoopboek ordermanagement,20224
VK002082,C10061,2016-08-05,4987.62,70,Verkoopboek ordermanagement,20226
VK002083,C10063,2016-08-05,1250.84,70,Verkoopboek ordermanagement,20228
VK002084,C10064,2016-08-05,147.89,70,Verkoopboek ordermanagement,20230
VK002085,C10069,2016-08-05,1022.45,70,Verkoopboek ordermanagement,20232
VK002086,C10077,2016-08-05,268.62,70,Verkoopboek ordermanagement,20234
VK002087,C10093,2016-08-05,359.37,70,Verkoopboek ordermanagement,20236
VK002088,C10107,2016-08-05,312.18,70,Verkoopboek ordermanagement,20238
VK002089,C10108,2016-08-05,179.08,70,Verkoopboek ordermanagement,20240
VK002090,C10123,2016-08-05,1902.12,70,Verkoopboek ordermanagement,20242
VK002091,C10141,2016-08-05,2295.43,70,Verkoopboek ordermanagement,20244
VK002092,C10156,2016-08-05,598.95,70,Verkoopboek ordermanagement,20246
VK002093,C10168,2016-08-05,2285.69,70,Verkoopboek ordermanagement,20248
VK002094,C10173,2016-08-05,94.38,70,Verkoopboek ordermanagement,20250
VK002095,C10013,2016-08-12,5.99,70,Verkoopboek ordermanagement,20252
VK002096,C10018,2016-08-12,998.25,70,Verkoopboek ordermanagement,20253
VK002097,C10035,2016-08-12,1074.33,70,Verkoopboek ordermanagement,20255
VK002098,C10036,2016-08-12,4328.17,70,Verkoopboek ordermanagement,20257
VK002099,C10055,2016-08-12,290.4,70,Verkoopboek ordermanagement,20259
VK002100,C10060,2016-08-12,6857.98,70,Verkoopboek ordermanagement,20261
VK002101,C10065,2016-08-12,193.6,70,Verkoopboek ordermanagement,20263
VK002102,C10066,2016-08-12,3805.14,70,Verkoopboek ordermanagement,20265
VK002103,C10071,2016-08-12,2319.57,70,Verkoopboek ordermanagement,20267
VK002104,C10073,2016-08-12,5017.87,70,Verkoopboek ordermanagement,20269
VK002105,C10080,2016-08-12,41.93,70,Verkoopboek ordermanagement,20271
VK002106,C10087,2016-08-12,72.6,70,Verkoopboek ordermanagement,20272
VK002107,C10095,2016-08-12,2002.07,70,Verkoopboek ordermanagement,20274
VK002108,C10099,2016-08-12,4639.14,70,Verkoopboek ordermanagement,20276
VK002109,C10109,2016-08-12,87.12,70,Verkoopboek ordermanagement,20278
VK002110,C10116,2016-08-12,465.85,70,Verkoopboek ordermanagement,20280
VK002111,C10117,2016-08-12,11.98,70,Verkoopboek ordermanagement,20282
VK002112,C10129,2016-08-12,477.95,70,Verkoopboek ordermanagement,20283
VK002113,C10151,2016-08-12,2415.16,70,Verkoopboek ordermanagement,20285
VK002114,C10154,2016-08-12,1871.87,70,Verkoopboek ordermanagement,20287
VK002115,C10160,2016-08-12,174.24,70,Verkoopboek ordermanagement,20289
VK002116,C10162,2016-08-12,347.27,70,Verkoopboek ordermanagement,20291
VK002117,C10181,2016-08-12,377.52,70,Verkoopboek ordermanagement,20293
VK002118,C10014,2016-08-19,1379.4,70,Verkoopboek ordermanagement,20295
VK002119,C10015,2016-08-19,1838.72,70,Verkoopboek ordermanagement,20297
VK002120,C10032,2016-08-19,47.19,70,Verkoopboek ordermanagement,20299
VK002121,C10051,2016-08-19,423.5,70,Verkoopboek ordermanagement,20301
VK002122,C10056,2016-08-19,3058.88,70,Verkoopboek ordermanagement,20303
VK002123,C10076,2016-08-19,3067.35,70,Verkoopboek ordermanagement,20305
VK002124,C10078,2016-08-19,1119.25,70,Verkoopboek ordermanagement,20307
VK002125,C10081,2016-08-19,4228.95,70,Verkoopboek ordermanagement,20309
VK002126,C10102,2016-08-19,296.45,70,Verkoopboek ordermanagement,20311
VK002127,C10106,2016-08-19,1968.25,70,Verkoopboek ordermanagement,20313
VK002128,C10121,2016-08-19,661.87,70,Verkoopboek ordermanagement,20315
VK002129,C10131,2016-08-19,633.44,70,Verkoopboek ordermanagement,20317
VK002130,C10132,2016-08-19,2541,70,Verkoopboek ordermanagement,20319
VK002131,C10143,2016-08-19,199.65,70,Verkoopboek ordermanagement,20321
VK002132,C10147,2016-08-19,152.46,70,Verkoopboek ordermanagement,20323
VK002133,C10168,2016-08-19,615.29,70,Verkoopboek ordermanagement,20325
VK002134,C10172,2016-08-19,135.52,70,Verkoopboek ordermanagement,20327
VK002135,C10180,2016-08-19,33.28,70,Verkoopboek ordermanagement,20329
VK002136,C10005,2016-08-26,8989.09,70,Verkoopboek ordermanagement,20331
VK002137,C10009,2016-08-26,6185.52,70,Verkoopboek ordermanagement,20333
VK002138,C10013,2016-08-26,1448.37,70,Verkoopboek ordermanagement,20335
VK002139,C10038,2016-08-26,707.85,70,Verkoopboek ordermanagement,20337
VK002140,C10040,2016-08-26,123.42,70,Verkoopboek ordermanagement,20339
VK002141,C10041,2016-08-26,442.86,70,Verkoopboek ordermanagement,20341
VK002142,C10067,2016-08-26,1007.33,70,Verkoopboek ordermanagement,20343
VK002143,C10068,2016-08-26,76.23,70,Verkoopboek ordermanagement,20345
VK002144,C10072,2016-08-26,6374.28,70,Verkoopboek ordermanagement,20347
VK002145,C10097,2016-08-26,5223.57,70,Verkoopboek ordermanagement,20349
VK002146,C10103,2016-08-26,4682.7,70,Verkoopboek ordermanagement,20351
VK002147,C10112,2016-08-26,6552.15,70,Verkoopboek ordermanagement,20353
VK002148,C10118,2016-08-26,154.88,70,Verkoopboek ordermanagement,20355
VK002149,C10139,2016-08-26,2686.01,70,Verkoopboek ordermanagement,20357
VK002150,C10140,2016-08-26,87.12,70,Verkoopboek ordermanagement,20359
VK002151,C10142,2016-08-26,3847.8,70,Verkoopboek ordermanagement,20361
VK002152,C10149,2016-08-26,179.08,70,Verkoopboek ordermanagement,20363
VK002153,C10163,2016-08-26,9.68,70,Verkoopboek ordermanagement,20365
VK002154,C10171,2016-08-26,6069.36,70,Verkoopboek ordermanagement,20367
VK002155,C10174,2016-08-26,154.88,70,Verkoopboek ordermanagement,20369
VK002156,C10179,2016-08-26,359.98,70,Verkoopboek ordermanagement,20371
VK002157,C10004,2016-09-02,3678.16,70,Verkoopboek ordermanagement,21162
VK002158,C10019,2016-09-02,677.18,70,Verkoopboek ordermanagement,21164
VK002159,C10037,2016-09-02,1585.1,70,Verkoopboek ordermanagement,21166
VK002160,C10038,2016-09-02,223.85,70,Verkoopboek ordermanagement,21168
VK002161,C10042,2016-09-02,4542.1,70,Verkoopboek ordermanagement,21170
VK002162,C10064,2016-09-02,988.57,70,Verkoopboek ordermanagement,21172
VK002163,C10067,2016-09-02,377.52,70,Verkoopboek ordermanagement,21174
VK002164,C10069,2016-09-02,1343.1,70,Verkoopboek ordermanagement,21176
VK002165,C10091,2016-09-02,2415.16,70,Verkoopboek ordermanagement,21178
VK002166,C10098,2016-09-02,288.89,70,Verkoopboek ordermanagement,21180
VK002167,C10119,2016-09-02,465.85,70,Verkoopboek ordermanagement,21182
VK002168,C10120,2016-09-02,1905.75,70,Verkoopboek ordermanagement,21184
VK002169,C10167,2016-09-02,2286.03,70,Verkoopboek ordermanagement,21186
VK002170,C10168,2016-09-02,17.97,70,Verkoopboek ordermanagement,21188
VK002171,C10183,2016-09-02,1270.5,70,Verkoopboek ordermanagement,21189
VK002172,C10013,2016-09-09,1547.47,70,Verkoopboek ordermanagement,21191
VK002173,C10014,2016-09-09,6759.06,70,Verkoopboek ordermanagement,21193
VK002174,C10032,2016-09-09,2813.25,70,Verkoopboek ordermanagement,21195
VK002175,C10044,2016-09-09,4859.31,70,Verkoopboek ordermanagement,21197
VK002176,C10057,2016-09-09,50.82,70,Verkoopboek ordermanagement,21199
VK002177,C10064,2016-09-09,1427.68,70,Verkoopboek ordermanagement,21201
VK002178,C10075,2016-09-09,2173.16,70,Verkoopboek ordermanagement,21203
VK002179,C10084,2016-09-09,47.19,70,Verkoopboek ordermanagement,21205
VK002180,C10100,2016-09-09,2704.35,70,Verkoopboek ordermanagement,21207
VK002181,C10101,2016-09-09,65.34,70,Verkoopboek ordermanagement,21209
VK002182,C10109,2016-09-09,140.36,70,Verkoopboek ordermanagement,21211
VK002183,C10110,2016-09-09,1815,70,Verkoopboek ordermanagement,21213
VK002184,C10112,2016-09-09,79.86,70,Verkoopboek ordermanagement,21215
VK002185,C10116,2016-09-09,251.68,70,Verkoopboek ordermanagement,21217
VK002186,C10122,2016-09-09,123.42,70,Verkoopboek ordermanagement,21219
VK002187,C10139,2016-09-09,29.95,70,Verkoopboek ordermanagement,21221
VK002188,C10140,2016-09-09,707.85,70,Verkoopboek ordermanagement,21222
VK002189,C10146,2016-09-09,1675.55,70,Verkoopboek ordermanagement,21224
VK002190,C10151,2016-09-09,1414.49,70,Verkoopboek ordermanagement,21226
VK002191,C10154,2016-09-09,2500.2,70,Verkoopboek ordermanagement,21228
VK002192,C10168,2016-09-09,1703.08,70,Verkoopboek ordermanagement,21230
VK002193,C10171,2016-09-09,919.36,70,Verkoopboek ordermanagement,21232
VK002194,C10012,2016-09-16,6096.59,70,Verkoopboek ordermanagement,21234
VK002195,C10013,2016-09-16,1464.46,70,Verkoopboek ordermanagement,21236
VK002196,C10021,2016-09-16,2305.05,70,Verkoopboek ordermanagement,21238
VK002197,C10023,2016-09-16,598.95,70,Verkoopboek ordermanagement,21240
VK002198,C10045,2016-09-16,58.08,70,Verkoopboek ordermanagement,21242
VK002199,C10046,2016-09-16,2376.44,70,Verkoopboek ordermanagement,21244
VK002200,C10049,2016-09-16,1981.98,70,Verkoopboek ordermanagement,21246
VK002201,C10052,2016-09-16,633.44,70,Verkoopboek ordermanagement,21248
VK002202,C10060,2016-09-16,844.58,70,Verkoopboek ordermanagement,21250
VK002203,C10063,2016-09-16,789.25,70,Verkoopboek ordermanagement,21252
VK002204,C10064,2016-09-16,11.98,70,Verkoopboek ordermanagement,21254
VK002205,C10066,2016-09-16,2044.9,70,Verkoopboek ordermanagement,21255
VK002206,C10073,2016-09-16,295.24,70,Verkoopboek ordermanagement,21257
VK002207,C10080,2016-09-16,671.55,70,Verkoopboek ordermanagement,21259
VK002208,C10083,2016-09-16,25.41,70,Verkoopboek ordermanagement,21261
VK002209,C10085,2016-09-16,5420.8,70,Verkoopboek ordermanagement,21263
VK002210,C10119,2016-09-16,145.2,70,Verkoopboek ordermanagement,21265
VK002211,C10122,2016-09-16,29.95,70,Verkoopboek ordermanagement,21267
VK002212,C10124,2016-09-16,2940.3,70,Verkoopboek ordermanagement,21268
VK002213,C10132,2016-09-16,41.93,70,Verkoopboek ordermanagement,21270
VK002214,C10133,2016-09-16,358.16,70,Verkoopboek ordermanagement,21271
VK002215,C10138,2016-09-16,998.25,70,Verkoopboek ordermanagement,21273
VK002216,C10145,2016-09-16,700.59,70,Verkoopboek ordermanagement,21275
VK002217,C10160,2016-09-16,211.15,70,Verkoopboek ordermanagement,21277
VK002218,C10173,2016-09-16,5699.1,70,Verkoopboek ordermanagement,21279
VK002219,C10178,2016-09-16,199.65,70,Verkoopboek ordermanagement,21281
VK002220,C10181,2016-09-16,385.99,70,Verkoopboek ordermanagement,21283
VK002221,C10183,2016-09-16,5431.69,70,Verkoopboek ordermanagement,21285
VK002222,C10000,2016-09-23,95.59,70,Verkoopboek ordermanagement,21287
VK002223,C10003,2016-09-23,200.86,70,Verkoopboek ordermanagement,21289
VK002224,C10004,2016-09-23,968,70,Verkoopboek ordermanagement,21291
VK002225,C10005,2016-09-23,680.02,70,Verkoopboek ordermanagement,21293
VK002226,C10017,2016-09-23,1765.7,70,Verkoopboek ordermanagement,21295
VK002227,C10018,2016-09-23,50.82,70,Verkoopboek ordermanagement,21297
VK002228,C10019,2016-09-23,1566.95,70,Verkoopboek ordermanagement,21299
VK002229,C10020,2016-09-23,1263.24,70,Verkoopboek ordermanagement,21301
VK002230,C10040,2016-09-23,359.98,70,Verkoopboek ordermanagement,21303
VK002231,C10056,2016-09-23,3680.82,70,Verkoopboek ordermanagement,21305
VK002232,C10059,2016-09-23,1899.7,70,Verkoopboek ordermanagement,21307
VK002233,C10071,2016-09-23,148.23,70,Verkoopboek ordermanagement,21309
VK002234,C10077,2016-09-23,598.95,70,Verkoopboek ordermanagement,21311
VK002235,C10078,2016-09-23,1331,70,Verkoopboek ordermanagement,21313
VK002236,C10079,2016-09-23,669.13,70,Verkoopboek ordermanagement,21315
VK002237,C10087,2016-09-23,2189.13,70,Verkoopboek ordermanagement,21317
VK002238,C10092,2016-09-23,2716.45,70,Verkoopboek ordermanagement,21319
VK002239,C10097,2016-09-23,785.29,70,Verkoopboek ordermanagement,21321
VK002240,C10118,2016-09-23,514.25,70,Verkoopboek ordermanagement,21323
VK002241,C10148,2016-09-23,52.03,70,Verkoopboek ordermanagement,21325
VK002242,C10174,2016-09-23,225.06,70,Verkoopboek ordermanagement,21327
VK002243,C10002,2016-09-30,155,70,Verkoopboek ordermanagement,21329
VK002244,C10009,2016-09-30,359.98,70,Verkoopboek ordermanagement,21331
VK002245,C10015,2016-09-30,5699.1,70,Verkoopboek ordermanagement,21333
VK002246,C10016,2016-09-30,529.38,70,Verkoopboek ordermanagement,21335
VK002247,C10027,2016-09-30,600.16,70,Verkoopboek ordermanagement,21337
VK002248,C10028,2016-09-30,1321.26,70,Verkoopboek ordermanagement,21339
VK002249,C10029,2016-09-30,1358.83,70,Verkoopboek ordermanagement,21341
VK002250,C10037,2016-09-30,1597.2,70,Verkoopboek ordermanagement,21343
VK002251,C10042,2016-09-30,2755.17,70,Verkoopboek ordermanagement,21345
VK002252,C10061,2016-09-30,315.81,70,Verkoopboek ordermanagement,21347
VK002253,C10076,2016-09-30,87.12,70,Verkoopboek ordermanagement,21349
VK002254,C10082,2016-09-30,272.25,70,Verkoopboek ordermanagement,21351
VK002255,C10096,2016-09-30,1880.34,70,Verkoopboek ordermanagement,21353
VK002256,C10099,2016-09-30,635.25,70,Verkoopboek ordermanagement,21355
VK002257,C10103,2016-09-30,254.1,70,Verkoopboek ordermanagement,21357
VK002258,C10105,2016-09-30,271.12,70,Verkoopboek ordermanagement,21359
VK002259,C10108,2016-09-30,203.28,70,Verkoopboek ordermanagement,21361
VK002260,C10121,2016-09-30,2202.96,70,Verkoopboek ordermanagement,21363
VK002261,C10125,2016-09-30,119.79,70,Verkoopboek ordermanagement,21365
VK002262,C10127,2016-09-30,901.45,70,Verkoopboek ordermanagement,21367
VK002263,C10141,2016-09-30,7304.07,70,Verkoopboek ordermanagement,21369
VK002264,C10142,2016-09-30,907.8,70,Verkoopboek ordermanagement,21371
VK002265,C10143,2016-09-30,96.8,70,Verkoopboek ordermanagement,21373
VK002266,C10147,2016-09-30,263.18,70,Verkoopboek ordermanagement,21375
VK002267,C10179,2016-09-30,689.7,70,Verkoopboek ordermanagement,22079
VK002268,C10180,2016-09-30,62.86,70,Verkoopboek ordermanagement,22081
VK002269,C10006,2016-10-07,1276.55,70,Verkoopboek ordermanagement,22083
VK002270,C10008,2016-10-07,1079.32,70,Verkoopboek ordermanagement,22085
VK002271,C10029,2016-10-07,7598.8,70,Verkoopboek ordermanagement,22087
VK002272,C10034,2016-10-07,412.61,70,Verkoopboek ordermanagement,22089
VK002273,C10040,2016-10-07,31.46,70,Verkoopboek ordermanagement,22091
VK002274,C10041,2016-10-07,3448.5,70,Verkoopboek ordermanagement,22093
VK002275,C10043,2016-10-07,205.7,70,Verkoopboek ordermanagement,22095
VK002276,C10050,2016-10-07,2025.54,70,Verkoopboek ordermanagement,22097
VK002277,C10055,2016-10-07,119.79,70,Verkoopboek ordermanagement,22099
VK002278,C10059,2016-10-07,1343.1,70,Verkoopboek ordermanagement,22101
VK002279,C10070,2016-10-07,456.17,70,Verkoopboek ordermanagement,22103
VK002280,C10076,2016-10-07,3263.37,70,Verkoopboek ordermanagement,22105
VK002281,C10080,2016-10-07,17.97,70,Verkoopboek ordermanagement,22107
VK002282,C10093,2016-10-07,191.18,70,Verkoopboek ordermanagement,22108
VK002283,C10102,2016-10-07,3920.4,70,Verkoopboek ordermanagement,22110
VK002284,C10106,2016-10-07,861.52,70,Verkoopboek ordermanagement,22112
VK002285,C10107,2016-10-07,5351.83,70,Verkoopboek ordermanagement,22114
VK002286,C10129,2016-10-07,1266.87,70,Verkoopboek ordermanagement,22116
VK002287,C10134,2016-10-07,635.25,70,Verkoopboek ordermanagement,22118
VK002288,C10134,2016-10-07,313.39,70,Verkoopboek ordermanagement,22120
VK002289,C10135,2016-10-07,1124.7,70,Verkoopboek ordermanagement,22122
VK002290,C10145,2016-10-07,2181.69,70,Verkoopboek ordermanagement,22124
VK002291,C10146,2016-10-07,947.43,70,Verkoopboek ordermanagement,22126
VK002292,C10162,2016-10-07,422.29,70,Verkoopboek ordermanagement,22128
VK002293,C10162,2016-10-07,769.56,70,Verkoopboek ordermanagement,22130
VK002294,C10167,2016-10-07,186.34,70,Verkoopboek ordermanagement,22132
VK002295,C10167,2016-10-07,1470.15,70,Verkoopboek ordermanagement,22134
VK002296,C10181,2016-10-07,17.97,70,Verkoopboek ordermanagement,22136
VK002297,C10182,2016-10-07,10.67,70,Verkoopboek ordermanagement,22137
VK002298,C10004,2016-10-14,1511.9,70,Verkoopboek ordermanagement,22139
VK002299,C10007,2016-10-14,6843.25,70,Verkoopboek ordermanagement,22141
VK002300,C10014,2016-10-14,1297.42,70,Verkoopboek ordermanagement,22143
VK002301,C10052,2016-10-14,421.08,70,Verkoopboek ordermanagement,22145
VK002302,C10058,2016-10-14,6503.75,70,Verkoopboek ordermanagement,22147
VK002303,C10063,2016-10-14,154.88,70,Verkoopboek ordermanagement,22149
VK002304,C10071,2016-10-14,112.95,70,Verkoopboek ordermanagement,22151
VK002305,C10078,2016-10-14,724.06,70,Verkoopboek ordermanagement,22153
VK002306,C10089,2016-10-14,913.55,70,Verkoopboek ordermanagement,22155
VK002307,C10097,2016-10-14,626.78,70,Verkoopboek ordermanagement,22157
VK002308,C10106,2016-10-14,816.75,70,Verkoopboek ordermanagement,22159
VK002309,C10114,2016-10-14,1471.42,70,Verkoopboek ordermanagement,22161
VK002310,C10121,2016-10-14,2507.12,70,Verkoopboek ordermanagement,22163
VK002311,C10125,2016-10-14,10849.77,70,Verkoopboek ordermanagement,22165
VK002312,C10136,2016-10-14,7367.69,70,Verkoopboek ordermanagement,22167
VK002313,C10150,2016-10-14,279.51,70,Verkoopboek ordermanagement,22169
VK002314,C10153,2016-10-14,359.37,70,Verkoopboek ordermanagement,22171
VK002315,C10156,2016-10-14,2341.35,70,Verkoopboek ordermanagement,22173
VK002316,C10157,2016-10-14,378.13,70,Verkoopboek ordermanagement,22175
VK002317,C10169,2016-10-14,152.46,70,Verkoopboek ordermanagement,22177
VK002318,C10005,2016-10-21,1062.38,70,Verkoopboek ordermanagement,22179
VK002319,C10013,2016-10-21,689.52,70,Verkoopboek ordermanagement,22181
VK002320,C10021,2016-10-21,329.12,70,Verkoopboek ordermanagement,22183
VK002321,C10022,2016-10-21,309.76,70,Verkoopboek ordermanagement,22185
VK002322,C10028,2016-10-21,422.29,70,Verkoopboek ordermanagement,22187
VK002323,C10036,2016-10-21,359.98,70,Verkoopboek ordermanagement,22189
VK002324,C10047,2016-10-21,54.45,70,Verkoopboek ordermanagement,22191
VK002325,C10049,2016-10-21,315.81,70,Verkoopboek ordermanagement,22193
VK002326,C10051,2016-10-21,23.96,70,Verkoopboek ordermanagement,22195
VK002327,C10074,2016-10-21,174.31,70,Verkoopboek ordermanagement,22196
VK002328,C10075,2016-10-21,313.05,70,Verkoopboek ordermanagement,22198
VK002329,C10079,2016-10-21,1859.77,70,Verkoopboek ordermanagement,22200
VK002330,C10081,2016-10-21,1161.6,70,Verkoopboek ordermanagement,22202
VK002331,C10084,2016-10-21,150.04,70,Verkoopboek ordermanagement,22204
VK002332,C10093,2016-10-21,2583.27,70,Verkoopboek ordermanagement,22206
VK002333,C10094,2016-10-21,1161.6,70,Verkoopboek ordermanagement,22208
VK002334,C10101,2016-10-21,635.25,70,Verkoopboek ordermanagement,22210
VK002335,C10103,2016-10-21,174.24,70,Verkoopboek ordermanagement,22212
VK002336,C10110,2016-10-21,123.42,70,Verkoopboek ordermanagement,22214
VK002337,C10118,2016-10-21,1282.6,70,Verkoopboek ordermanagement,22216
VK002338,C10132,2016-10-21,211.75,70,Verkoopboek ordermanagement,22218
VK002339,C10133,2016-10-21,188.58,70,Verkoopboek ordermanagement,22220
VK002340,C10137,2016-10-21,1742.4,70,Verkoopboek ordermanagement,22222
VK002341,C10138,2016-10-21,308.55,70,Verkoopboek ordermanagement,22224
VK002342,C10142,2016-10-21,279.51,70,Verkoopboek ordermanagement,22226
VK002343,C10149,2016-10-21,378.13,70,Verkoopboek ordermanagement,22228
VK002344,C10151,2016-10-21,1207.58,70,Verkoopboek ordermanagement,22230
VK002345,C10155,2016-10-21,2101.77,70,Verkoopboek ordermanagement,22232
VK002346,C10158,2016-10-21,58.08,70,Verkoopboek ordermanagement,22234
VK002347,C10163,2016-10-21,7295.04,70,Verkoopboek ordermanagement,22236
VK002348,C10168,2016-10-21,312.18,70,Verkoopboek ordermanagement,22238
VK002349,C10172,2016-10-21,3455.76,70,Verkoopboek ordermanagement,22240
VK002350,C10173,2016-10-21,842.16,70,Verkoopboek ordermanagement,22242
VK002351,C10020,2016-10-28,1939.03,70,Verkoopboek ordermanagement,22244
VK002352,C10025,2016-10-28,82.28,70,Verkoopboek ordermanagement,22246
VK002353,C10027,2016-10-28,152.46,70,Verkoopboek ordermanagement,22248
VK002354,C10035,2016-10-28,853.05,70,Verkoopboek ordermanagement,22250
VK002355,C10062,2016-10-28,780.45,70,Verkoopboek ordermanagement,22252
VK002356,C10069,2016-10-28,211.75,70,Verkoopboek ordermanagement,22254
VK002357,C10072,2016-10-28,2704.35,70,Verkoopboek ordermanagement,22256
VK002358,C10080,2016-10-28,1729.03,70,Verkoopboek ordermanagement,22258
VK002359,C10088,2016-10-28,32.67,70,Verkoopboek ordermanagement,22260
VK002360,C10096,2016-10-28,151.25,70,Verkoopboek ordermanagement,22262
VK002361,C10098,2016-10-28,3799.4,70,Verkoopboek ordermanagement,22264
VK002362,C10104,2016-10-28,446.49,70,Verkoopboek ordermanagement,22266
VK002363,C10117,2016-10-28,239.58,70,Verkoopboek ordermanagement,22268
VK002364,C10122,2016-10-28,9.68,70,Verkoopboek ordermanagement,22270
VK002365,C10123,2016-10-28,87.12,70,Verkoopboek ordermanagement,22272
VK002366,C10127,2016-10-28,101.64,70,Verkoopboek ordermanagement,22274
VK002367,C10140,2016-10-28,87.12,70,Verkoopboek ordermanagement,22276
VK002368,C10144,2016-10-28,103.33,70,Verkoopboek ordermanagement,22278
VK002369,C10171,2016-10-28,2082.26,70,Verkoopboek ordermanagement,22280
VK002370,C10176,2016-10-28,665.5,70,Verkoopboek ordermanagement,22282
VK002371,C10010,2016-11-04,4133.36,70,Verkoopboek ordermanagement,23000
VK002372,C10017,2016-11-04,7157.15,70,Verkoopboek ordermanagement,23002
VK002373,C10021,2016-11-04,2813.25,70,Verkoopboek ordermanagement,23004
VK002374,C10036,2016-11-04,96.8,70,Verkoopboek ordermanagement,23006
VK002375,C10037,2016-11-04,73.81,70,Verkoopboek ordermanagement,23008
VK002376,C10037,2016-11-04,635.25,70,Verkoopboek ordermanagement,23010
VK002377,C10038,2016-11-04,1320.41,70,Verkoopboek ordermanagement,23012
VK002378,C10039,2016-11-04,919.54,70,Verkoopboek ordermanagement,23014
VK002379,C10045,2016-11-04,60.5,70,Verkoopboek ordermanagement,23016
VK002380,C10052,2016-11-04,477.95,70,Verkoopboek ordermanagement,23018
VK002381,C10054,2016-11-04,1067.22,70,Verkoopboek ordermanagement,23020
VK002382,C10067,2016-11-04,974.05,70,Verkoopboek ordermanagement,23022
VK002383,C10082,2016-11-04,901.45,70,Verkoopboek ordermanagement,23024
VK002384,C10095,2016-11-04,811.31,70,Verkoopboek ordermanagement,23026
VK002385,C10099,2016-11-04,3113.94,70,Verkoopboek ordermanagement,23028
VK002386,C10099,2016-11-04,58.08,70,Verkoopboek ordermanagement,23030
VK002387,C10128,2016-11-04,1212.42,70,Verkoopboek ordermanagement,23032
VK002388,C10132,2016-11-04,3448.5,70,Verkoopboek ordermanagement,23034
VK002389,C10140,2016-11-04,542.08,70,Verkoopboek ordermanagement,23036
VK002390,C10146,2016-11-04,635.25,70,Verkoopboek ordermanagement,23038
VK002391,C10180,2016-11-04,119.79,70,Verkoopboek ordermanagement,23040
VK002392,C10183,2016-11-04,619.52,70,Verkoopboek ordermanagement,23042
VK002393,C10002,2016-11-11,785.9,70,Verkoopboek ordermanagement,23044
VK002394,C10003,2016-11-11,2202.2,70,Verkoopboek ordermanagement,23046
VK002395,C10014,2016-11-11,4566.54,70,Verkoopboek ordermanagement,23048
VK002396,C10015,2016-11-11,2044.9,70,Verkoopboek ordermanagement,23050
VK002397,C10016,2016-11-11,185.13,70,Verkoopboek ordermanagement,23052
VK002398,C10026,2016-11-11,1822.26,70,Verkoopboek ordermanagement,23054
VK002399,C10046,2016-11-11,169.4,70,Verkoopboek ordermanagement,23056
VK002400,C10049,2016-11-11,773.92,70,Verkoopboek ordermanagement,23058
VK002401,C10057,2016-11-11,633.44,70,Verkoopboek ordermanagement,23060
VK002402,C10072,2016-11-11,191.18,70,Verkoopboek ordermanagement,23062
VK002403,C10080,2016-11-11,188.76,70,Verkoopboek ordermanagement,23064
VK002404,C10092,2016-11-11,590.48,70,Verkoopboek ordermanagement,23066
VK002405,C10094,2016-11-11,1839.08,70,Verkoopboek ordermanagement,23068
VK002406,C10098,2016-11-11,41.93,70,Verkoopboek ordermanagement,23070
VK002407,C10101,2016-11-11,302.5,70,Verkoopboek ordermanagement,23071
VK002408,C10105,2016-11-11,1942.05,70,Verkoopboek ordermanagement,23073
VK002409,C10114,2016-11-11,4447.36,70,Verkoopboek ordermanagement,23075
VK002410,C10122,2016-11-11,75.02,70,Verkoopboek ordermanagement,23077
VK002411,C10123,2016-11-11,1497.5,70,Verkoopboek ordermanagement,23079
VK002412,C10124,2016-11-11,29.04,70,Verkoopboek ordermanagement,23081
VK002413,C10158,2016-11-11,73.94,70,Verkoopboek ordermanagement,23083
VK002414,C10159,2016-11-11,25.83,70,Verkoopboek ordermanagement,23085
VK002415,C10168,2016-11-11,412.61,70,Verkoopboek ordermanagement,23087
VK002416,C10172,2016-11-11,45.38,70,Verkoopboek ordermanagement,23089
VK002417,C21823,2016-11-11,792,70,Verkoopboek ordermanagement,23091
VK002418,C24585,2016-11-11,32,70,Verkoopboek ordermanagement,23093
VK002419,C10005,2016-11-18,232.32,70,Verkoopboek ordermanagement,23095
VK002420,C10007,2016-11-18,4598,70,Verkoopboek ordermanagement,23097
VK002421,C10013,2016-11-18,156.09,70,Verkoopboek ordermanagement,23099
VK002422,C10019,2016-11-18,3067.35,70,Verkoopboek ordermanagement,23101
VK002423,C10031,2016-11-18,803.44,70,Verkoopboek ordermanagement,23103
VK002424,C10043,2016-11-18,899.03,70,Verkoopboek ordermanagement,23105
VK002425,C10044,2016-11-18,41.93,70,Verkoopboek ordermanagement,23107
VK002426,C10050,2016-11-18,496.1,70,Verkoopboek ordermanagement,23108
VK002427,C10053,2016-11-18,88.39,70,Verkoopboek ordermanagement,23110
VK002428,C10059,2016-11-18,148.23,70,Verkoopboek ordermanagement,23112
VK002429,C10063,2016-11-18,1839.08,70,Verkoopboek ordermanagement,23114
VK002430,C10069,2016-11-18,29.04,70,Verkoopboek ordermanagement,23116
VK002431,C10074,2016-11-18,123.42,70,Verkoopboek ordermanagement,23118
VK002432,C10086,2016-11-18,241.9,70,Verkoopboek ordermanagement,23120
VK002433,C10087,2016-11-18,982.52,70,Verkoopboek ordermanagement,23122
VK002434,C10089,2016-11-18,416.24,70,Verkoopboek ordermanagement,23124
VK002435,C10093,2016-11-18,5272.58,70,Verkoopboek ordermanagement,23126
VK002436,C10098,2016-11-18,2323.2,70,Verkoopboek ordermanagement,23128
VK002437,C10102,2016-11-18,435.6,70,Verkoopboek ordermanagement,23130
VK002438,C10107,2016-11-18,174.24,70,Verkoopboek ordermanagement,23132
VK002439,C10109,2016-11-18,94.38,70,Verkoopboek ordermanagement,23134
VK002440,C10111,2016-11-18,358.16,70,Verkoopboek ordermanagement,23136
VK002441,C10120,2016-11-18,1089,70,Verkoopboek ordermanagement,23138
VK002443,C10130,2016-11-18,200.86,70,Verkoopboek ordermanagement,23142
VK002446,C10133,2016-11-18,4404.4,70,Verkoopboek ordermanagement,23148
VK002448,C10135,2016-11-18,525.14,70,Verkoopboek ordermanagement,23152
VK002450,C10141,2016-11-18,154.88,70,Verkoopboek ordermanagement,23156
VK002451,C10152,2016-11-18,539.66,70,Verkoopboek ordermanagement,23158
VK002453,C10155,2016-11-18,399.3,70,Verkoopboek ordermanagement,23161
VK002455,C10160,2016-11-18,919.54,70,Verkoopboek ordermanagement,23165
VK002458,C10161,2016-11-18,155,70,Verkoopboek ordermanagement,23171
VK002460,C10162,2016-11-18,116.16,70,Verkoopboek ordermanagement,23175
VK002461,C10167,2016-11-18,43.56,70,Verkoopboek ordermanagement,23177
VK002463,C10169,2016-11-18,3018.95,70,Verkoopboek ordermanagement,23181
VK002465,C10179,2016-11-18,239.58,70,Verkoopboek ordermanagement,23185
VK002467,C10182,2016-11-18,3938.55,70,Verkoopboek ordermanagement,23189
VK002468,C21250,2016-11-18,158,70,Verkoopboek ordermanagement,23191
VK002469,C22020,2016-11-18,1820,70,Verkoopboek ordermanagement,23193
VK002470,C22458,2016-11-18,998,70,Verkoopboek ordermanagement,23195
VK002471,C22910,2016-11-18,259,70,Verkoopboek ordermanagement,23197
VK002472,C23955,2016-11-18,84,70,Verkoopboek ordermanagement,23199
VK002473,C24200,2016-11-18,1260,70,Verkoopboek ordermanagement,23201
VK002442,C10010,2016-11-25,4639.14,70,Verkoopboek ordermanagement,23140
VK002444,C10011,2016-11-25,1738.58,70,Verkoopboek ordermanagement,23144
VK002445,C10017,2016-11-25,208.12,70,Verkoopboek ordermanagement,23146
VK002447,C10020,2016-11-25,239.58,70,Verkoopboek ordermanagement,23150
VK002449,C10034,2016-11-25,633.44,70,Verkoopboek ordermanagement,23154
VK002452,C10035,2016-11-25,77.86,70,Verkoopboek ordermanagement,23160
VK002454,C10038,2016-11-25,1079.32,70,Verkoopboek ordermanagement,23163
VK002456,C10045,2016-11-25,221.43,70,Verkoopboek ordermanagement,23167
VK002457,C10047,2016-11-25,123.42,70,Verkoopboek ordermanagement,23169
VK002459,C10066,2016-11-25,152.46,70,Verkoopboek ordermanagement,23173
VK002462,C10070,2016-11-25,302.5,70,Verkoopboek ordermanagement,23179
VK002464,C10078,2016-11-25,4370.52,70,Verkoopboek ordermanagement,23183
VK002466,C10085,2016-11-25,6921.08,70,Verkoopboek ordermanagement,23187
VK002474,C10116,2016-11-25,3959.12,70,Verkoopboek ordermanagement,23203
VK002475,C10119,2016-11-25,303.56,70,Verkoopboek ordermanagement,23205
VK002476,C10137,2016-11-25,246.84,70,Verkoopboek ordermanagement,23207
VK002477,C10144,2016-11-25,387.2,70,Verkoopboek ordermanagement,23209
VK002478,C10176,2016-11-25,58.08,70,Verkoopboek ordermanagement,23211
VK002479,C10185,2016-11-25,773.19,70,Verkoopboek ordermanagement,23213
VK002480,C10186,2016-11-25,2564.78,70,Verkoopboek ordermanagement,23215
VK002481,C20922,2016-11-25,96,70,Verkoopboek ordermanagement,23217
VK002482,C22685,2016-11-25,550.85,70,Verkoopboek ordermanagement,23219
VK002483,C23450,2016-11-25,75,70,Verkoopboek ordermanagement,23221
VK002484,C10024,2016-11-29,2678.94,70,Verkoopboek ordermanagement,23223
VK002485,C10025,2016-11-29,52.03,70,Verkoopboek ordermanagement,23225
VK002486,C10038,2016-11-29,892.98,70,Verkoopboek ordermanagement,23227
VK002487,C10040,2016-11-29,1155.55,70,Verkoopboek ordermanagement,23229
VK002488,C10081,2016-11-29,103.33,70,Verkoopboek ordermanagement,23231
VK002489,C10099,2016-11-29,2232.45,70,Verkoopboek ordermanagement,23233
VK002490,C10110,2016-11-29,2604.23,70,Verkoopboek ordermanagement,23235
VK002491,C10129,2016-11-29,920.18,70,Verkoopboek ordermanagement,23237
VK002492,C10142,2016-11-29,718.74,70,Verkoopboek ordermanagement,23239
VK002493,C10148,2016-11-29,446.49,70,Verkoopboek ordermanagement,23241
VK002494,C10008,2016-12-02,17.97,70,Verkoopboek ordermanagement,23943
VK002495,C10019,2016-12-02,958.32,70,Verkoopboek ordermanagement,23944
VK002496,C10027,2016-12-02,4446.75,70,Verkoopboek ordermanagement,23946
VK002497,C10042,2016-12-02,4427.39,70,Verkoopboek ordermanagement,23948
VK002498,C10056,2016-12-02,1471.42,70,Verkoopboek ordermanagement,23950
VK002499,C10084,2016-12-02,211.15,70,Verkoopboek ordermanagement,23952
VK002500,C10097,2016-12-02,232.32,70,Verkoopboek ordermanagement,23954
VK002501,C10137,2016-12-02,453.75,70,Verkoopboek ordermanagement,23956
VK002502,C10170,2016-12-02,1542.75,70,Verkoopboek ordermanagement,23958
VK002503,C10181,2016-12-02,1144.66,70,Verkoopboek ordermanagement,23960
VK002504,C10012,2016-12-09,8179.6,70,Verkoopboek ordermanagement,23962
VK002505,C10044,2016-12-09,220.22,70,Verkoopboek ordermanagement,23964
VK002506,C10065,2016-12-09,4737.15,70,Verkoopboek ordermanagement,23966
VK002507,C10085,2016-12-09,43.56,70,Verkoopboek ordermanagement,23968
VK002508,C10089,2016-12-09,1432.45,70,Verkoopboek ordermanagement,23970
VK002509,C10095,2016-12-09,1179.75,70,Verkoopboek ordermanagement,23972
VK002510,C10105,2016-12-09,1663.75,70,Verkoopboek ordermanagement,23974
VK002511,C10125,2016-12-09,609.42,70,Verkoopboek ordermanagement,23976
VK002512,C10128,2016-12-09,125.84,70,Verkoopboek ordermanagement,23978
VK002513,C10133,2016-12-09,696.96,70,Verkoopboek ordermanagement,23980
VK002514,C10136,2016-12-09,3622.74,70,Verkoopboek ordermanagement,23982
VK002515,C10142,2016-12-09,1813.79,70,Verkoopboek ordermanagement,23984
VK002516,C10148,2016-12-09,558.66,70,Verkoopboek ordermanagement,23986
VK002517,C10151,2016-12-09,246.84,70,Verkoopboek ordermanagement,23988
VK002518,C10154,2016-12-09,544.5,70,Verkoopboek ordermanagement,23990
VK002519,C10162,2016-12-09,211.75,70,Verkoopboek ordermanagement,23992
VK002520,C10168,2016-12-09,3303.3,70,Verkoopboek ordermanagement,23994
VK002521,C10177,2016-12-09,254.1,70,Verkoopboek ordermanagement,23996
VK002522,C10184,2016-12-09,358.16,70,Verkoopboek ordermanagement,23998
VK002523,C20222,2016-12-09,147,70,Verkoopboek ordermanagement,24000
VK002524,C10009,2016-12-16,2662.12,70,Verkoopboek ordermanagement,24002
VK002525,C10025,2016-12-16,1789.66,70,Verkoopboek ordermanagement,24004
VK002526,C10034,2016-12-16,689.52,70,Verkoopboek ordermanagement,24006
VK002527,C10046,2016-12-16,3538.04,70,Verkoopboek ordermanagement,24008
VK002528,C10049,2016-12-16,1259.91,70,Verkoopboek ordermanagement,24010
VK002529,C10054,2016-12-16,368.45,70,Verkoopboek ordermanagement,24012
VK002530,C10055,2016-12-16,2873.75,70,Verkoopboek ordermanagement,24014
VK002531,C10075,2016-12-16,2316.55,70,Verkoopboek ordermanagement,24016
VK002532,C10087,2016-12-16,317.02,70,Verkoopboek ordermanagement,24018
VK002533,C10155,2016-12-16,853.05,70,Verkoopboek ordermanagement,24020
VK002534,C10158,2016-12-16,221.43,70,Verkoopboek ordermanagement,24022
VK002535,C10161,2016-12-16,381.15,70,Verkoopboek ordermanagement,24024
VK002536,C10181,2016-12-16,5684.58,70,Verkoopboek ordermanagement,24026
VK002537,C10182,2016-12-16,359.37,70,Verkoopboek ordermanagement,24028
VK002538,C24585,2016-12-16,1251.3,70,Verkoopboek ordermanagement,24030
VK002539,C10006,2016-12-23,1022.45,70,Verkoopboek ordermanagement,24032
VK002540,C10008,2016-12-23,537.17,70,Verkoopboek ordermanagement,24034
VK002541,C10018,2016-12-23,4682.7,70,Verkoopboek ordermanagement,24036
VK002542,C10021,2016-12-23,5.99,70,Verkoopboek ordermanagement,24038
VK002543,C10032,2016-12-23,54.45,70,Verkoopboek ordermanagement,24039
VK002544,C10035,2016-12-23,116.16,70,Verkoopboek ordermanagement,24041
VK002545,C10036,2016-12-23,696.96,70,Verkoopboek ordermanagement,24043
VK002546,C10040,2016-12-23,174.24,70,Verkoopboek ordermanagement,24045
VK002547,C10043,2016-12-23,423.5,70,Verkoopboek ordermanagement,24047
VK002548,C10045,2016-12-23,9589.25,70,Verkoopboek ordermanagement,24049
VK002549,C10061,2016-12-23,359.37,70,Verkoopboek ordermanagement,24051
VK002550,C10062,2016-12-23,1566.95,70,Verkoopboek ordermanagement,24053
VK002551,C10064,2016-12-23,207.52,70,Verkoopboek ordermanagement,24055
VK002552,C10068,2016-12-23,1119.25,70,Verkoopboek ordermanagement,24057
VK002553,C10083,2016-12-23,2093.88,70,Verkoopboek ordermanagement,24059
VK002554,C10094,2016-12-23,138.74,70,Verkoopboek ordermanagement,24061
VK002555,C10099,2016-12-23,861.52,70,Verkoopboek ordermanagement,24063
VK002556,C10108,2016-12-23,1687.95,70,Verkoopboek ordermanagement,24065
VK002557,C10116,2016-12-23,123.42,70,Verkoopboek ordermanagement,24067
VK002558,C10143,2016-12-23,3238.42,70,Verkoopboek ordermanagement,24069
VK002559,C10144,2016-12-23,738.1,70,Verkoopboek ordermanagement,24071
VK002560,C10163,2016-12-23,188.58,70,Verkoopboek ordermanagement,24073
VK002561,C10170,2016-12-23,1899.7,70,Verkoopboek ordermanagement,24075
VK002562,C10171,2016-12-23,179.06,70,Verkoopboek ordermanagement,24077
VK002563,C10174,2016-12-23,246.6,70,Verkoopboek ordermanagement,24079
VK002564,C10179,2016-12-23,5412.33,70,Verkoopboek ordermanagement,24081
VK002565,C20675,2016-12-23,150,70,Verkoopboek ordermanagement,24083
VK002566,C22910,2016-12-23,150,70,Verkoopboek ordermanagement,24085
VK002567,C23955,2016-12-23,2563.84,70,Verkoopboek ordermanagement,24087
VK002568,C24777,2016-12-23,1348.84,70,Verkoopboek ordermanagement,24089
VK002569,C24851,2016-12-23,1991.2,70,Verkoopboek ordermanagement,24091
VK002570,C10001,2016-12-30,1473.78,70,Verkoopboek ordermanagement,24093
VK002571,C10005,2016-12-30,838.53,70,Verkoopboek ordermanagement,24095
VK002572,C10016,2016-12-30,348.48,70,Verkoopboek ordermanagement,24097
VK002573,C10038,2016-12-30,838.53,70,Verkoopboek ordermanagement,24099
VK002574,C10060,2016-12-30,53.91,70,Verkoopboek ordermanagement,24101
VK002575,C10073,2016-12-30,77.44,70,Verkoopboek ordermanagement,24102
VK002576,C10080,2016-12-30,671.55,70,Verkoopboek ordermanagement,24104
VK002577,C10091,2016-12-30,838.53,70,Verkoopboek ordermanagement,24106
VK002578,C10093,2016-12-30,2722.5,70,Verkoopboek ordermanagement,24108
VK002579,C10100,2016-12-30,436.81,70,Verkoopboek ordermanagement,24110
VK002580,C10111,2016-12-30,8179.6,70,Verkoopboek ordermanagement,24112
VK002581,C10120,2016-12-30,5506.71,70,Verkoopboek ordermanagement,24114
VK002582,C10121,2016-12-30,2662,70,Verkoopboek ordermanagement,24116
VK002583,C10141,2016-12-30,1197.9,70,Verkoopboek ordermanagement,24118
VK002584,C10156,2016-12-30,844.58,70,Verkoopboek ordermanagement,24120
VK002585,C10159,2016-12-30,1285.02,70,Verkoopboek ordermanagement,24122
PR002653,C10024,2016-01-15,1452,71,Verkoopboek projecten,14376
PR002654,C10185,2016-01-15,1306.8,71,Verkoopboek projecten,14377
PR002655,C10006,2016-01-15,1210,71,Verkoopboek projecten,14378
PR002656,C10008,2016-01-15,968,71,Verkoopboek projecten,14379
PR002657,C10012,2016-01-15,2364.82,71,Verkoopboek projecten,14380
PR002658,C10016,2016-01-15,1058.02,71,Verkoopboek projecten,14381
PR002659,C10019,2016-01-15,2420,71,Verkoopboek projecten,14382
PR002660,C10021,2016-01-15,2885.85,71,Verkoopboek projecten,14383
PR002661,C10026,2016-01-15,968,71,Verkoopboek projecten,14385
PR002662,C10027,2016-01-15,3478.02,71,Verkoopboek projecten,14386
PR002663,C10028,2016-01-15,1452,71,Verkoopboek projecten,14387
PR002664,C10029,2016-01-15,1452,71,Verkoopboek projecten,14388
PR002665,C10030,2016-01-15,1210,71,Verkoopboek projecten,14389
PR002666,C10037,2016-01-15,2305.05,71,Verkoopboek projecten,14390
PR002667,C10038,2016-01-15,1064.8,71,Verkoopboek projecten,14392
PR002668,C10039,2016-01-15,1306.8,71,Verkoopboek projecten,14393
PR002669,C10040,2016-01-15,1210,71,Verkoopboek projecten,14394
PR002670,C10041,2016-01-15,1452,71,Verkoopboek projecten,14395
PR002671,C10042,2016-01-15,2122.82,71,Verkoopboek projecten,14396
PR002672,C10045,2016-01-15,1058.02,71,Verkoopboek projecten,14397
PR002673,C10047,2016-01-15,2662,71,Verkoopboek projecten,14398
PR002674,C10054,2016-01-15,1452,71,Verkoopboek projecten,14399
PR002675,C10055,2016-01-15,2274.8,71,Verkoopboek projecten,14400
PR002676,C10061,2016-01-15,2032.8,71,Verkoopboek projecten,14401
PR002677,C10063,2016-01-15,2032.8,71,Verkoopboek projecten,14402
PR002678,C10070,2016-01-15,1452,71,Verkoopboek projecten,14403
PR002679,C10076,2016-01-15,2420,71,Verkoopboek projecten,14404
PR002680,C10079,2016-01-15,1452,71,Verkoopboek projecten,14405
PR002681,C10084,2016-01-15,968,71,Verkoopboek projecten,14406
PR002682,C10087,2016-01-15,2613.6,71,Verkoopboek projecten,14407
PR002683,C10088,2016-01-15,2371.6,71,Verkoopboek projecten,14408
PR002684,C10089,2016-01-15,1058.02,71,Verkoopboek projecten,14409
PR002685,C10090,2016-01-15,1064.8,71,Verkoopboek projecten,14410
PR002686,C10094,2016-01-15,2613.6,71,Verkoopboek projecten,14411
PR002687,C10096,2016-01-15,2516.8,71,Verkoopboek projecten,14412
PR002688,C10100,2016-01-15,2904,71,Verkoopboek projecten,14413
PR002689,C10101,2016-01-15,968,71,Verkoopboek projecten,14414
PR002690,C10114,2016-01-15,1210,71,Verkoopboek projecten,14415
PR002691,C10115,2016-01-15,2662,71,Verkoopboek projecten,14416
PR002692,C10116,2016-01-15,2516.8,71,Verkoopboek projecten,14417
PR002693,C10117,2016-01-15,3962.02,71,Verkoopboek projecten,14418
PR002694,C10124,2016-01-15,2274.8,71,Verkoopboek projecten,14419
PR002695,C10126,2016-01-15,1936,71,Verkoopboek projecten,14420
PR002696,C10137,2016-01-15,1210,71,Verkoopboek projecten,14421
PR002697,C10140,2016-01-15,2371.6,71,Verkoopboek projecten,14422
PR002698,C10144,2016-01-15,1058.02,71,Verkoopboek projecten,14423
PR002699,C10146,2016-01-15,968,71,Verkoopboek projecten,14424
PR002700,C10153,2016-01-15,1210,71,Verkoopboek projecten,14425
PR002701,C10155,2016-01-15,1452,71,Verkoopboek projecten,14426
PR002702,C10157,2016-01-15,5123.62,71,Verkoopboek projecten,14427
PR002703,C10158,2016-01-15,1064.8,71,Verkoopboek projecten,14428
PR002704,C10159,2016-01-15,2364.82,71,Verkoopboek projecten,14429
PR002705,C10169,2016-01-15,968,71,Verkoopboek projecten,14430
PR002706,C10024,2016-01-29,2032.8,71,Verkoopboek projecten,14431
PR002707,C10050,2016-01-29,1064.8,71,Verkoopboek projecten,14432
PR002708,C10186,2016-01-29,1064.8,71,Verkoopboek projecten,14433
PR002709,C10006,2016-01-29,2516.8,71,Verkoopboek projecten,14434
PR002710,C10007,2016-01-29,1058.02,71,Verkoopboek projecten,14435
PR002711,C10009,2016-01-29,1064.8,71,Verkoopboek projecten,14436
PR002712,C10010,2016-01-29,1452,71,Verkoopboek projecten,14437
PR002713,C10012,2016-01-29,2129.6,71,Verkoopboek projecten,14438
PR002714,C10013,2016-01-29,1210,71,Verkoopboek projecten,14439
PR002715,C10016,2016-01-29,1306.8,71,Verkoopboek projecten,14440
PR002716,C10021,2016-01-29,4881.62,71,Verkoopboek projecten,14441
PR002717,C10026,2016-01-29,968,71,Verkoopboek projecten,14442
PR002718,C10028,2016-01-29,1064.8,71,Verkoopboek projecten,14443
PR002719,C10029,2016-01-29,2613.6,71,Verkoopboek projecten,14444
PR002720,C10030,2016-01-29,1064.8,71,Verkoopboek projecten,14445
PR002721,C10031,2016-01-29,1452,71,Verkoopboek projecten,14446
PR002722,C10037,2016-01-29,1064.8,71,Verkoopboek projecten,14447
PR002723,C10041,2016-01-29,1452,71,Verkoopboek projecten,14448
PR002724,C10047,2016-01-29,968,71,Verkoopboek projecten,14449
PR002725,C10048,2016-01-29,1058.02,71,Verkoopboek projecten,14450
PR002726,C10049,2016-01-29,1210,71,Verkoopboek projecten,14451
PR002727,C10003,2016-01-29,2904,71,Verkoopboek projecten,14452
PR002728,C10051,2016-01-29,1210,71,Verkoopboek projecten,14453
PR002729,C10053,2016-01-29,1058.02,71,Verkoopboek projecten,14454
PR002730,C10054,2016-01-29,2516.8,71,Verkoopboek projecten,14455
PR002731,C10057,2016-01-29,1306.8,71,Verkoopboek projecten,14456
PR002732,C10061,2016-01-29,3872,71,Verkoopboek projecten,14457
PR002733,C10063,2016-01-29,2420,71,Verkoopboek projecten,14458
PR002734,C10005,2016-01-29,1064.8,71,Verkoopboek projecten,14459
PR002735,C10076,2016-01-29,2420,71,Verkoopboek projecten,14460
PR002736,C10084,2016-01-29,1452,71,Verkoopboek projecten,14461
PR002737,C10086,2016-01-29,1452,71,Verkoopboek projecten,14462
PR002738,C10087,2016-01-29,968,71,Verkoopboek projecten,14463
PR002739,C10092,2016-01-29,1452,71,Verkoopboek projecten,14464
PR002740,C10093,2016-01-29,1064.8,71,Verkoopboek projecten,14465
PR002741,C10094,2016-01-29,2516.8,71,Verkoopboek projecten,14466
PR002742,C10100,2016-01-29,1058.02,71,Verkoopboek projecten,14467
PR002743,C10104,2016-01-29,2371.6,71,Verkoopboek projecten,14468
PR002744,C10109,2016-01-29,1058.02,71,Verkoopboek projecten,14469
PR002745,C10115,2016-01-29,1210,71,Verkoopboek projecten,14470
PR002746,C10122,2016-01-29,1210,71,Verkoopboek projecten,14471
PR002747,C10124,2016-01-29,1058.02,71,Verkoopboek projecten,14472
PR002748,C10131,2016-01-29,1306.8,71,Verkoopboek projecten,14473
PR002749,C10137,2016-01-29,968,71,Verkoopboek projecten,14474
PR002750,C10138,2016-01-29,1306.8,71,Verkoopboek projecten,14475
PR002751,C10139,2016-01-29,1452,71,Verkoopboek projecten,14476
PR002752,C10145,2016-01-29,1306.8,71,Verkoopboek projecten,14477
PR002753,C10150,2016-01-29,1064.8,71,Verkoopboek projecten,14478
PR002754,C10153,2016-01-29,968,71,Verkoopboek projecten,14479
PR002755,C10157,2016-01-29,1058.02,71,Verkoopboek projecten,14480
PR002756,C10169,2016-01-29,2116.05,71,Verkoopboek projecten,14481
PR002757,C10170,2016-01-29,1210,71,Verkoopboek projecten,14482
PR002758,C10185,2016-01-31,13310,71,Verkoopboek projecten,14999
PR002759,C10024,2016-02-15,1306.8,71,Verkoopboek projecten,15015
PR002760,C10050,2016-02-15,1064.8,71,Verkoopboek projecten,15016
PR002761,C10068,2016-02-15,968,71,Verkoopboek projecten,15017
PR002762,C10186,2016-02-15,1064.8,71,Verkoopboek projecten,15018
PR002763,C10185,2016-02-15,4065.6,71,Verkoopboek projecten,15019
PR002764,C10007,2016-02-15,1210,71,Verkoopboek projecten,15020
PR002765,C10012,2016-02-15,2420,71,Verkoopboek projecten,15021
PR002766,C10013,2016-02-15,2274.8,71,Verkoopboek projecten,15022
PR002767,C10017,2016-02-15,1058.02,71,Verkoopboek projecten,15023
PR002768,C10018,2016-02-15,1058.02,71,Verkoopboek projecten,15024
PR002769,C10019,2016-02-15,1452,71,Verkoopboek projecten,15025
PR002770,C10021,2016-02-15,3084.05,71,Verkoopboek projecten,15026
PR002771,C10022,2016-02-15,1210,71,Verkoopboek projecten,15027
PR002772,C10023,2016-02-15,1058.02,71,Verkoopboek projecten,15028
PR002773,C10027,2016-02-15,1306.8,71,Verkoopboek projecten,15029
PR002774,C10028,2016-02-15,968,71,Verkoopboek projecten,15030
PR002775,C10030,2016-02-15,1064.8,71,Verkoopboek projecten,15031
PR002776,C10031,2016-02-15,2758.8,71,Verkoopboek projecten,15032
PR002777,C10033,2016-02-15,1452,71,Verkoopboek projecten,15033
PR002778,C10035,2016-02-15,1210,71,Verkoopboek projecten,15034
PR002779,C10038,2016-02-15,1306.8,71,Verkoopboek projecten,15035
PR002780,C10040,2016-02-15,2516.8,71,Verkoopboek projecten,15036
PR002781,C10041,2016-02-15,1064.8,71,Verkoopboek projecten,15037
PR002782,C10043,2016-02-15,2371.6,71,Verkoopboek projecten,15038
PR002783,C10045,2016-02-15,2274.8,71,Verkoopboek projecten,15039
PR002784,C10047,2016-02-15,1306.8,71,Verkoopboek projecten,15040
PR002785,C10048,2016-02-15,968,71,Verkoopboek projecten,15041
PR002786,C10003,2016-02-15,2371.6,71,Verkoopboek projecten,15042
PR002787,C10051,2016-02-15,1210,71,Verkoopboek projecten,15043
PR002788,C10053,2016-02-15,1452,71,Verkoopboek projecten,15044
PR002789,C10054,2016-02-15,1452,71,Verkoopboek projecten,15045
PR002790,C10057,2016-02-15,1210,71,Verkoopboek projecten,15046
PR002791,C10063,2016-02-15,968,71,Verkoopboek projecten,15047
PR002792,C10064,2016-02-15,1306.8,71,Verkoopboek projecten,15048
PR002793,C10005,2016-02-15,2364.82,71,Verkoopboek projecten,15049
PR002794,C10069,2016-02-15,1108.84,71,Verkoopboek projecten,15050
PR002795,C10070,2016-02-15,2613.6,71,Verkoopboek projecten,15052
PR002796,C10072,2016-02-15,2371.6,71,Verkoopboek projecten,15053
PR002797,C10079,2016-02-15,2274.8,71,Verkoopboek projecten,15054
PR002798,C10082,2016-02-15,2274.8,71,Verkoopboek projecten,15055
PR002799,C10084,2016-02-15,2268.02,71,Verkoopboek projecten,15056
PR002800,C10085,2016-02-15,1064.8,71,Verkoopboek projecten,15057
PR002801,C10088,2016-02-15,1452,71,Verkoopboek projecten,15058
PR002802,C10089,2016-02-15,968,71,Verkoopboek projecten,15059
PR002803,C10092,2016-02-15,2268.02,71,Verkoopboek projecten,15060
PR002804,C10093,2016-02-15,2371.6,71,Verkoopboek projecten,15061
PR002805,C10096,2016-02-15,1210,71,Verkoopboek projecten,15062
PR002806,C10109,2016-02-15,1452,71,Verkoopboek projecten,15063
PR002807,C10111,2016-02-15,1064.8,71,Verkoopboek projecten,15064
PR002808,C10115,2016-02-15,2758.8,71,Verkoopboek projecten,15065
PR002809,C10117,2016-02-15,2516.8,71,Verkoopboek projecten,15066
PR002810,C10122,2016-02-15,1058.02,71,Verkoopboek projecten,15067
PR002811,C10136,2016-02-15,1064.8,71,Verkoopboek projecten,15068
PR002812,C10137,2016-02-15,2371.6,71,Verkoopboek projecten,15069
PR002813,C10139,2016-02-15,2420,71,Verkoopboek projecten,15070
PR002814,C10144,2016-02-15,2274.8,71,Verkoopboek projecten,15071
PR002815,C10146,2016-02-15,2026.02,71,Verkoopboek projecten,15072
PR002816,C10148,2016-02-15,1210,71,Verkoopboek projecten,15073
PR002817,C10150,2016-02-15,2274.8,71,Verkoopboek projecten,15074
PR002818,C10170,2016-02-15,1210,71,Verkoopboek projecten,15075
PR002819,C10068,2016-02-29,2510.02,71,Verkoopboek projecten,15076
PR002820,C10186,2016-02-29,2510.02,71,Verkoopboek projecten,15077
PR002821,C10185,2016-02-29,3630,71,Verkoopboek projecten,15078
PR002822,C10008,2016-02-29,1210,71,Verkoopboek projecten,15079
PR002823,C10011,2016-02-29,1064.8,71,Verkoopboek projecten,15080
PR002824,C10012,2016-02-29,968,71,Verkoopboek projecten,15081
PR002825,C10013,2016-02-29,1306.8,71,Verkoopboek projecten,15082
PR002826,C10014,2016-02-29,1210,71,Verkoopboek projecten,15083
PR002827,C10015,2016-02-29,1064.8,71,Verkoopboek projecten,15084
PR002828,C10016,2016-02-29,2510.02,71,Verkoopboek projecten,15085
PR002829,C10022,2016-02-29,1306.8,71,Verkoopboek projecten,15086
PR002830,C10026,2016-02-29,1306.8,71,Verkoopboek projecten,15087
PR002831,C10028,2016-02-29,3484.8,71,Verkoopboek projecten,15088
PR002832,C10029,2016-02-29,1064.8,71,Verkoopboek projecten,15089
PR002833,C10030,2016-02-29,1452,71,Verkoopboek projecten,15090
PR002834,C10031,2016-02-29,1452,71,Verkoopboek projecten,15091
PR002835,C10033,2016-02-29,1210,71,Verkoopboek projecten,15092
PR002836,C10036,2016-02-29,2613.6,71,Verkoopboek projecten,15093
PR002837,C10037,2016-02-29,968,71,Verkoopboek projecten,15094
PR002838,C10038,2016-02-29,1452,71,Verkoopboek projecten,15095
PR002839,C10039,2016-02-29,2032.8,71,Verkoopboek projecten,15096
PR002840,C10040,2016-02-29,2510.02,71,Verkoopboek projecten,15097
PR002841,C10043,2016-02-29,1452,71,Verkoopboek projecten,15098
PR002842,C10045,2016-02-29,2129.6,71,Verkoopboek projecten,15099
PR002843,C10048,2016-02-29,1058.02,71,Verkoopboek projecten,15100
PR002844,C10051,2016-02-29,968,71,Verkoopboek projecten,15101
PR002845,C10053,2016-02-29,3574.82,71,Verkoopboek projecten,15102
PR002846,C10054,2016-02-29,1452,71,Verkoopboek projecten,15103
PR002847,C10057,2016-02-29,1452,71,Verkoopboek projecten,15104
PR002848,C10061,2016-02-29,1058.02,71,Verkoopboek projecten,15105
PR002849,C10064,2016-02-29,1064.8,71,Verkoopboek projecten,15106
PR002850,C10005,2016-02-29,1064.8,71,Verkoopboek projecten,15107
PR002851,C10070,2016-02-29,1306.8,71,Verkoopboek projecten,15108
PR002852,C10072,2016-02-29,2032.8,71,Verkoopboek projecten,15109
PR002853,C10076,2016-02-29,1452,71,Verkoopboek projecten,15110
PR002854,C10082,2016-02-29,1452,71,Verkoopboek projecten,15111
PR002855,C10084,2016-02-29,3429.62,71,Verkoopboek projecten,15112
PR002856,C10088,2016-02-29,968,71,Verkoopboek projecten,15113
PR002857,C10093,2016-02-29,1452,71,Verkoopboek projecten,15114
PR002858,C10094,2016-02-29,2613.6,71,Verkoopboek projecten,15115
PR002859,C10096,2016-02-29,1306.8,71,Verkoopboek projecten,15116
PR002860,C10100,2016-02-29,1452,71,Verkoopboek projecten,15117
PR002861,C10104,2016-02-29,968,71,Verkoopboek projecten,15118
PR002862,C10109,2016-02-29,1058.02,71,Verkoopboek projecten,15119
PR002863,C10111,2016-02-29,968,71,Verkoopboek projecten,15120
PR002864,C10113,2016-02-29,2129.6,71,Verkoopboek projecten,15121
PR002865,C10114,2016-02-29,968,71,Verkoopboek projecten,15122
PR002866,C10117,2016-02-29,1064.8,71,Verkoopboek projecten,15123
PR002867,C10122,2016-02-29,1058.02,71,Verkoopboek projecten,15124
PR002868,C10134,2016-02-29,1064.8,71,Verkoopboek projecten,15125
PR002869,C10137,2016-02-29,2371.6,71,Verkoopboek projecten,15126
PR002870,C10138,2016-02-29,1210,71,Verkoopboek projecten,15127
PR002871,C10139,2016-02-29,1306.8,71,Verkoopboek projecten,15128
PR002872,C10145,2016-02-29,1210,71,Verkoopboek projecten,15129
PR002873,C10148,2016-02-29,1306.8,71,Verkoopboek projecten,15130
PR002874,C10159,2016-02-29,1210,71,Verkoopboek projecten,15131
PR002875,C10068,2016-03-15,2371.6,71,Verkoopboek projecten,15719
PR002876,C10185,2016-03-15,1452,71,Verkoopboek projecten,15720
PR002877,C10006,2016-03-15,1306.8,71,Verkoopboek projecten,15721
PR002878,C10008,2016-03-15,3726.8,71,Verkoopboek projecten,15722
PR002879,C10010,2016-03-15,1306.8,71,Verkoopboek projecten,15723
PR002880,C10013,2016-03-15,3339.6,71,Verkoopboek projecten,15724
PR002881,C10016,2016-03-15,2371.6,71,Verkoopboek projecten,15725
PR002882,C10018,2016-03-15,1306.8,71,Verkoopboek projecten,15726
PR002883,C10019,2016-03-15,1210,71,Verkoopboek projecten,15727
PR002884,C10021,2016-03-15,3816.82,71,Verkoopboek projecten,15728
PR002885,C10022,2016-03-15,2420,71,Verkoopboek projecten,15729
PR002886,C10028,2016-03-15,4487.65,71,Verkoopboek projecten,15730
PR002887,C10029,2016-03-15,1210,71,Verkoopboek projecten,15731
PR002888,C10030,2016-03-15,3332.82,71,Verkoopboek projecten,15732
PR002889,C10031,2016-03-15,2420,71,Verkoopboek projecten,15733
PR002890,C10039,2016-03-15,968,71,Verkoopboek projecten,15734
PR002891,C10040,2016-03-15,1210,71,Verkoopboek projecten,15735
PR002892,C10042,2016-03-15,1058.02,71,Verkoopboek projecten,15736
PR002893,C10043,2016-03-15,1210,71,Verkoopboek projecten,15737
PR002894,C10045,2016-03-15,1058.02,71,Verkoopboek projecten,15738
PR002895,C10046,2016-03-15,2420,71,Verkoopboek projecten,15739
PR002896,C10047,2016-03-15,3581.6,71,Verkoopboek projecten,15740
PR002897,C10048,2016-03-15,1306.8,71,Verkoopboek projecten,15741
PR002898,C10051,2016-03-15,2026.02,71,Verkoopboek projecten,15742
PR002899,C10057,2016-03-15,1452,71,Verkoopboek projecten,15743
PR002900,C10058,2016-03-15,968,71,Verkoopboek projecten,15744
PR002901,C10059,2016-03-15,1306.8,71,Verkoopboek projecten,15745
PR002902,C10061,2016-03-15,2613.6,71,Verkoopboek projecten,15746
PR002903,C10069,2016-03-15,1064.8,71,Verkoopboek projecten,15747
PR002904,C10070,2016-03-15,1210,71,Verkoopboek projecten,15748
PR002905,C10072,2016-03-15,1210,71,Verkoopboek projecten,15749
PR002906,C10076,2016-03-15,2420,71,Verkoopboek projecten,15750
PR002907,C10079,2016-03-15,1064.8,71,Verkoopboek projecten,15751
PR002908,C10082,2016-03-15,1210,71,Verkoopboek projecten,15752
PR002909,C10084,2016-03-15,3236.02,71,Verkoopboek projecten,15753
PR002910,C10085,2016-03-15,1064.8,71,Verkoopboek projecten,15754
PR002911,C10087,2016-03-15,1210,71,Verkoopboek projecten,15755
PR002912,C10088,2016-03-15,3574.82,71,Verkoopboek projecten,15756
PR002913,C10089,2016-03-15,2371.6,71,Verkoopboek projecten,15757
PR002914,C10090,2016-03-15,968,71,Verkoopboek projecten,15758
PR002915,C10092,2016-03-15,1452,71,Verkoopboek projecten,15759
PR002916,C10096,2016-03-15,1058.02,71,Verkoopboek projecten,15760
PR002917,C10100,2016-03-15,1452,71,Verkoopboek projecten,15761
PR002918,C10101,2016-03-15,968,71,Verkoopboek projecten,15762
PR002919,C10109,2016-03-15,3436.4,71,Verkoopboek projecten,15763
PR002920,C10114,2016-03-15,968,71,Verkoopboek projecten,15764
PR002921,C10115,2016-03-15,1210,71,Verkoopboek projecten,15765
PR002922,C10116,2016-03-15,1210,71,Verkoopboek projecten,15766
PR002923,C10117,2016-03-15,1210,71,Verkoopboek projecten,15767
PR002924,C10122,2016-03-15,2662,71,Verkoopboek projecten,15768
PR002925,C10124,2016-03-15,1452,71,Verkoopboek projecten,15769
PR002926,C10126,2016-03-15,1306.8,71,Verkoopboek projecten,15770
PR002927,C10136,2016-03-15,2420,71,Verkoopboek projecten,15771
PR002928,C10137,2016-03-15,1452,71,Verkoopboek projecten,15772
PR002929,C10138,2016-03-15,968,71,Verkoopboek projecten,15773
PR002930,C10140,2016-03-15,3388,71,Verkoopboek projecten,15774
PR002931,C10146,2016-03-15,2032.8,71,Verkoopboek projecten,15775
PR002932,C10148,2016-03-15,2032.8,71,Verkoopboek projecten,15776
PR002933,C10150,2016-03-15,1210,71,Verkoopboek projecten,15777
PR002934,C10153,2016-03-15,1064.8,71,Verkoopboek projecten,15778
PR002935,C10157,2016-03-15,2129.6,71,Verkoopboek projecten,15779
PR002936,C10169,2016-03-15,2516.8,71,Verkoopboek projecten,15780
PR002937,C10170,2016-03-15,1058.02,71,Verkoopboek projecten,15781
PR002938,C10024,2016-03-31,2662,71,Verkoopboek projecten,15782
PR002939,C10050,2016-03-31,2129.6,71,Verkoopboek projecten,15783
PR002940,C10068,2016-03-31,1306.8,71,Verkoopboek projecten,15784
PR002941,C10186,2016-03-31,2274.8,71,Verkoopboek projecten,15785
PR002942,C10185,2016-03-31,2516.8,71,Verkoopboek projecten,15786
PR002943,C10007,2016-03-31,968,71,Verkoopboek projecten,15787
PR002944,C10008,2016-03-31,1452,71,Verkoopboek projecten,15788
PR002945,C10009,2016-03-31,1064.8,71,Verkoopboek projecten,15789
PR002946,C10010,2016-03-31,1064.8,71,Verkoopboek projecten,15790
PR002947,C10011,2016-03-31,1058.02,71,Verkoopboek projecten,15791
PR002948,C10012,2016-03-31,1210,71,Verkoopboek projecten,15792
PR002949,C10013,2016-03-31,3630,71,Verkoopboek projecten,15793
PR002950,C10014,2016-03-31,2420,71,Verkoopboek projecten,15794
PR002951,C10017,2016-03-31,2129.6,71,Verkoopboek projecten,15795
PR002952,C10021,2016-03-31,1210,71,Verkoopboek projecten,15796
PR002953,C10022,2016-03-31,1306.8,71,Verkoopboek projecten,15797
PR002954,C10025,2016-03-31,1210,71,Verkoopboek projecten,15798
PR002955,C10026,2016-03-31,968,71,Verkoopboek projecten,15799
PR002956,C10028,2016-03-31,2510.02,71,Verkoopboek projecten,15800
PR002957,C10029,2016-03-31,968,71,Verkoopboek projecten,15801
PR002958,C10030,2016-03-31,3968.8,71,Verkoopboek projecten,15802
PR002959,C10031,2016-03-31,3090.82,71,Verkoopboek projecten,15803
PR002960,C10033,2016-03-31,2510.02,71,Verkoopboek projecten,15804
PR002961,C10036,2016-03-31,968,71,Verkoopboek projecten,15805
PR002962,C10042,2016-03-31,1058.02,71,Verkoopboek projecten,15806
PR002963,C10046,2016-03-31,2274.8,71,Verkoopboek projecten,15807
PR002964,C10048,2016-03-31,1210,71,Verkoopboek projecten,15808
PR002965,C10049,2016-03-31,968,71,Verkoopboek projecten,15809
PR002966,C10051,2016-03-31,1306.8,71,Verkoopboek projecten,15810
PR002967,C10053,2016-03-31,1210,71,Verkoopboek projecten,15811
PR002968,C10054,2016-03-31,2994.02,71,Verkoopboek projecten,15812
PR002969,C10056,2016-03-31,2178,71,Verkoopboek projecten,15813
PR002970,C10057,2016-03-31,2510.02,71,Verkoopboek projecten,15814
PR002971,C10059,2016-03-31,2274.8,71,Verkoopboek projecten,15815
PR002972,C10061,2016-03-31,968,71,Verkoopboek projecten,15816
PR002973,C10063,2016-03-31,2420,71,Verkoopboek projecten,15817
PR002974,C10005,2016-03-31,1064.8,71,Verkoopboek projecten,15818
PR002975,C10072,2016-03-31,1210,71,Verkoopboek projecten,15819
PR002976,C10076,2016-03-31,1064.8,71,Verkoopboek projecten,15820
PR002977,C10084,2016-03-31,1452,71,Verkoopboek projecten,15821
PR002978,C10085,2016-03-31,2516.8,71,Verkoopboek projecten,15822
PR002979,C10086,2016-03-31,968,71,Verkoopboek projecten,15823
PR002980,C10088,2016-03-31,3823.6,71,Verkoopboek projecten,15824
PR002981,C10092,2016-03-31,2516.8,71,Verkoopboek projecten,15825
PR002982,C10093,2016-03-31,968,71,Verkoopboek projecten,15826
PR002983,C10100,2016-03-31,3429.62,71,Verkoopboek projecten,15827
PR002984,C10101,2016-03-31,1306.8,71,Verkoopboek projecten,15828
PR002985,C10104,2016-03-31,1210,71,Verkoopboek projecten,15829
PR002986,C10107,2016-03-31,1058.02,71,Verkoopboek projecten,15830
PR002987,C10109,2016-03-31,2420,71,Verkoopboek projecten,15831
PR002988,C10113,2016-03-31,1210,71,Verkoopboek projecten,15832
PR002989,C10114,2016-03-31,1064.8,71,Verkoopboek projecten,15833
PR002990,C10115,2016-03-31,1452,71,Verkoopboek projecten,15834
PR002991,C10117,2016-03-31,1452,71,Verkoopboek projecten,15835
PR002992,C10137,2016-03-31,2122.82,71,Verkoopboek projecten,15836
PR002993,C10138,2016-03-31,2662,71,Verkoopboek projecten,15837
PR002994,C10139,2016-03-31,968,71,Verkoopboek projecten,15838
PR002995,C10140,2016-03-31,4114,71,Verkoopboek projecten,15839
PR002996,C10144,2016-03-31,2613.6,71,Verkoopboek projecten,15840
PR002997,C10145,2016-03-31,968,71,Verkoopboek projecten,15841
PR002998,C10146,2016-03-31,968,71,Verkoopboek projecten,15842
PR002999,C10157,2016-03-31,1306.8,71,Verkoopboek projecten,15843
PR003000,C10159,2016-03-31,2032.8,71,Verkoopboek projecten,15844
PR003001,C10169,2016-03-31,3236.02,71,Verkoopboek projecten,15845
PR003002,C10170,2016-03-31,1064.8,71,Verkoopboek projecten,15846
PR003003,C10024,2016-04-15,2032.8,71,Verkoopboek projecten,16502
PR003004,C10068,2016-04-15,2299,71,Verkoopboek projecten,16503
PR003005,C10186,2016-04-15,4688.02,71,Verkoopboek projecten,16504
PR003006,C10185,2016-04-15,5614.4,71,Verkoopboek projecten,16505
PR003007,C10006,2016-04-15,6009.34,71,Verkoopboek projecten,16506
PR003008,C10007,2016-04-15,3726.8,71,Verkoopboek projecten,16507
PR003009,C10008,2016-04-15,3332.82,71,Verkoopboek projecten,16508
PR003010,C10009,2016-04-15,4307.6,71,Verkoopboek projecten,16509
PR003011,C10010,2016-04-15,968,71,Verkoopboek projecten,16510
PR003012,C10011,2016-04-15,3281.52,71,Verkoopboek projecten,16511
PR003013,C10012,2016-04-15,1064.8,71,Verkoopboek projecten,16512
PR003014,C10013,2016-04-15,6485.6,71,Verkoopboek projecten,16513
PR003015,C10014,2016-04-15,2420,71,Verkoopboek projecten,16514
PR003016,C10015,2016-04-15,1306.8,71,Verkoopboek projecten,16515
PR003017,C10017,2016-04-15,5082,71,Verkoopboek projecten,16516
PR003018,C10018,2016-04-15,2268.02,71,Verkoopboek projecten,16517
PR003019,C10019,2016-04-15,1064.8,71,Verkoopboek projecten,16518
PR003020,C10021,2016-04-15,2032.8,71,Verkoopboek projecten,16519
PR003021,C10022,2016-04-15,2032.8,71,Verkoopboek projecten,16520
PR003022,C10023,2016-04-15,5091.68,71,Verkoopboek projecten,16521
PR003023,C10025,2016-04-15,6001.6,71,Verkoopboek projecten,16522
PR003024,C10026,2016-04-15,968,71,Verkoopboek projecten,16523
PR003025,C10027,2016-04-15,1815,71,Verkoopboek projecten,16524
PR003026,C10028,2016-04-15,6146.8,71,Verkoopboek projecten,16525
PR003027,C10029,2016-04-15,4491.52,71,Verkoopboek projecten,16526
PR003028,C10030,2016-04-15,7477.8,71,Verkoopboek projecten,16527
PR003029,C10033,2016-04-15,3354.12,71,Verkoopboek projecten,16528
PR003030,C10034,2016-04-15,5355.94,71,Verkoopboek projecten,16529
PR003031,C10035,2016-04-15,1176.12,71,Verkoopboek projecten,16530
PR003032,C10036,2016-04-15,2662,71,Verkoopboek projecten,16531
PR003033,C10037,2016-04-15,7294.85,71,Verkoopboek projecten,16532
PR003034,C10038,2016-04-15,2662,71,Verkoopboek projecten,16533
PR003035,C10040,2016-04-15,3126.64,71,Verkoopboek projecten,16534
PR003036,C10041,2016-04-15,3388,71,Verkoopboek projecten,16536
PR003037,C10042,2016-04-15,3242.8,71,Verkoopboek projecten,16537
PR003038,C10044,2016-04-15,1058.02,71,Verkoopboek projecten,16538
PR003039,C10045,2016-04-15,1064.8,71,Verkoopboek projecten,16539
PR003040,C10046,2016-04-15,4452.8,71,Verkoopboek projecten,16540
PR003041,C10047,2016-04-15,3962.02,71,Verkoopboek projecten,16541
PR003042,C10048,2016-04-15,4791.6,71,Verkoopboek projecten,16542
PR003043,C10003,2016-04-15,2032.8,71,Verkoopboek projecten,16543
PR003044,C10051,2016-04-15,3872,71,Verkoopboek projecten,16544
PR003045,C10053,2016-04-15,2952.4,71,Verkoopboek projecten,16545
PR003046,C10054,2016-04-15,2047.32,71,Verkoopboek projecten,16546
PR003047,C10055,2016-04-15,3484.8,71,Verkoopboek projecten,16547
PR003048,C10056,2016-04-15,2371.6,71,Verkoopboek projecten,16548
PR003049,C10057,2016-04-15,2371.6,71,Verkoopboek projecten,16549
PR003050,C10058,2016-04-15,3339.6,71,Verkoopboek projecten,16550
PR003051,C10061,2016-04-15,6025.8,71,Verkoopboek projecten,16551
PR003052,C10063,2016-04-15,1742.4,71,Verkoopboek projecten,16552
PR003053,C10064,2016-04-15,1452,71,Verkoopboek projecten,16553
PR003054,C10005,2016-04-15,3581.6,71,Verkoopboek projecten,16554
PR003055,C10069,2016-04-15,1210,71,Verkoopboek projecten,16555
PR003056,C10070,2016-04-15,1452,71,Verkoopboek projecten,16556
PR003057,C10072,2016-04-15,968,71,Verkoopboek projecten,16557
PR003058,C10079,2016-04-15,1058.02,71,Verkoopboek projecten,16558
PR003059,C10082,2016-04-15,1306.8,71,Verkoopboek projecten,16559
PR003060,C10084,2016-04-15,6146.8,71,Verkoopboek projecten,16560
PR003061,C10085,2016-04-15,1694,71,Verkoopboek projecten,16561
PR003062,C10088,2016-04-15,3242.8,71,Verkoopboek projecten,16562
PR003063,C10089,2016-04-15,3484.8,71,Verkoopboek projecten,16563
PR003064,C10090,2016-04-15,2260.28,71,Verkoopboek projecten,16564
PR003065,C10092,2016-04-15,968,71,Verkoopboek projecten,16565
PR003066,C10093,2016-04-15,3620.32,71,Verkoopboek projecten,16566
PR003067,C10094,2016-04-15,6417.84,71,Verkoopboek projecten,16567
PR003068,C10096,2016-04-15,3136.32,71,Verkoopboek projecten,16568
PR003069,C10100,2016-04-15,1452,71,Verkoopboek projecten,16569
PR003070,C10101,2016-04-15,3726.8,71,Verkoopboek projecten,16570
PR003071,C10104,2016-04-15,1089,71,Verkoopboek projecten,16571
PR003072,C10107,2016-04-15,1306.8,71,Verkoopboek projecten,16572
PR003073,C10109,2016-04-15,4912.6,71,Verkoopboek projecten,16573
PR003074,C10111,2016-04-15,6098.4,71,Verkoopboek projecten,16575
PR003075,C10113,2016-04-15,3049.2,71,Verkoopboek projecten,16576
PR003076,C10114,2016-04-15,3450.92,71,Verkoopboek projecten,16577
PR003077,C10115,2016-04-15,3823.6,71,Verkoopboek projecten,16578
PR003078,C10117,2016-04-15,9863.92,71,Verkoopboek projecten,16579
PR003079,C10119,2016-04-15,3630,71,Verkoopboek projecten,16580
PR003080,C10122,2016-04-15,6727.6,71,Verkoopboek projecten,16581
PR003081,C10124,2016-04-15,4936.8,71,Verkoopboek projecten,16582
PR003082,C10126,2016-04-15,2516.8,71,Verkoopboek projecten,16583
PR003083,C10131,2016-04-15,3332.82,71,Verkoopboek projecten,16584
PR003084,C10134,2016-04-15,3339.6,71,Verkoopboek projecten,16585
PR003085,C10136,2016-04-15,958.32,71,Verkoopboek projecten,16586
PR003086,C10137,2016-04-15,2144.12,71,Verkoopboek projecten,16587
PR003087,C10138,2016-04-15,3339.6,71,Verkoopboek projecten,16588
PR003088,C10139,2016-04-15,3184.72,71,Verkoopboek projecten,16589
PR003089,C10140,2016-04-15,2090.88,71,Verkoopboek projecten,16590
PR003090,C10144,2016-04-15,3339.6,71,Verkoopboek projecten,16591
PR003091,C10145,2016-04-15,1306.8,71,Verkoopboek projecten,16592
PR003092,C10146,2016-04-15,2347.4,71,Verkoopboek projecten,16593
PR003093,C10148,2016-04-15,3484.8,71,Verkoopboek projecten,16594
PR003094,C10150,2016-04-15,41.14,71,Verkoopboek projecten,16595
PR003095,C10153,2016-04-15,2710.4,71,Verkoopboek projecten,16597
PR003096,C10155,2016-04-15,3412.2,71,Verkoopboek projecten,16598
PR003097,C10157,2016-04-15,2420,71,Verkoopboek projecten,16599
PR003098,C10158,2016-04-15,3339.6,71,Verkoopboek projecten,16600
PR003099,C10159,2016-04-15,4936.8,71,Verkoopboek projecten,16601
PR003100,C10170,2016-04-15,3363.8,71,Verkoopboek projecten,16602
PR003101,C10050,2016-04-29,5504.05,71,Verkoopboek projecten,16603
PR003102,C10068,2016-04-29,1210,71,Verkoopboek projecten,16604
PR003103,C10186,2016-04-29,3339.6,71,Verkoopboek projecten,16605
PR003104,C10185,2016-04-29,958.32,71,Verkoopboek projecten,16606
PR003105,C10006,2016-04-29,1064.8,71,Verkoopboek projecten,16607
PR003106,C10007,2016-04-29,1064.8,71,Verkoopboek projecten,16608
PR003107,C10008,2016-04-29,1306.8,71,Verkoopboek projecten,16609
PR003108,C10009,2016-04-29,968,71,Verkoopboek projecten,16610
PR003109,C10010,2016-04-29,3775.2,71,Verkoopboek projecten,16611
PR003110,C10011,2016-04-29,1210,71,Verkoopboek projecten,16612
PR003111,C10012,2016-04-29,1306.8,71,Verkoopboek projecten,16613
PR003112,C10013,2016-04-29,4404.4,71,Verkoopboek projecten,16614
PR003113,C10014,2016-04-29,2274.8,71,Verkoopboek projecten,16615
PR003114,C10015,2016-04-29,2516.8,71,Verkoopboek projecten,16616
PR003115,C10016,2016-04-29,1848.88,71,Verkoopboek projecten,16617
PR003116,C10017,2016-04-29,1452,71,Verkoopboek projecten,16618
PR003117,C10018,2016-04-29,2410.32,71,Verkoopboek projecten,16619
PR003118,C10019,2016-04-29,1452,71,Verkoopboek projecten,16620
PR003119,C10022,2016-04-29,2652.32,71,Verkoopboek projecten,16621
PR003120,C10023,2016-04-29,3363.8,71,Verkoopboek projecten,16622
PR003121,C10025,2016-04-29,2129.6,71,Verkoopboek projecten,16623
PR003122,C10026,2016-04-29,387.2,71,Verkoopboek projecten,16624
PR003123,C10028,2016-04-29,3823.6,71,Verkoopboek projecten,16625
PR003124,C10030,2016-04-29,4791.6,71,Verkoopboek projecten,16626
PR003125,C10031,2016-04-29,2613.6,71,Verkoopboek projecten,16627
PR003126,C10033,2016-04-29,4452.8,71,Verkoopboek projecten,16628
PR003127,C10034,2016-04-29,968,71,Verkoopboek projecten,16629
PR003128,C10035,2016-04-29,2274.8,71,Verkoopboek projecten,16630
PR003129,C10036,2016-04-29,4632.85,71,Verkoopboek projecten,16631
PR003130,C10037,2016-04-29,1064.8,71,Verkoopboek projecten,16632
PR003131,C10038,2016-04-29,3388,71,Verkoopboek projecten,16633
PR003132,C10039,2016-04-29,3090.82,71,Verkoopboek projecten,16634
PR003133,C10040,2016-04-29,968,71,Verkoopboek projecten,16635
PR003134,C10041,2016-04-29,3968.8,71,Verkoopboek projecten,16636
PR003135,C10042,2016-04-29,6485.6,71,Verkoopboek projecten,16637
PR003136,C10043,2016-04-29,2274.8,71,Verkoopboek projecten,16638
PR003137,C10046,2016-04-29,1694,71,Verkoopboek projecten,16639
PR003138,C10047,2016-04-29,2371.6,71,Verkoopboek projecten,16640
PR003139,C10048,2016-04-29,968,71,Verkoopboek projecten,16641
PR003140,C10049,2016-04-29,968,71,Verkoopboek projecten,16642
PR003141,C10003,2016-04-29,1064.8,71,Verkoopboek projecten,16643
PR003142,C10051,2016-04-29,3823.6,71,Verkoopboek projecten,16644
PR003143,C10053,2016-04-29,2371.6,71,Verkoopboek projecten,16645
PR003144,C10054,2016-04-29,1306.8,71,Verkoopboek projecten,16646
PR003145,C10055,2016-04-29,1306.8,71,Verkoopboek projecten,16647
PR003146,C10056,2016-04-29,2178,71,Verkoopboek projecten,16648
PR003147,C10057,2016-04-29,1089,71,Verkoopboek projecten,16649
PR003148,C10058,2016-04-29,2516.8,71,Verkoopboek projecten,16650
PR003149,C10059,2016-04-29,4065.6,71,Verkoopboek projecten,16651
PR003150,C10061,2016-04-29,2274.8,71,Verkoopboek projecten,16652
PR003151,C10063,2016-04-29,5333.68,71,Verkoopboek projecten,16653
PR003152,C10064,2016-04-29,4694.8,71,Verkoopboek projecten,16654
PR003153,C10005,2016-04-29,4743.2,71,Verkoopboek projecten,16655
PR003154,C10069,2016-04-29,822.8,71,Verkoopboek projecten,16656
PR003155,C10070,2016-04-29,2952.4,71,Verkoopboek projecten,16657
PR003156,C10072,2016-04-29,2904,71,Verkoopboek projecten,16658
PR003157,C10084,2016-04-29,3542.88,71,Verkoopboek projecten,16659
PR003158,C10086,2016-04-29,2420,71,Verkoopboek projecten,16660
PR003159,C10087,2016-04-29,5517.6,71,Verkoopboek projecten,16661
PR003160,C10088,2016-04-29,1452,71,Verkoopboek projecten,16662
PR003161,C10089,2016-04-29,5604.72,71,Verkoopboek projecten,16663
PR003162,C10092,2016-04-29,2240.92,71,Verkoopboek projecten,16664
PR003163,C10093,2016-04-29,3378.32,71,Verkoopboek projecten,16665
PR003164,C10096,2016-04-29,1064.8,71,Verkoopboek projecten,16666
PR003165,C10100,2016-04-29,6485.6,71,Verkoopboek projecten,16667
PR003166,C10101,2016-04-29,4815.8,71,Verkoopboek projecten,16668
PR003167,C10104,2016-04-29,1452,71,Verkoopboek projecten,16669
PR003168,C10107,2016-04-29,6050,71,Verkoopboek projecten,16670
PR003169,C10109,2016-04-29,2122.82,71,Verkoopboek projecten,16671
PR003170,C10111,2016-04-29,2240.92,71,Verkoopboek projecten,16672
PR003171,C10113,2016-04-29,2352.24,71,Verkoopboek projecten,16673
PR003172,C10114,2016-04-29,2178,71,Verkoopboek projecten,16674
PR003173,C10115,2016-04-29,968,71,Verkoopboek projecten,16675
PR003174,C10116,2016-04-29,1694,71,Verkoopboek projecten,16676
PR003175,C10117,2016-04-29,3581.6,71,Verkoopboek projecten,16677
PR003176,C10119,2016-04-29,1887.6,71,Verkoopboek projecten,16678
PR003177,C10122,2016-04-29,2904,71,Verkoopboek projecten,16679
PR003178,C10124,2016-04-29,968,71,Verkoopboek projecten,16680
PR003179,C10126,2016-04-29,2516.8,71,Verkoopboek projecten,16681
PR003180,C10131,2016-04-29,4757.72,71,Verkoopboek projecten,16682
PR003181,C10134,2016-04-29,3726.8,71,Verkoopboek projecten,16683
PR003182,C10136,2016-04-29,4539.92,71,Verkoopboek projecten,16684
PR003183,C10137,2016-04-29,3581.6,71,Verkoopboek projecten,16685
PR003184,C10138,2016-04-29,3323.14,71,Verkoopboek projecten,16686
PR003185,C10139,2016-04-29,2758.8,71,Verkoopboek projecten,16687
PR003186,C10140,2016-04-29,1306.8,71,Verkoopboek projecten,16688
PR003187,C10144,2016-04-29,3326.05,71,Verkoopboek projecten,16689
PR003188,C10145,2016-04-29,1452,71,Verkoopboek projecten,16690
PR003189,C10148,2016-04-29,2032.8,71,Verkoopboek projecten,16691
PR003190,C10153,2016-04-29,5033.6,71,Verkoopboek projecten,16692
PR003191,C10155,2016-04-29,1452,71,Verkoopboek projecten,16693
PR003192,C10157,2016-04-29,2821.72,71,Verkoopboek projecten,16694
PR003193,C10158,2016-04-29,1210,71,Verkoopboek projecten,16695
PR003194,C10159,2016-04-29,1611.72,71,Verkoopboek projecten,16696
PR003195,C10169,2016-04-29,2845.92,71,Verkoopboek projecten,16697
PR003196,C10170,2016-04-29,3775.2,71,Verkoopboek projecten,16698
PR003197,C10024,2016-05-13,1016.4,71,Verkoopboek projecten,17223
PR003198,C10050,2016-05-13,7802.08,71,Verkoopboek projecten,17224
PR003199,C10068,2016-05-13,3968.8,71,Verkoopboek projecten,17225
PR003200,C10186,2016-05-13,7204.82,71,Verkoopboek projecten,17226
PR003201,C10185,2016-05-13,4132.39,71,Verkoopboek projecten,17227
PR003202,C10006,2016-05-13,3378.32,71,Verkoopboek projecten,17228
PR003203,C10007,2016-05-13,3509,71,Verkoopboek projecten,17229
PR003204,C10008,2016-05-13,1452,71,Verkoopboek projecten,17230
PR003205,C10009,2016-05-13,2274.8,71,Verkoopboek projecten,17231
PR003206,C10010,2016-05-13,1452,71,Verkoopboek projecten,17232
PR003207,C10011,2016-05-13,1500.4,71,Verkoopboek projecten,17233
PR003208,C10012,2016-05-13,1306.8,71,Verkoopboek projecten,17234
PR003209,C10013,2016-05-13,5130.4,71,Verkoopboek projecten,17235
PR003210,C10014,2016-05-13,1064.8,71,Verkoopboek projecten,17236
PR003211,C10015,2016-05-13,5033.6,71,Verkoopboek projecten,17237
PR003212,C10016,2016-05-13,3294.1,71,Verkoopboek projecten,17238
PR003213,C10017,2016-05-13,3146,71,Verkoopboek projecten,17239
PR003214,C10018,2016-05-13,3388,71,Verkoopboek projecten,17240
PR003215,C10019,2016-05-13,4436.34,71,Verkoopboek projecten,17241
PR003216,C10021,2016-05-13,3726.8,71,Verkoopboek projecten,17242
PR003217,C10022,2016-05-13,7875.65,71,Verkoopboek projecten,17243
PR003218,C10023,2016-05-13,4358.9,71,Verkoopboek projecten,17244
PR003219,C10025,2016-05-13,1210,71,Verkoopboek projecten,17245
PR003220,C10026,2016-05-13,2516.8,71,Verkoopboek projecten,17246
PR003221,C10027,2016-05-13,6084.85,71,Verkoopboek projecten,17247
PR003222,C10028,2016-05-13,3959.12,71,Verkoopboek projecten,17248
PR003223,C10029,2016-05-13,2129.6,71,Verkoopboek projecten,17249
PR003224,C10030,2016-05-13,3574.82,71,Verkoopboek projecten,17250
PR003225,C10031,2016-05-13,2364.82,71,Verkoopboek projecten,17251
PR003226,C10033,2016-05-13,1306.8,71,Verkoopboek projecten,17252
PR003227,C10034,2016-05-13,2516.8,71,Verkoopboek projecten,17253
PR003228,C10035,2016-05-13,6655,71,Verkoopboek projecten,17254
PR003229,C10036,2016-05-13,7543.62,71,Verkoopboek projecten,17255
PR003230,C10037,2016-05-13,1306.8,71,Verkoopboek projecten,17256
PR003231,C10038,2016-05-13,1058.02,71,Verkoopboek projecten,17257
PR003232,C10039,2016-05-13,2299,71,Verkoopboek projecten,17258
PR003233,C10040,2016-05-13,2420,71,Verkoopboek projecten,17259
PR003234,C10041,2016-05-13,6243.6,71,Verkoopboek projecten,17260
PR003235,C10042,2016-05-13,4210.8,71,Verkoopboek projecten,17261
PR003236,C10044,2016-05-13,4688.02,71,Verkoopboek projecten,17262
PR003237,C10045,2016-05-13,2032.8,71,Verkoopboek projecten,17263
PR003238,C10046,2016-05-13,1306.8,71,Verkoopboek projecten,17264
PR003239,C10047,2016-05-13,968,71,Verkoopboek projecten,17265
PR003240,C10048,2016-05-13,968,71,Verkoopboek projecten,17266
PR003241,C10049,2016-05-13,958.32,71,Verkoopboek projecten,17267
PR003242,C10003,2016-05-13,2516.8,71,Verkoopboek projecten,17268
PR003243,C10053,2016-05-13,2178,71,Verkoopboek projecten,17269
PR003244,C10054,2016-05-13,6306.52,71,Verkoopboek projecten,17270
PR003245,C10055,2016-05-13,2274.8,71,Verkoopboek projecten,17271
PR003246,C10056,2016-05-13,3630,71,Verkoopboek projecten,17272
PR003247,C10057,2016-05-13,6287.64,71,Verkoopboek projecten,17273
PR003248,C10059,2016-05-13,4660.92,71,Verkoopboek projecten,17275
PR003249,C10061,2016-05-13,2178,71,Verkoopboek projecten,17276
PR003250,C10063,2016-05-13,1058.02,71,Verkoopboek projecten,17277
PR003251,C10064,2016-05-13,1936,71,Verkoopboek projecten,17278
PR003252,C10005,2016-05-13,1711.42,71,Verkoopboek projecten,17279
PR003253,C10069,2016-05-13,2516.8,71,Verkoopboek projecten,17280
PR003254,C10070,2016-05-13,3184.72,71,Verkoopboek projecten,17281
PR003255,C10072,2016-05-13,3436.4,71,Verkoopboek projecten,17282
PR003256,C10073,2016-05-13,968,71,Verkoopboek projecten,17283
PR003257,C10076,2016-05-13,2364.82,71,Verkoopboek projecten,17284
PR003258,C10079,2016-05-13,3138.74,71,Verkoopboek projecten,17285
PR003259,C10082,2016-05-13,4905.82,71,Verkoopboek projecten,17287
PR003260,C10084,2016-05-13,3102.44,71,Verkoopboek projecten,17288
PR003261,C10085,2016-05-13,1210,71,Verkoopboek projecten,17289
PR003262,C10089,2016-05-13,4452.8,71,Verkoopboek projecten,17290
PR003263,C10090,2016-05-13,2274.8,71,Verkoopboek projecten,17291
PR003264,C10092,2016-05-13,5338.52,71,Verkoopboek projecten,17292
PR003265,C10093,2016-05-13,1718.2,71,Verkoopboek projecten,17293
PR003266,C10094,2016-05-13,2516.8,71,Verkoopboek projecten,17294
PR003267,C10096,2016-05-13,968,71,Verkoopboek projecten,17295
PR003268,C10100,2016-05-13,2516.8,71,Verkoopboek projecten,17296
PR003269,C10101,2016-05-13,1669.8,71,Verkoopboek projecten,17297
PR003270,C10104,2016-05-13,1669.8,71,Verkoopboek projecten,17298
PR003271,C10107,2016-05-13,3039.52,71,Verkoopboek projecten,17299
PR003272,C10109,2016-05-13,2178,71,Verkoopboek projecten,17300
PR003273,C10111,2016-05-13,1058.02,71,Verkoopboek projecten,17301
PR003274,C10113,2016-05-13,2516.8,71,Verkoopboek projecten,17302
PR003275,C10114,2016-05-13,3000.8,71,Verkoopboek projecten,17303
PR003276,C10115,2016-05-13,3959.12,71,Verkoopboek projecten,17304
PR003277,C10116,2016-05-13,1306.8,71,Verkoopboek projecten,17306
PR003278,C10117,2016-05-13,7043.41,71,Verkoopboek projecten,17307
PR003279,C10119,2016-05-13,638.88,71,Verkoopboek projecten,17309
PR003280,C10122,2016-05-13,2516.8,71,Verkoopboek projecten,17310
PR003281,C10124,2016-05-13,5017.14,71,Verkoopboek projecten,17311
PR003282,C10126,2016-05-13,3090.82,71,Verkoopboek projecten,17312
PR003283,C10131,2016-05-13,2268.02,71,Verkoopboek projecten,17313
PR003284,C10134,2016-05-13,1210,71,Verkoopboek projecten,17314
PR003285,C10136,2016-05-13,1210,71,Verkoopboek projecten,17315
PR003286,C10137,2016-05-13,4107.22,71,Verkoopboek projecten,17316
PR003287,C10138,2016-05-13,4446.02,71,Verkoopboek projecten,17317
PR003288,C10139,2016-05-13,1306.8,71,Verkoopboek projecten,17318
PR003289,C10140,2016-05-13,3090.82,71,Verkoopboek projecten,17319
PR003290,C10144,2016-05-13,1058.02,71,Verkoopboek projecten,17320
PR003291,C10145,2016-05-13,3920.4,71,Verkoopboek projecten,17321
PR003292,C10146,2016-05-13,3823.6,71,Verkoopboek projecten,17322
PR003293,C10148,2016-05-13,1089,71,Verkoopboek projecten,17323
PR003294,C10150,2016-05-13,2274.8,71,Verkoopboek projecten,17324
PR003295,C10153,2016-05-13,4356,71,Verkoopboek projecten,17325
PR003296,C10157,2016-05-13,6485.6,71,Verkoopboek projecten,17326
PR003297,C10158,2016-05-13,3146,71,Verkoopboek projecten,17327
PR003298,C10159,2016-05-13,3841.02,71,Verkoopboek projecten,17328
PR003299,C10169,2016-05-13,4477,71,Verkoopboek projecten,17329
PR003300,C10170,2016-05-13,1306.8,71,Verkoopboek projecten,17330
PR003301,C10024,2016-05-31,4840,71,Verkoopboek projecten,17331
PR003302,C10050,2016-05-31,3671.62,71,Verkoopboek projecten,17332
PR003303,C10068,2016-05-31,968,71,Verkoopboek projecten,17333
PR003304,C10186,2016-05-31,10108.82,71,Verkoopboek projecten,17334
PR003305,C10185,2016-05-31,5559.22,71,Verkoopboek projecten,17335
PR003306,C10006,2016-05-31,6388.8,71,Verkoopboek projecten,17336
PR003307,C10007,2016-05-31,2904,71,Verkoopboek projecten,17337
PR003308,C10008,2016-05-31,5656.02,71,Verkoopboek projecten,17338
PR003309,C10009,2016-05-31,3332.82,71,Verkoopboek projecten,17339
PR003310,C10010,2016-05-31,1306.8,71,Verkoopboek projecten,17340
PR003311,C10011,2016-05-31,9479.62,71,Verkoopboek projecten,17341
PR003312,C10012,2016-05-31,5904.8,71,Verkoopboek projecten,17342
PR003313,C10013,2016-05-31,9085.65,71,Verkoopboek projecten,17343
PR003314,C10014,2016-05-31,2662,71,Verkoopboek projecten,17344
PR003315,C10015,2016-05-31,2516.8,71,Verkoopboek projecten,17345
PR003316,C10017,2016-05-31,605,71,Verkoopboek projecten,17346
PR003317,C10018,2016-05-31,1210,71,Verkoopboek projecten,17347
PR003318,C10021,2016-05-31,3357.02,71,Verkoopboek projecten,17348
PR003319,C10022,2016-05-31,2420,71,Verkoopboek projecten,17349
PR003320,C10023,2016-05-31,3852.64,71,Verkoopboek projecten,17350
PR003321,C10025,2016-05-31,1911.8,71,Verkoopboek projecten,17351
PR003322,C10026,2016-05-31,2810.1,71,Verkoopboek projecten,17352
PR003323,C10027,2016-05-31,1058.02,71,Verkoopboek projecten,17353
PR003324,C10028,2016-05-31,6001.6,71,Verkoopboek projecten,17354
PR003325,C10029,2016-05-31,784.08,71,Verkoopboek projecten,17355
PR003326,C10030,2016-05-31,12519.14,71,Verkoopboek projecten,17356
PR003327,C10031,2016-05-31,4331.8,71,Verkoopboek projecten,17357
PR003328,C10033,2016-05-31,1113.2,71,Verkoopboek projecten,17358
PR003329,C10034,2016-05-31,4936.8,71,Verkoopboek projecten,17359
PR003330,C10035,2016-05-31,2904,71,Verkoopboek projecten,17360
PR003331,C10036,2016-05-31,2395.8,71,Verkoopboek projecten,17361
PR003332,C10037,2016-05-31,5898.02,71,Verkoopboek projecten,17362
PR003333,C10038,2016-05-31,3429.62,71,Verkoopboek projecten,17363
PR003334,C10039,2016-05-31,2129.6,71,Verkoopboek projecten,17364
PR003335,C10040,2016-05-31,1452,71,Verkoopboek projecten,17365
PR003336,C10041,2016-05-31,3323.14,71,Verkoopboek projecten,17366
PR003337,C10042,2016-05-31,7332.6,71,Verkoopboek projecten,17367
PR003338,C10043,2016-05-31,2129.6,71,Verkoopboek projecten,17368
PR003339,C10044,2016-05-31,2168.32,71,Verkoopboek projecten,17369
PR003340,C10045,2016-05-31,1058.02,71,Verkoopboek projecten,17370
PR003341,C10046,2016-05-31,4791.6,71,Verkoopboek projecten,17371
PR003342,C10047,2016-05-31,1064.8,71,Verkoopboek projecten,17372
PR003343,C10048,2016-05-31,1452,71,Verkoopboek projecten,17373
PR003344,C10049,2016-05-31,3847.8,71,Verkoopboek projecten,17374
PR003345,C10003,2016-05-31,6382.02,71,Verkoopboek projecten,17375
PR003346,C10051,2016-05-31,5607.62,71,Verkoopboek projecten,17376
PR003347,C10053,2016-05-31,3000.8,71,Verkoopboek projecten,17377
PR003348,C10054,2016-05-31,4598,71,Verkoopboek projecten,17378
PR003349,C10055,2016-05-31,1936,71,Verkoopboek projecten,17379
PR003350,C10056,2016-05-31,3581.6,71,Verkoopboek projecten,17380
PR003351,C10057,2016-05-31,3187.62,71,Verkoopboek projecten,17381
PR003352,C10058,2016-05-31,2800.42,71,Verkoopboek projecten,17382
PR003353,C10059,2016-05-31,1306.8,71,Verkoopboek projecten,17383
PR003354,C10061,2016-05-31,3678.4,71,Verkoopboek projecten,17384
PR003355,C10063,2016-05-31,3686.14,71,Verkoopboek projecten,17385
PR003356,C10064,2016-05-31,1790.8,71,Verkoopboek projecten,17386
PR003357,C10005,2016-05-31,1064.8,71,Verkoopboek projecten,17387
PR003358,C10069,2016-05-31,1597.2,71,Verkoopboek projecten,17388
PR003359,C10070,2016-05-31,4452.8,71,Verkoopboek projecten,17389
PR003360,C10072,2016-05-31,4743.2,71,Verkoopboek projecten,17390
PR003361,C10073,2016-05-31,2662,71,Verkoopboek projecten,17391
PR003362,C10076,2016-05-31,1621.4,71,Verkoopboek projecten,17392
PR003363,C10079,2016-05-31,4874.85,71,Verkoopboek projecten,17393
PR003364,C10082,2016-05-31,1210,71,Verkoopboek projecten,17394
PR003365,C10084,2016-05-31,6461.4,71,Verkoopboek projecten,17395
PR003366,C10085,2016-05-31,2749.12,71,Verkoopboek projecten,17396
PR003367,C10086,2016-05-31,1058.02,71,Verkoopboek projecten,17397
PR003368,C10087,2016-05-31,1306.8,71,Verkoopboek projecten,17398
PR003369,C10088,2016-05-31,3242.8,71,Verkoopboek projecten,17399
PR003370,C10089,2016-05-31,2613.6,71,Verkoopboek projecten,17400
PR003371,C10090,2016-05-31,2516.8,71,Verkoopboek projecten,17401
PR003372,C10092,2016-05-31,2032.8,71,Verkoopboek projecten,17402
PR003373,C10093,2016-05-31,7695.6,71,Verkoopboek projecten,17403
PR003374,C10094,2016-05-31,5414.02,71,Verkoopboek projecten,17404
PR003375,C10096,2016-05-31,1481.04,71,Verkoopboek projecten,17405
PR003376,C10100,2016-05-31,4058.82,71,Verkoopboek projecten,17406
PR003377,C10101,2016-05-31,5275.6,71,Verkoopboek projecten,17407
PR003378,C10104,2016-05-31,7502,71,Verkoopboek projecten,17408
PR003379,C10107,2016-05-31,3242.8,71,Verkoopboek projecten,17409
PR003380,C10109,2016-05-31,5662.8,71,Verkoopboek projecten,17410
PR003381,C10113,2016-05-31,2274.8,71,Verkoopboek projecten,17411
PR003382,C10114,2016-05-31,3242.8,71,Verkoopboek projecten,17412
PR003383,C10115,2016-05-31,3236.02,71,Verkoopboek projecten,17413
PR003384,C10116,2016-05-31,2274.8,71,Verkoopboek projecten,17414
PR003385,C10117,2016-05-31,7543.62,71,Verkoopboek projecten,17415
PR003386,C10119,2016-05-31,3429.62,71,Verkoopboek projecten,17416
PR003387,C10122,2016-05-31,3211.82,71,Verkoopboek projecten,17417
PR003388,C10124,2016-05-31,3332.82,71,Verkoopboek projecten,17418
PR003389,C10131,2016-05-31,2516.8,71,Verkoopboek projecten,17419
PR003390,C10134,2016-05-31,2371.6,71,Verkoopboek projecten,17420
PR003391,C10136,2016-05-31,3823.6,71,Verkoopboek projecten,17421
PR003392,C10137,2016-05-31,5711.2,71,Verkoopboek projecten,17422
PR003393,C10138,2016-05-31,968,71,Verkoopboek projecten,17423
PR003394,C10140,2016-05-31,5656.02,71,Verkoopboek projecten,17424
PR003395,C10146,2016-05-31,3090.82,71,Verkoopboek projecten,17425
PR003396,C10148,2016-05-31,2116.05,71,Verkoopboek projecten,17426
PR003397,C10150,2016-05-31,5904.8,71,Verkoopboek projecten,17427
PR003398,C10153,2016-05-31,6817.62,71,Verkoopboek projecten,17428
PR003399,C10155,2016-05-31,2032.8,71,Verkoopboek projecten,17429
PR003400,C10157,2016-05-31,2516.8,71,Verkoopboek projecten,17430
PR003401,C10158,2016-05-31,4564.12,71,Verkoopboek projecten,17431
PR003402,C10169,2016-05-31,968,71,Verkoopboek projecten,17432
PR003403,C10170,2016-05-31,484,71,Verkoopboek projecten,17433
PR003404,C10024,2016-06-15,3339.6,71,Verkoopboek projecten,18130
PR003405,C10050,2016-06-15,5293.02,71,Verkoopboek projecten,18131
PR003406,C10068,2016-06-15,4936.8,71,Verkoopboek projecten,18132
PR003407,C10186,2016-06-15,13908.22,71,Verkoopboek projecten,18133
PR003408,C10185,2016-06-15,4397.62,71,Verkoopboek projecten,18134
PR003409,C10006,2016-06-15,3663.88,71,Verkoopboek projecten,18135
PR003410,C10007,2016-06-15,3717.12,71,Verkoopboek projecten,18136
PR003411,C10008,2016-06-15,4936.8,71,Verkoopboek projecten,18137
PR003412,C10009,2016-06-15,3242.8,71,Verkoopboek projecten,18138
PR003413,C10010,2016-06-15,1621.4,71,Verkoopboek projecten,18139
PR003414,C10011,2016-06-15,2516.8,71,Verkoopboek projecten,18140
PR003415,C10012,2016-06-15,1839.2,71,Verkoopboek projecten,18141
PR003416,C10013,2016-06-15,4663.82,71,Verkoopboek projecten,18142
PR003417,C10014,2016-06-15,2371.6,71,Verkoopboek projecten,18143
PR003418,C10015,2016-06-15,3605.8,71,Verkoopboek projecten,18144
PR003419,C10016,2016-06-15,2081.2,71,Verkoopboek projecten,18145
PR003420,C10017,2016-06-15,1306.8,71,Verkoopboek projecten,18146
PR003421,C10018,2016-06-15,3968.8,71,Verkoopboek projecten,18147
PR003422,C10019,2016-06-15,4791.6,71,Verkoopboek projecten,18148
PR003423,C10022,2016-06-15,2178,71,Verkoopboek projecten,18149
PR003424,C10023,2016-06-15,2516.8,71,Verkoopboek projecten,18150
PR003425,C10025,2016-06-15,2386.12,71,Verkoopboek projecten,18151
PR003426,C10027,2016-06-15,968,71,Verkoopboek projecten,18152
PR003427,C10028,2016-06-15,6403.32,71,Verkoopboek projecten,18153
PR003428,C10029,2016-06-15,1306.8,71,Verkoopboek projecten,18154
PR003429,C10030,2016-06-15,5275.6,71,Verkoopboek projecten,18155
PR003430,C10033,2016-06-15,3784.88,71,Verkoopboek projecten,18156
PR003431,C10034,2016-06-15,3291.2,71,Verkoopboek projecten,18157
PR003432,C10036,2016-06-15,1452,71,Verkoopboek projecten,18158
PR003433,C10037,2016-06-15,1089,71,Verkoopboek projecten,18159
PR003434,C10038,2016-06-15,1064.8,71,Verkoopboek projecten,18160
PR003435,C10039,2016-06-15,2178,71,Verkoopboek projecten,18161
PR003436,C10040,2016-06-15,1058.02,71,Verkoopboek projecten,18162
PR003437,C10042,2016-06-15,2897.22,71,Verkoopboek projecten,18163
PR003438,C10043,2016-06-15,4791.6,71,Verkoopboek projecten,18164
PR003439,C10045,2016-06-15,1306.8,71,Verkoopboek projecten,18165
PR003440,C10046,2016-06-15,6727.6,71,Verkoopboek projecten,18166
PR003441,C10047,2016-06-15,4888.4,71,Verkoopboek projecten,18167
PR003442,C10048,2016-06-15,653.4,71,Verkoopboek projecten,18168
PR003443,C10049,2016-06-15,2773.32,71,Verkoopboek projecten,18169
PR003444,C10053,2016-06-15,4452.8,71,Verkoopboek projecten,18170
PR003445,C10055,2016-06-15,1452,71,Verkoopboek projecten,18171
PR003446,C10056,2016-06-15,1058.02,71,Verkoopboek projecten,18172
PR003447,C10058,2016-06-15,1176.12,71,Verkoopboek projecten,18173
PR003448,C10059,2016-06-15,3436.4,71,Verkoopboek projecten,18174
PR003449,C10061,2016-06-15,5662.8,71,Verkoopboek projecten,18175
PR003450,C10063,2016-06-15,3429.62,71,Verkoopboek projecten,18176
PR003451,C10064,2016-06-15,2904,71,Verkoopboek projecten,18177
PR003452,C10005,2016-06-15,580.8,71,Verkoopboek projecten,18178
PR003453,C10069,2016-06-15,2274.8,71,Verkoopboek projecten,18179
PR003454,C10070,2016-06-15,4985.2,71,Verkoopboek projecten,18180
PR003455,C10072,2016-06-15,3388,71,Verkoopboek projecten,18181
PR003456,C10073,2016-06-15,3208.92,71,Verkoopboek projecten,18182
PR003457,C10076,2016-06-15,1452,71,Verkoopboek projecten,18183
PR003458,C10079,2016-06-15,2662,71,Verkoopboek projecten,18184
PR003459,C10082,2016-06-15,968,71,Verkoopboek projecten,18185
PR003460,C10084,2016-06-15,4397.62,71,Verkoopboek projecten,18186
PR003461,C10085,2016-06-15,968,71,Verkoopboek projecten,18187
PR003462,C10086,2016-06-15,3097.6,71,Verkoopboek projecten,18188
PR003463,C10087,2016-06-15,3678.4,71,Verkoopboek projecten,18189
PR003464,C10088,2016-06-15,1306.8,71,Verkoopboek projecten,18190
PR003465,C10092,2016-06-15,4936.8,71,Verkoopboek projecten,18191
PR003466,C10093,2016-06-15,3671.62,71,Verkoopboek projecten,18192
PR003467,C10094,2016-06-15,532.4,71,Verkoopboek projecten,18193
PR003468,C10096,2016-06-15,4297.92,71,Verkoopboek projecten,18194
PR003469,C10100,2016-06-15,605,71,Verkoopboek projecten,18195
PR003470,C10101,2016-06-15,2613.6,71,Verkoopboek projecten,18196
PR003471,C10104,2016-06-15,3847.8,71,Verkoopboek projecten,18197
PR003472,C10107,2016-06-15,1064.8,71,Verkoopboek projecten,18198
PR003473,C10109,2016-06-15,726,71,Verkoopboek projecten,18199
PR003474,C10111,2016-06-15,4936.8,71,Verkoopboek projecten,18200
PR003475,C10113,2016-06-15,2628.12,71,Verkoopboek projecten,18201
PR003476,C10114,2016-06-15,2482.92,71,Verkoopboek projecten,18202
PR003477,C10115,2016-06-15,3097.6,71,Verkoopboek projecten,18203
PR003478,C10116,2016-06-15,2274.8,71,Verkoopboek projecten,18204
PR003479,C10117,2016-06-15,5033.6,71,Verkoopboek projecten,18205
PR003480,C10119,2016-06-15,1887.6,71,Verkoopboek projecten,18206
PR003481,C10122,2016-06-15,1452,71,Verkoopboek projecten,18207
PR003482,C10124,2016-06-15,2894.32,71,Verkoopboek projecten,18208
PR003483,C10126,2016-06-15,3872,71,Verkoopboek projecten,18209
PR003484,C10131,2016-06-15,968,71,Verkoopboek projecten,18210
PR003485,C10134,2016-06-15,3073.4,71,Verkoopboek projecten,18211
PR003486,C10136,2016-06-15,2420,71,Verkoopboek projecten,18212
PR003487,C10137,2016-06-15,6848.6,71,Verkoopboek projecten,18213
PR003488,C10138,2016-06-15,4694.8,71,Verkoopboek projecten,18214
PR003489,C10139,2016-06-15,3968.8,71,Verkoopboek projecten,18215
PR003490,C10140,2016-06-15,1064.8,71,Verkoopboek projecten,18216
PR003491,C10144,2016-06-15,4017.2,71,Verkoopboek projecten,18217
PR003492,C10145,2016-06-15,3993,71,Verkoopboek projecten,18218
PR003493,C10146,2016-06-15,4123.68,71,Verkoopboek projecten,18219
PR003494,C10148,2016-06-15,2023.12,71,Verkoopboek projecten,18220
PR003495,C10150,2016-06-15,2758.8,71,Verkoopboek projecten,18221
PR003496,C10153,2016-06-15,6098.4,71,Verkoopboek projecten,18222
PR003497,C10155,2016-06-15,2758.8,71,Verkoopboek projecten,18223
PR003498,C10157,2016-06-15,4598,71,Verkoopboek projecten,18224
PR003499,C10158,2016-06-15,3484.8,71,Verkoopboek projecten,18225
PR003500,C10159,2016-06-15,1058.02,71,Verkoopboek projecten,18226
PR003501,C10169,2016-06-15,2516.8,71,Verkoopboek projecten,18227
PR003502,C10170,2016-06-15,3446.08,71,Verkoopboek projecten,18228
PR003503,C10024,2016-06-30,1306.8,71,Verkoopboek projecten,18229
PR003504,C10050,2016-06-30,4542.82,71,Verkoopboek projecten,18230
PR003505,C10068,2016-06-30,2855.6,71,Verkoopboek projecten,18231
PR003506,C10186,2016-06-30,5517.6,71,Verkoopboek projecten,18232
PR003507,C10185,2016-06-30,6906.68,71,Verkoopboek projecten,18233
PR003508,C10006,2016-06-30,2032.8,71,Verkoopboek projecten,18234
PR003509,C10007,2016-06-30,4999.72,71,Verkoopboek projecten,18235
PR003510,C10008,2016-06-30,1452,71,Verkoopboek projecten,18236
PR003511,C10009,2016-06-30,4501.2,71,Verkoopboek projecten,18237
PR003512,C10010,2016-06-30,6897,71,Verkoopboek projecten,18238
PR003513,C10011,2016-06-30,1210,71,Verkoopboek projecten,18239
PR003514,C10013,2016-06-30,1064.8,71,Verkoopboek projecten,18240
PR003515,C10014,2016-06-30,1306.8,71,Verkoopboek projecten,18241
PR003516,C10015,2016-06-30,3581.6,71,Verkoopboek projecten,18242
PR003517,C10016,2016-06-30,2129.6,71,Verkoopboek projecten,18243
PR003518,C10017,2016-06-30,3097.6,71,Verkoopboek projecten,18244
PR003519,C10019,2016-06-30,3968.8,71,Verkoopboek projecten,18245
PR003520,C10021,2016-06-30,3233.12,71,Verkoopboek projecten,18246
PR003521,C10022,2016-06-30,968,71,Verkoopboek projecten,18247
PR003522,C10023,2016-06-30,5507.92,71,Verkoopboek projecten,18248
PR003523,C10026,2016-06-30,1306.8,71,Verkoopboek projecten,18249
PR003524,C10027,2016-06-30,3146,71,Verkoopboek projecten,18250
PR003525,C10028,2016-06-30,3581.6,71,Verkoopboek projecten,18251
PR003526,C10029,2016-06-30,1064.8,71,Verkoopboek projecten,18252
PR003527,C10030,2016-06-30,3920.4,71,Verkoopboek projecten,18253
PR003528,C10031,2016-06-30,2026.02,71,Verkoopboek projecten,18254
PR003529,C10033,2016-06-30,1064.8,71,Verkoopboek projecten,18255
PR003530,C10034,2016-06-30,1452,71,Verkoopboek projecten,18256
PR003531,C10035,2016-06-30,532.4,71,Verkoopboek projecten,18257
PR003532,C10036,2016-06-30,5236.88,71,Verkoopboek projecten,18258
PR003533,C10037,2016-06-30,2994.02,71,Verkoopboek projecten,18259
PR003534,C10038,2016-06-30,2023.12,71,Verkoopboek projecten,18260
PR003535,C10039,2016-06-30,958.32,71,Verkoopboek projecten,18261
PR003536,C10040,2016-06-30,2662,71,Verkoopboek projecten,18262
PR003537,C10041,2016-06-30,1210,71,Verkoopboek projecten,18263
PR003538,C10042,2016-06-30,2904,71,Verkoopboek projecten,18264
PR003539,C10043,2016-06-30,3509,71,Verkoopboek projecten,18265
PR003540,C10044,2016-06-30,3388,71,Verkoopboek projecten,18266
PR003541,C10045,2016-06-30,2274.8,71,Verkoopboek projecten,18267
PR003542,C10046,2016-06-30,1452,71,Verkoopboek projecten,18268
PR003543,C10047,2016-06-30,3823.6,71,Verkoopboek projecten,18269
PR003544,C10048,2016-06-30,3547.72,71,Verkoopboek projecten,18270
PR003545,C10049,2016-06-30,2758.8,71,Verkoopboek projecten,18271
PR003546,C10003,2016-06-30,958.32,71,Verkoopboek projecten,18272
PR003547,C10051,2016-06-30,2516.8,71,Verkoopboek projecten,18273
PR003548,C10054,2016-06-30,2613.6,71,Verkoopboek projecten,18274
PR003549,C10055,2016-06-30,3097.6,71,Verkoopboek projecten,18275
PR003550,C10056,2016-06-30,1929.22,71,Verkoopboek projecten,18276
PR003551,C10057,2016-06-30,2323.2,71,Verkoopboek projecten,18277
PR003552,C10058,2016-06-30,2364.82,71,Verkoopboek projecten,18278
PR003553,C10059,2016-06-30,5759.6,71,Verkoopboek projecten,18279
PR003554,C10063,2016-06-30,1210,71,Verkoopboek projecten,18280
PR003555,C10005,2016-06-30,4307.6,71,Verkoopboek projecten,18281
PR003556,C10069,2016-06-30,2081.2,71,Verkoopboek projecten,18282
PR003557,C10072,2016-06-30,968,71,Verkoopboek projecten,18283
PR003558,C10079,2016-06-30,1064.8,71,Verkoopboek projecten,18284
PR003559,C10082,2016-06-30,5420.8,71,Verkoopboek projecten,18285
PR003560,C10084,2016-06-30,1960.2,71,Verkoopboek projecten,18286
PR003561,C10085,2016-06-30,1064.8,71,Verkoopboek projecten,18287
PR003562,C10086,2016-06-30,9099.2,71,Verkoopboek projecten,18288
PR003563,C10087,2016-06-30,3388,71,Verkoopboek projecten,18289
PR003564,C10088,2016-06-30,1210,71,Verkoopboek projecten,18290
PR003565,C10089,2016-06-30,4660.92,71,Verkoopboek projecten,18291
PR003566,C10090,2016-06-30,2420,71,Verkoopboek projecten,18292
PR003567,C10092,2016-06-30,3388,71,Verkoopboek projecten,18293
PR003568,C10093,2016-06-30,6292,71,Verkoopboek projecten,18294
PR003569,C10094,2016-06-30,2420,71,Verkoopboek projecten,18295
PR003570,C10096,2016-06-30,1064.8,71,Verkoopboek projecten,18296
PR003571,C10100,2016-06-30,5662.8,71,Verkoopboek projecten,18297
PR003572,C10101,2016-06-30,1306.8,71,Verkoopboek projecten,18298
PR003573,C10104,2016-06-30,3339.6,71,Verkoopboek projecten,18299
PR003574,C10107,2016-06-30,1210,71,Verkoopboek projecten,18300
PR003575,C10109,2016-06-30,2516.8,71,Verkoopboek projecten,18301
PR003576,C10111,2016-06-30,2516.8,71,Verkoopboek projecten,18302
PR003577,C10113,2016-06-30,2516.8,71,Verkoopboek projecten,18303
PR003578,C10114,2016-06-30,2758.8,71,Verkoopboek projecten,18304
PR003579,C10115,2016-06-30,2807.2,71,Verkoopboek projecten,18305
PR003580,C10116,2016-06-30,1306.8,71,Verkoopboek projecten,18306
PR003581,C10117,2016-06-30,1064.8,71,Verkoopboek projecten,18307
PR003582,C10119,2016-06-30,4757.72,71,Verkoopboek projecten,18308
PR003583,C10122,2016-06-30,3332.82,71,Verkoopboek projecten,18309
PR003584,C10124,2016-06-30,7153.52,71,Verkoopboek projecten,18310
PR003585,C10126,2016-06-30,3620.32,71,Verkoopboek projecten,18311
PR003586,C10131,2016-06-30,2662,71,Verkoopboek projecten,18312
PR003587,C10134,2016-06-30,1064.8,71,Verkoopboek projecten,18313
PR003588,C10136,2016-06-30,1064.8,71,Verkoopboek projecten,18314
PR003589,C10137,2016-06-30,6106.14,71,Verkoopboek projecten,18315
PR003590,C10138,2016-06-30,3720.02,71,Verkoopboek projecten,18316
PR003591,C10139,2016-06-30,3484.8,71,Verkoopboek projecten,18317
PR003592,C10140,2016-06-30,2420,71,Verkoopboek projecten,18318
PR003593,C10144,2016-06-30,1306.8,71,Verkoopboek projecten,18319
PR003594,C10145,2016-06-30,958.32,71,Verkoopboek projecten,18320
PR003595,C10146,2016-06-30,6050,71,Verkoopboek projecten,18321
PR003596,C10150,2016-06-30,2655.22,71,Verkoopboek projecten,18322
PR003597,C10153,2016-06-30,968,71,Verkoopboek projecten,18323
PR003598,C10155,2016-06-30,1452,71,Verkoopboek projecten,18324
PR003599,C10157,2016-06-30,6050,71,Verkoopboek projecten,18325
PR003600,C10158,2016-06-30,1058.02,71,Verkoopboek projecten,18326
PR003601,C10159,2016-06-30,3058.88,71,Verkoopboek projecten,18327
PR003602,C10169,2016-06-30,1210,71,Verkoopboek projecten,18328
PR003603,C10170,2016-06-30,3429.62,71,Verkoopboek projecten,18329
PR003604,C10003,2016-07-15,2516.8,71,Verkoopboek projecten,19031
PR003605,C10005,2016-07-15,2758.8,71,Verkoopboek projecten,19032
PR003606,C10006,2016-07-15,968,71,Verkoopboek projecten,19033
PR003607,C10007,2016-07-15,1452,71,Verkoopboek projecten,19034
PR003608,C10008,2016-07-15,1452,71,Verkoopboek projecten,19035
PR003609,C10009,2016-07-15,3581.6,71,Verkoopboek projecten,19036
PR003610,C10010,2016-07-15,4948.9,71,Verkoopboek projecten,19037
PR003611,C10011,2016-07-15,2274.8,71,Verkoopboek projecten,19038
PR003612,C10013,2016-07-15,3484.8,71,Verkoopboek projecten,19039
PR003613,C10014,2016-07-15,3726.8,71,Verkoopboek projecten,19040
PR003614,C10015,2016-07-15,3726.8,71,Verkoopboek projecten,19041
PR003615,C10016,2016-07-15,1452,71,Verkoopboek projecten,19042
PR003616,C10017,2016-07-15,3146,71,Verkoopboek projecten,19043
PR003617,C10018,2016-07-15,2178,71,Verkoopboek projecten,19044
PR003618,C10019,2016-07-15,2274.8,71,Verkoopboek projecten,19045
PR003619,C10021,2016-07-15,2758.8,71,Verkoopboek projecten,19046
PR003620,C10022,2016-07-15,3242.8,71,Verkoopboek projecten,19047
PR003621,C10023,2016-07-15,1210,71,Verkoopboek projecten,19048
PR003622,C10024,2016-07-15,1210,71,Verkoopboek projecten,19049
PR003623,C10025,2016-07-15,968,71,Verkoopboek projecten,19050
PR003624,C10026,2016-07-15,6824.4,71,Verkoopboek projecten,19051
PR003625,C10028,2016-07-15,3726.8,71,Verkoopboek projecten,19052
PR003626,C10029,2016-07-15,6098.4,71,Verkoopboek projecten,19053
PR003627,C10030,2016-07-15,3872,71,Verkoopboek projecten,19054
PR003628,C10034,2016-07-15,4549.6,71,Verkoopboek projecten,19055
PR003629,C10035,2016-07-15,3388,71,Verkoopboek projecten,19056
PR003630,C10036,2016-07-15,4549.6,71,Verkoopboek projecten,19057
PR003631,C10038,2016-07-15,2178,71,Verkoopboek projecten,19058
PR003632,C10039,2016-07-15,2395.8,71,Verkoopboek projecten,19059
PR003633,C10040,2016-07-15,5566,71,Verkoopboek projecten,19060
PR003634,C10041,2016-07-15,2468.4,71,Verkoopboek projecten,19061
PR003635,C10043,2016-07-15,5420.8,71,Verkoopboek projecten,19062
PR003636,C10045,2016-07-15,6146.8,71,Verkoopboek projecten,19063
PR003637,C10046,2016-07-15,2516.8,71,Verkoopboek projecten,19064
PR003638,C10048,2016-07-15,5759.6,71,Verkoopboek projecten,19065
PR003639,C10049,2016-07-15,4235,71,Verkoopboek projecten,19066
PR003640,C10050,2016-07-15,4549.6,71,Verkoopboek projecten,19067
PR003641,C10051,2016-07-15,2758.8,71,Verkoopboek projecten,19068
PR003642,C10053,2016-07-15,3968.8,71,Verkoopboek projecten,19069
PR003643,C10055,2016-07-15,3872,71,Verkoopboek projecten,19070
PR003644,C10056,2016-07-15,4210.8,71,Verkoopboek projecten,19071
PR003645,C10057,2016-07-15,1306.8,71,Verkoopboek projecten,19072
PR003646,C10058,2016-07-15,1306.8,71,Verkoopboek projecten,19073
PR003647,C10059,2016-07-15,2105.4,71,Verkoopboek projecten,19074
PR003648,C10061,2016-07-15,3339.6,71,Verkoopboek projecten,19075
PR003649,C10063,2016-07-15,3146,71,Verkoopboek projecten,19076
PR003650,C10064,2016-07-15,3484.8,71,Verkoopboek projecten,19077
PR003651,C10069,2016-07-15,2662,71,Verkoopboek projecten,19078
PR003652,C10070,2016-07-15,2178,71,Verkoopboek projecten,19079
PR003653,C10076,2016-07-15,3484.8,71,Verkoopboek projecten,19080
PR003654,C10079,2016-07-15,2274.8,71,Verkoopboek projecten,19081
PR003655,C10082,2016-07-15,2758.8,71,Verkoopboek projecten,19082
PR003656,C10084,2016-07-15,3581.6,71,Verkoopboek projecten,19083
PR003657,C10085,2016-07-15,3484.8,71,Verkoopboek projecten,19084
PR003658,C10087,2016-07-15,2516.8,71,Verkoopboek projecten,19085
PR003659,C10088,2016-07-15,1064.8,71,Verkoopboek projecten,19086
PR003660,C10089,2016-07-15,2178,71,Verkoopboek projecten,19087
PR003661,C10090,2016-07-15,7381,71,Verkoopboek projecten,19088
PR003662,C10092,2016-07-15,3242.8,71,Verkoopboek projecten,19089
PR003663,C10093,2016-07-15,3388,71,Verkoopboek projecten,19090
PR003664,C10094,2016-07-15,1452,71,Verkoopboek projecten,19091
PR003665,C10100,2016-07-15,1064.8,71,Verkoopboek projecten,19092
PR003666,C10101,2016-07-15,3339.6,71,Verkoopboek projecten,19093
PR003667,C10104,2016-07-15,1452,71,Verkoopboek projecten,19094
PR003668,C10107,2016-07-15,1306.8,71,Verkoopboek projecten,19095
PR003669,C10109,2016-07-15,2008.6,71,Verkoopboek projecten,19096
PR003670,C10111,2016-07-15,2758.8,71,Verkoopboek projecten,19097
PR003671,C10114,2016-07-15,1064.8,71,Verkoopboek projecten,19098
PR003672,C10115,2016-07-15,1863.4,71,Verkoopboek projecten,19099
PR003673,C10116,2016-07-15,3872,71,Verkoopboek projecten,19100
PR003674,C10117,2016-07-15,7986,71,Verkoopboek projecten,19101
PR003675,C10119,2016-07-15,1306.8,71,Verkoopboek projecten,19102
PR003676,C10122,2016-07-15,1694,71,Verkoopboek projecten,19103
PR003677,C10124,2016-07-15,3291.2,71,Verkoopboek projecten,19104
PR003678,C10126,2016-07-15,3436.4,71,Verkoopboek projecten,19105
PR003679,C10134,2016-07-15,1210,71,Verkoopboek projecten,19106
PR003681,C10137,2016-07-15,5420.8,71,Verkoopboek projecten,19108
PR003682,C10138,2016-07-15,968,71,Verkoopboek projecten,19109
PR003683,C10139,2016-07-15,1064.8,71,Verkoopboek projecten,19110
PR003684,C10140,2016-07-15,2274.8,71,Verkoopboek projecten,19111
PR003685,C10144,2016-07-15,3388,71,Verkoopboek projecten,19112
PR003686,C10145,2016-07-15,1306.8,71,Verkoopboek projecten,19113
PR003687,C10146,2016-07-15,2432.1,71,Verkoopboek projecten,19114
PR003688,C10150,2016-07-15,968,71,Verkoopboek projecten,19115
PR003689,C10153,2016-07-15,2371.6,71,Verkoopboek projecten,19116
PR003690,C10155,2016-07-15,1064.8,71,Verkoopboek projecten,19117
PR003691,C10157,2016-07-15,1694,71,Verkoopboek projecten,19118
PR003692,C10158,2016-07-15,3242.8,71,Verkoopboek projecten,19119
PR003693,C10159,2016-07-15,5916.9,71,Verkoopboek projecten,19120
PR003694,C10169,2016-07-15,3968.8,71,Verkoopboek projecten,19121
PR003695,C10185,2016-07-15,3823.6,71,Verkoopboek projecten,19122
PR003696,C10186,2016-07-15,7223.7,71,Verkoopboek projecten,19123
PR003697,C10003,2016-07-31,1306.8,71,Verkoopboek projecten,19124
PR003698,C10005,2016-07-31,2516.8,71,Verkoopboek projecten,19125
PR003699,C10006,2016-07-31,3630,71,Verkoopboek projecten,19126
PR003700,C10007,2016-07-31,968,71,Verkoopboek projecten,19127
PR003701,C10011,2016-07-31,2371.6,71,Verkoopboek projecten,19128
PR003702,C10012,2016-07-31,1452,71,Verkoopboek projecten,19129
PR003703,C10013,2016-07-31,4452.8,71,Verkoopboek projecten,19130
PR003704,C10014,2016-07-31,2613.6,71,Verkoopboek projecten,19131
PR003705,C10015,2016-07-31,2516.8,71,Verkoopboek projecten,19132
PR003706,C10016,2016-07-31,2420,71,Verkoopboek projecten,19133
PR003707,C10017,2016-07-31,1210,71,Verkoopboek projecten,19134
PR003708,C10018,2016-07-31,1210,71,Verkoopboek projecten,19135
PR003709,C10019,2016-07-31,3581.6,71,Verkoopboek projecten,19136
PR003710,C10023,2016-07-31,3581.6,71,Verkoopboek projecten,19137
PR003711,C10024,2016-07-31,2420,71,Verkoopboek projecten,19138
PR003712,C10025,2016-07-31,2420,71,Verkoopboek projecten,19139
PR003713,C10026,2016-07-31,968,71,Verkoopboek projecten,19140
PR003714,C10027,2016-07-31,1452,71,Verkoopboek projecten,19141
PR003715,C10028,2016-07-31,968,71,Verkoopboek projecten,19142
PR003716,C10029,2016-07-31,1306.8,71,Verkoopboek projecten,19143
PR003717,C10034,2016-07-31,3823.6,71,Verkoopboek projecten,19144
PR003718,C10038,2016-07-31,1210,71,Verkoopboek projecten,19145
PR003719,C10039,2016-07-31,1452,71,Verkoopboek projecten,19146
PR003720,C10040,2016-07-31,1210,71,Verkoopboek projecten,19147
PR003721,C10041,2016-07-31,4791.6,71,Verkoopboek projecten,19148
PR003722,C10043,2016-07-31,2274.8,71,Verkoopboek projecten,19149
PR003723,C10044,2016-07-31,1306.8,71,Verkoopboek projecten,19150
PR003724,C10045,2016-07-31,3436.4,71,Verkoopboek projecten,19151
PR003725,C10046,2016-07-31,1064.8,71,Verkoopboek projecten,19152
PR003726,C10048,2016-07-31,3388,71,Verkoopboek projecten,19153
PR003727,C10049,2016-07-31,1210,71,Verkoopboek projecten,19154
PR003728,C10050,2016-07-31,4791.6,71,Verkoopboek projecten,19155
PR003729,C10051,2016-07-31,2420,71,Verkoopboek projecten,19156
PR003730,C10053,2016-07-31,1064.8,71,Verkoopboek projecten,19157
PR003731,C10054,2016-07-31,1064.8,71,Verkoopboek projecten,19158
PR003732,C10055,2016-07-31,1064.8,71,Verkoopboek projecten,19159
PR003733,C10056,2016-07-31,2274.8,71,Verkoopboek projecten,19160
PR003734,C10057,2016-07-31,2274.8,71,Verkoopboek projecten,19161
PR003735,C10058,2016-07-31,1452,71,Verkoopboek projecten,19162
PR003736,C10059,2016-07-31,1306.8,71,Verkoopboek projecten,19163
PR003737,C10061,2016-07-31,1694,71,Verkoopboek projecten,19164
PR003738,C10064,2016-07-31,4501.2,71,Verkoopboek projecten,19165
PR003739,C10069,2016-07-31,2904,71,Verkoopboek projecten,19166
PR003740,C10070,2016-07-31,2274.8,71,Verkoopboek projecten,19167
PR003741,C10073,2016-07-31,484,71,Verkoopboek projecten,19168
PR003742,C10079,2016-07-31,1306.8,71,Verkoopboek projecten,19169
PR003743,C10084,2016-07-31,3968.8,71,Verkoopboek projecten,19170
PR003744,C10085,2016-07-31,2371.6,71,Verkoopboek projecten,19171
PR003745,C10086,2016-07-31,4210.8,71,Verkoopboek projecten,19172
PR003746,C10087,2016-07-31,2516.8,71,Verkoopboek projecten,19173
PR003747,C10090,2016-07-31,1452,71,Verkoopboek projecten,19174
PR003748,C10092,2016-07-31,2032.8,71,Verkoopboek projecten,19175
PR003749,C10093,2016-07-31,968,71,Verkoopboek projecten,19176
PR003750,C10094,2016-07-31,3872,71,Verkoopboek projecten,19177
PR003751,C10096,2016-07-31,2662,71,Verkoopboek projecten,19178
PR003752,C10100,2016-07-31,1306.8,71,Verkoopboek projecten,19179
PR003753,C10101,2016-07-31,1815,71,Verkoopboek projecten,19180
PR003754,C10107,2016-07-31,1452,71,Verkoopboek projecten,19181
PR003755,C10109,2016-07-31,1306.8,71,Verkoopboek projecten,19182
PR003756,C10111,2016-07-31,3097.6,71,Verkoopboek projecten,19183
PR003757,C10113,2016-07-31,1306.8,71,Verkoopboek projecten,19184
PR003758,C10114,2016-07-31,968,71,Verkoopboek projecten,19185
PR003759,C10115,2016-07-31,968,71,Verkoopboek projecten,19186
PR003760,C10116,2016-07-31,1936,71,Verkoopboek projecten,19187
PR003761,C10117,2016-07-31,2758.8,71,Verkoopboek projecten,19188
PR003762,C10122,2016-07-31,1210,71,Verkoopboek projecten,19189
PR003763,C10126,2016-07-31,1452,71,Verkoopboek projecten,19190
PR003764,C10131,2016-07-31,2662,71,Verkoopboek projecten,19191
PR003765,C10134,2016-07-31,968,71,Verkoopboek projecten,19192
PR003766,C10136,2016-07-31,2662,71,Verkoopboek projecten,19193
PR003767,C10137,2016-07-31,2032.8,71,Verkoopboek projecten,19194
PR003768,C10139,2016-07-31,4791.6,71,Verkoopboek projecten,19195
PR003769,C10140,2016-07-31,1064.8,71,Verkoopboek projecten,19196
PR003770,C10144,2016-07-31,3726.8,71,Verkoopboek projecten,19197
PR003771,C10145,2016-07-31,2662,71,Verkoopboek projecten,19198
PR003772,C10146,2016-07-31,1210,71,Verkoopboek projecten,19199
PR003773,C10150,2016-07-31,3630,71,Verkoopboek projecten,19200
PR003774,C10153,2016-07-31,2178,71,Verkoopboek projecten,19201
PR003775,C10157,2016-07-31,3509,71,Verkoopboek projecten,19202
PR003776,C10158,2016-07-31,2516.8,71,Verkoopboek projecten,19203
PR003777,C10159,2016-07-31,3823.6,71,Verkoopboek projecten,19204
PR003778,C10169,2016-07-31,3194.4,71,Verkoopboek projecten,19205
PR003779,C10185,2016-07-31,1210,71,Verkoopboek projecten,19206
PR003780,C10186,2016-07-31,968,71,Verkoopboek projecten,19207
PR003781,C10003,2016-08-15,2032.8,71,Verkoopboek projecten,19933
PR003782,C10005,2016-08-15,907.5,71,Verkoopboek projecten,19934
PR003783,C10006,2016-08-15,6243.6,71,Verkoopboek projecten,19935
PR003784,C10007,2016-08-15,2613.6,71,Verkoopboek projecten,19936
PR003785,C10008,2016-08-15,1306.8,71,Verkoopboek projecten,19937
PR003786,C10009,2016-08-15,2274.8,71,Verkoopboek projecten,19938
PR003787,C10010,2016-08-15,2032.8,71,Verkoopboek projecten,19939
PR003788,C10011,2016-08-15,968,71,Verkoopboek projecten,19940
PR003789,C10012,2016-08-15,1694,71,Verkoopboek projecten,19941
PR003790,C10013,2016-08-15,968,71,Verkoopboek projecten,19942
PR003791,C10015,2016-08-15,3581.6,71,Verkoopboek projecten,19943
PR003792,C10016,2016-08-15,2613.6,71,Verkoopboek projecten,19944
PR003793,C10017,2016-08-15,4210.8,71,Verkoopboek projecten,19945
PR003794,C10019,2016-08-15,5808,71,Verkoopboek projecten,19946
PR003795,C10021,2016-08-15,2178,71,Verkoopboek projecten,19947
PR003796,C10022,2016-08-15,1064.8,71,Verkoopboek projecten,19948
PR003797,C10023,2016-08-15,1306.8,71,Verkoopboek projecten,19949
PR003798,C10024,2016-08-15,1210,71,Verkoopboek projecten,19950
PR003799,C10025,2016-08-15,907.5,71,Verkoopboek projecten,19951
PR003800,C10026,2016-08-15,5166.7,71,Verkoopboek projecten,19952
PR003801,C10027,2016-08-15,4646.4,71,Verkoopboek projecten,19954
PR003802,C10028,2016-08-15,5178.8,71,Verkoopboek projecten,19955
PR003803,C10030,2016-08-15,3968.8,71,Verkoopboek projecten,19956
PR003804,C10031,2016-08-15,968,71,Verkoopboek projecten,19957
PR003805,C10034,2016-08-15,1306.8,71,Verkoopboek projecten,19958
PR003806,C10035,2016-08-15,2178,71,Verkoopboek projecten,19959
PR003807,C10036,2016-08-15,968,71,Verkoopboek projecten,19960
PR003808,C10037,2016-08-15,4464.9,71,Verkoopboek projecten,19961
PR003809,C10038,2016-08-15,4065.6,71,Verkoopboek projecten,19962
PR003810,C10039,2016-08-15,1452,71,Verkoopboek projecten,19963
PR003811,C10040,2016-08-15,2904,71,Verkoopboek projecten,19964
PR003812,C10041,2016-08-15,4065.6,71,Verkoopboek projecten,19965
PR003813,C10042,2016-08-15,3581.6,71,Verkoopboek projecten,19966
PR003814,C10044,2016-08-15,3484.8,71,Verkoopboek projecten,19967
PR003815,C10046,2016-08-15,532.4,71,Verkoopboek projecten,19968
PR003816,C10047,2016-08-15,2274.8,71,Verkoopboek projecten,19969
PR003817,C10048,2016-08-15,2420,71,Verkoopboek projecten,19970
PR003818,C10050,2016-08-15,2904,71,Verkoopboek projecten,19971
PR003819,C10051,2016-08-15,2662,71,Verkoopboek projecten,19972
PR003820,C10054,2016-08-15,3097.6,71,Verkoopboek projecten,19973
PR003821,C10055,2016-08-15,2662,71,Verkoopboek projecten,19974
PR003822,C10056,2016-08-15,1064.8,71,Verkoopboek projecten,19975
PR003823,C10057,2016-08-15,968,71,Verkoopboek projecten,19976
PR003824,C10058,2016-08-15,968,71,Verkoopboek projecten,19977
PR003825,C10059,2016-08-15,1306.8,71,Verkoopboek projecten,19978
PR003826,C10063,2016-08-15,2178,71,Verkoopboek projecten,19979
PR003827,C10064,2016-08-15,3726.8,71,Verkoopboek projecten,19980
PR003828,C10068,2016-08-15,968,71,Verkoopboek projecten,19981
PR003829,C10069,2016-08-15,4114,71,Verkoopboek projecten,19982
PR003830,C10070,2016-08-15,1936,71,Verkoopboek projecten,19983
PR003831,C10072,2016-08-15,2758.8,71,Verkoopboek projecten,19984
PR003832,C10073,2016-08-15,2541,71,Verkoopboek projecten,19985
PR003833,C10076,2016-08-15,3158.1,71,Verkoopboek projecten,19986
PR003834,C10079,2016-08-15,2420,71,Verkoopboek projecten,19987
PR003835,C10084,2016-08-15,2274.8,71,Verkoopboek projecten,19988
PR003836,C10085,2016-08-15,2662,71,Verkoopboek projecten,19989
PR003837,C10086,2016-08-15,1210,71,Verkoopboek projecten,19990
PR003838,C10087,2016-08-15,2371.6,71,Verkoopboek projecten,19991
PR003839,C10088,2016-08-15,1210,71,Verkoopboek projecten,19992
PR003840,C10089,2016-08-15,4864.2,71,Verkoopboek projecten,19993
PR003841,C10090,2016-08-15,3146,71,Verkoopboek projecten,19994
PR003842,C10093,2016-08-15,5566,71,Verkoopboek projecten,19995
PR003843,C10094,2016-08-15,1452,71,Verkoopboek projecten,19996
PR003844,C10096,2016-08-15,3986.31,71,Verkoopboek projecten,19997
PR003845,C10100,2016-08-15,1452,71,Verkoopboek projecten,19999
PR003846,C10107,2016-08-15,2516.8,71,Verkoopboek projecten,20000
PR003847,C10109,2016-08-15,2274.8,71,Verkoopboek projecten,20001
PR003848,C10115,2016-08-15,1452,71,Verkoopboek projecten,20002
PR003849,C10116,2016-08-15,1064.8,71,Verkoopboek projecten,20003
PR003850,C10117,2016-08-15,3436.4,71,Verkoopboek projecten,20004
PR003851,C10119,2016-08-15,968,71,Verkoopboek projecten,20005
PR003852,C10122,2016-08-15,3581.6,71,Verkoopboek projecten,20006
PR003853,C10124,2016-08-15,1452,71,Verkoopboek projecten,20007
PR003854,C10126,2016-08-15,4694.8,71,Verkoopboek projecten,20008
PR003855,C10131,2016-08-15,4404.4,71,Verkoopboek projecten,20009
PR003856,C10134,2016-08-15,2274.8,71,Verkoopboek projecten,20010
PR003857,C10136,2016-08-15,2662,71,Verkoopboek projecten,20011
PR003858,C10137,2016-08-15,1064.8,71,Verkoopboek projecten,20012
PR003859,C10139,2016-08-15,3025,71,Verkoopboek projecten,20013
PR003860,C10140,2016-08-15,2420,71,Verkoopboek projecten,20014
PR003861,C10144,2016-08-15,2274.8,71,Verkoopboek projecten,20015
PR003862,C10145,2016-08-15,3968.8,71,Verkoopboek projecten,20016
PR003863,C10146,2016-08-15,1210,71,Verkoopboek projecten,20017
PR003864,C10148,2016-08-15,1452,71,Verkoopboek projecten,20018
PR003865,C10150,2016-08-15,2613.6,71,Verkoopboek projecten,20019
PR003866,C10153,2016-08-15,3823.6,71,Verkoopboek projecten,20020
PR003867,C10155,2016-08-15,2032.8,71,Verkoopboek projecten,20021
PR003868,C10157,2016-08-15,4356,71,Verkoopboek projecten,20022
PR003869,C10159,2016-08-15,1210,71,Verkoopboek projecten,20023
PR003870,C10169,2016-08-15,3581.6,71,Verkoopboek projecten,20024
PR003871,C10170,2016-08-15,1064.8,71,Verkoopboek projecten,20025
PR003872,C10185,2016-08-15,5082,71,Verkoopboek projecten,20026
PR003873,C10186,2016-08-15,11228.8,71,Verkoopboek projecten,20027
PR003874,C10003,2016-08-31,2420,71,Verkoopboek projecten,20028
PR003875,C10005,2016-08-31,2371.6,71,Verkoopboek projecten,20029
PR003876,C10007,2016-08-31,2178,71,Verkoopboek projecten,20030
PR003877,C10009,2016-08-31,4186.6,71,Verkoopboek projecten,20031
PR003878,C10010,2016-08-31,5517.6,71,Verkoopboek projecten,20032
PR003879,C10011,2016-08-31,3726.8,71,Verkoopboek projecten,20033
PR003880,C10012,2016-08-31,2516.8,71,Verkoopboek projecten,20034
PR003881,C10013,2016-08-31,6243.6,71,Verkoopboek projecten,20035
PR003882,C10014,2016-08-31,2178,71,Verkoopboek projecten,20036
PR003883,C10015,2016-08-31,968,71,Verkoopboek projecten,20037
PR003884,C10016,2016-08-31,1210,71,Verkoopboek projecten,20038
PR003885,C10017,2016-08-31,3146,71,Verkoopboek projecten,20039
PR003886,C10018,2016-08-31,3823.6,71,Verkoopboek projecten,20040
PR003887,C10019,2016-08-31,3872,71,Verkoopboek projecten,20041
PR003888,C10021,2016-08-31,6243.6,71,Verkoopboek projecten,20042
PR003889,C10022,2016-08-31,1306.8,71,Verkoopboek projecten,20043
PR003890,C10023,2016-08-31,3630,71,Verkoopboek projecten,20044
PR003891,C10024,2016-08-31,2758.8,71,Verkoopboek projecten,20045
PR003892,C10026,2016-08-31,1306.8,71,Verkoopboek projecten,20046
PR003893,C10027,2016-08-31,2274.8,71,Verkoopboek projecten,20047
PR003894,C10028,2016-08-31,5033.6,71,Verkoopboek projecten,20048
PR003895,C10029,2016-08-31,2371.6,71,Verkoopboek projecten,20049
PR003896,C10030,2016-08-31,9389.6,71,Verkoopboek projecten,20050
PR003897,C10031,2016-08-31,2032.8,71,Verkoopboek projecten,20051
PR003898,C10033,2016-08-31,1936,71,Verkoopboek projecten,20052
PR003899,C10034,2016-08-31,2371.6,71,Verkoopboek projecten,20053
PR003900,C10035,2016-08-31,2032.8,71,Verkoopboek projecten,20054
PR003901,C10037,2016-08-31,4114,71,Verkoopboek projecten,20055
PR003902,C10038,2016-08-31,968,71,Verkoopboek projecten,20056
PR003903,C10039,2016-08-31,5033.6,71,Verkoopboek projecten,20057
PR003904,C10040,2016-08-31,1452,71,Verkoopboek projecten,20058
PR003905,C10041,2016-08-31,2432.1,71,Verkoopboek projecten,20059
PR003906,C10042,2016-08-31,6195.2,71,Verkoopboek projecten,20060
PR003907,C10043,2016-08-31,1064.8,71,Verkoopboek projecten,20061
PR003908,C10044,2016-08-31,968,71,Verkoopboek projecten,20062
PR003909,C10045,2016-08-31,5662.8,71,Verkoopboek projecten,20063
PR003910,C10046,2016-08-31,3581.6,71,Verkoopboek projecten,20064
PR003911,C10047,2016-08-31,1556.06,71,Verkoopboek projecten,20065
PR003912,C10048,2016-08-31,2057,71,Verkoopboek projecten,20067
PR003913,C10049,2016-08-31,2274.8,71,Verkoopboek projecten,20068
PR003914,C10050,2016-08-31,7695.6,71,Verkoopboek projecten,20069
PR003915,C10053,2016-08-31,1936,71,Verkoopboek projecten,20070
PR003916,C10055,2016-08-31,1306.8,71,Verkoopboek projecten,20071
PR003917,C10056,2016-08-31,4404.4,71,Verkoopboek projecten,20072
PR003918,C10057,2016-08-31,2371.6,71,Verkoopboek projecten,20073
PR003919,C10058,2016-08-31,2274.8,71,Verkoopboek projecten,20074
PR003920,C10059,2016-08-31,3000.8,71,Verkoopboek projecten,20075
PR003921,C10061,2016-08-31,3097.6,71,Verkoopboek projecten,20076
PR003922,C10064,2016-08-31,3484.8,71,Verkoopboek projecten,20077
PR003923,C10068,2016-08-31,968,71,Verkoopboek projecten,20078
PR003924,C10069,2016-08-31,4210.8,71,Verkoopboek projecten,20079
PR003925,C10070,2016-08-31,2976.6,71,Verkoopboek projecten,20080
PR003926,C10072,2016-08-31,4235,71,Verkoopboek projecten,20081
PR003927,C10073,2016-08-31,3484.8,71,Verkoopboek projecten,20082
PR003928,C10076,2016-08-31,5275.6,71,Verkoopboek projecten,20083
PR003929,C10079,2016-08-31,3412.2,71,Verkoopboek projecten,20084
PR003930,C10082,2016-08-31,968,71,Verkoopboek projecten,20085
PR003931,C10084,2016-08-31,1210,71,Verkoopboek projecten,20086
PR003932,C10086,2016-08-31,2274.8,71,Verkoopboek projecten,20087
PR003933,C10087,2016-08-31,3581.6,71,Verkoopboek projecten,20088
PR003934,C10088,2016-08-31,4404.4,71,Verkoopboek projecten,20089
PR003935,C10089,2016-08-31,2032.8,71,Verkoopboek projecten,20090
PR003936,C10090,2016-08-31,2178,71,Verkoopboek projecten,20091
PR003937,C10092,2016-08-31,6340.4,71,Verkoopboek projecten,20092
PR003938,C10093,2016-08-31,6703.4,71,Verkoopboek projecten,20093
PR003939,C10094,2016-08-31,2758.8,71,Verkoopboek projecten,20094
PR003940,C10100,2016-08-31,4323.33,71,Verkoopboek projecten,20095
PR003941,C10101,2016-08-31,2371.6,71,Verkoopboek projecten,20097
PR003942,C10104,2016-08-31,1064.8,71,Verkoopboek projecten,20098
PR003943,C10107,2016-08-31,1210,71,Verkoopboek projecten,20099
PR003944,C10109,2016-08-31,2371.6,71,Verkoopboek projecten,20100
PR003945,C10111,2016-08-31,1210,71,Verkoopboek projecten,20101
PR003946,C10113,2016-08-31,2420,71,Verkoopboek projecten,20102
PR003947,C10114,2016-08-31,1064.8,71,Verkoopboek projecten,20103
PR003948,C10115,2016-08-31,4743.2,71,Verkoopboek projecten,20104
PR003949,C10116,2016-08-31,3242.8,71,Verkoopboek projecten,20105
PR003950,C10117,2016-08-31,8518.4,71,Verkoopboek projecten,20106
PR003951,C10119,2016-08-31,2129.6,71,Verkoopboek projecten,20107
PR003952,C10122,2016-08-31,3678.4,71,Verkoopboek projecten,20108
PR003953,C10124,2016-08-31,5566,71,Verkoopboek projecten,20109
PR003954,C10126,2016-08-31,1064.8,71,Verkoopboek projecten,20110
PR003955,C10131,2016-08-31,5662.8,71,Verkoopboek projecten,20111
PR003956,C10134,2016-08-31,968,71,Verkoopboek projecten,20112
PR003957,C10136,2016-08-31,3726.8,71,Verkoopboek projecten,20113
PR003958,C10138,2016-08-31,2662,71,Verkoopboek projecten,20114
PR003959,C10139,2016-08-31,968,71,Verkoopboek projecten,20115
PR003960,C10140,2016-08-31,1064.8,71,Verkoopboek projecten,20116
PR003961,C10144,2016-08-31,726,71,Verkoopboek projecten,20117
PR003962,C10145,2016-08-31,6243.6,71,Verkoopboek projecten,20118
PR003963,C10146,2016-08-31,3242.8,71,Verkoopboek projecten,20119
PR003964,C10148,2016-08-31,1936,71,Verkoopboek projecten,20120
PR003965,C10153,2016-08-31,1306.8,71,Verkoopboek projecten,20121
PR003966,C10155,2016-08-31,1972.3,71,Verkoopboek projecten,20122
PR003967,C10157,2016-08-31,6098.4,71,Verkoopboek projecten,20123
PR003968,C10158,2016-08-31,1452,71,Verkoopboek projecten,20124
PR003969,C10169,2016-08-31,3005.64,71,Verkoopboek projecten,20125
PR003970,C10170,2016-08-31,1306.8,71,Verkoopboek projecten,20127
PR003971,C10185,2016-08-31,7163.2,71,Verkoopboek projecten,20128
PR003972,C10186,2016-08-31,10599.6,71,Verkoopboek projecten,20129
PR003973,C10003,2016-09-15,2516.8,71,Verkoopboek projecten,20878
PR003974,C10005,2016-09-15,2420,71,Verkoopboek projecten,20879
PR003975,C10006,2016-09-15,6606.6,71,Verkoopboek projecten,20880
PR003976,C10007,2016-09-15,2516.8,71,Verkoopboek projecten,20881
PR003977,C10008,2016-09-15,1064.8,71,Verkoopboek projecten,20882
PR003978,C10009,2016-09-15,3581.6,71,Verkoopboek projecten,20883
PR003979,C10011,2016-09-15,1306.8,71,Verkoopboek projecten,20884
PR003980,C10012,2016-09-15,2420,71,Verkoopboek projecten,20885
PR003981,C10013,2016-09-15,1306.8,71,Verkoopboek projecten,20886
PR003982,C10015,2016-09-15,3484.8,71,Verkoopboek projecten,20887
PR003983,C10016,2016-09-15,2758.8,71,Verkoopboek projecten,20888
PR003984,C10017,2016-09-15,2758.8,71,Verkoopboek projecten,20889
PR003985,C10018,2016-09-15,2420,71,Verkoopboek projecten,20890
PR003986,C10019,2016-09-15,2274.8,71,Verkoopboek projecten,20891
PR003987,C10022,2016-09-15,1064.8,71,Verkoopboek projecten,20892
PR003988,C10023,2016-09-15,1306.8,71,Verkoopboek projecten,20893
PR003989,C10024,2016-09-15,2516.8,71,Verkoopboek projecten,20894
PR003990,C10025,2016-09-15,1306.8,71,Verkoopboek projecten,20895
PR003991,C10026,2016-09-15,2371.6,71,Verkoopboek projecten,20896
PR003992,C10028,2016-09-15,3726.8,71,Verkoopboek projecten,20897
PR003993,C10029,2016-09-15,4549.6,71,Verkoopboek projecten,20898
PR003994,C10030,2016-09-15,6630.8,71,Verkoopboek projecten,20899
PR003995,C10031,2016-09-15,3726.8,71,Verkoopboek projecten,20900
PR003996,C10033,2016-09-15,1064.8,71,Verkoopboek projecten,20901
PR003997,C10034,2016-09-15,4307.6,71,Verkoopboek projecten,20902
PR003998,C10035,2016-09-15,1306.8,71,Verkoopboek projecten,20903
PR003999,C10036,2016-09-15,2274.8,71,Verkoopboek projecten,20904
PR004000,C10037,2016-09-15,1306.8,71,Verkoopboek projecten,20905
PR004001,C10038,2016-09-15,1306.8,71,Verkoopboek projecten,20906
PR004002,C10039,2016-09-15,4065.6,71,Verkoopboek projecten,20907
PR004003,C10040,2016-09-15,1210,71,Verkoopboek projecten,20908
PR004004,C10041,2016-09-15,3678.4,71,Verkoopboek projecten,20909
PR004005,C10042,2016-09-15,4065.6,71,Verkoopboek projecten,20910
PR004006,C10043,2016-09-15,3315.4,71,Verkoopboek projecten,20911
PR004007,C10044,2016-09-15,3484.8,71,Verkoopboek projecten,20912
PR004008,C10045,2016-09-15,2178,71,Verkoopboek projecten,20913
PR004009,C10046,2016-09-15,2637.8,71,Verkoopboek projecten,20914
PR004010,C10047,2016-09-15,3630,71,Verkoopboek projecten,20915
PR004011,C10048,2016-09-15,6969.6,71,Verkoopboek projecten,20916
PR004012,C10049,2016-09-15,1064.8,71,Verkoopboek projecten,20917
PR004013,C10050,2016-09-15,9970.4,71,Verkoopboek projecten,20918
PR004014,C10051,2016-09-15,1064.8,71,Verkoopboek projecten,20919
PR004015,C10053,2016-09-15,4791.6,71,Verkoopboek projecten,20920
PR004016,C10054,2016-09-15,2516.8,71,Verkoopboek projecten,20921
PR004017,C10055,2016-09-15,1210,71,Verkoopboek projecten,20922
PR004018,C10056,2016-09-15,4936.8,71,Verkoopboek projecten,20923
PR004019,C10057,2016-09-15,2129.6,71,Verkoopboek projecten,20924
PR004020,C10058,2016-09-15,2879.8,71,Verkoopboek projecten,20925
PR004021,C10059,2016-09-15,3726.8,71,Verkoopboek projecten,20926
PR004022,C10061,2016-09-15,1064.8,71,Verkoopboek projecten,20927
PR004023,C10064,2016-09-15,2274.8,71,Verkoopboek projecten,20928
PR004024,C10068,2016-09-15,5953.2,71,Verkoopboek projecten,20929
PR004025,C10069,2016-09-15,4452.8,71,Verkoopboek projecten,20930
PR004026,C10070,2016-09-15,3581.6,71,Verkoopboek projecten,20931
PR004027,C10072,2016-09-15,2371.6,71,Verkoopboek projecten,20932
PR004028,C10073,2016-09-15,3484.8,71,Verkoopboek projecten,20933
PR004029,C10079,2016-09-15,1210,71,Verkoopboek projecten,20934
PR004030,C10082,2016-09-15,6243.6,71,Verkoopboek projecten,20935
PR004031,C10084,2016-09-15,4331.8,71,Verkoopboek projecten,20936
PR004032,C10085,2016-09-15,2274.8,71,Verkoopboek projecten,20937
PR004033,C10086,2016-09-15,1452,71,Verkoopboek projecten,20938
PR004034,C10087,2016-09-15,4694.8,71,Verkoopboek projecten,20939
PR004035,C10088,2016-09-15,5130.4,71,Verkoopboek projecten,20940
PR004036,C10089,2016-09-15,2178,71,Verkoopboek projecten,20941
PR004037,C10090,2016-09-15,2662,71,Verkoopboek projecten,20942
PR004038,C10092,2016-09-15,5420.8,71,Verkoopboek projecten,20943
PR004039,C10093,2016-09-15,7356.8,71,Verkoopboek projecten,20944
PR004040,C10094,2016-09-15,3811.5,71,Verkoopboek projecten,20945
PR004041,C10096,2016-09-15,1306.8,71,Verkoopboek projecten,20946
PR004042,C10100,2016-09-15,2516.8,71,Verkoopboek projecten,20947
PR004043,C10101,2016-09-15,3823.6,71,Verkoopboek projecten,20948
PR004044,C10104,2016-09-15,1064.8,71,Verkoopboek projecten,20949
PR004045,C10107,2016-09-15,3872,71,Verkoopboek projecten,20950
PR004046,C10109,2016-09-15,1306.8,71,Verkoopboek projecten,20951
PR004047,C10111,2016-09-15,2420,71,Verkoopboek projecten,20952
PR004048,C10113,2016-09-15,968,71,Verkoopboek projecten,20953
PR004049,C10114,2016-09-15,1452,71,Verkoopboek projecten,20954
PR004050,C10115,2016-09-15,4791.6,71,Verkoopboek projecten,20955
PR004051,C10117,2016-09-15,6727.6,71,Verkoopboek projecten,20956
PR004052,C10119,2016-09-15,3484.8,71,Verkoopboek projecten,20957
PR004053,C10122,2016-09-15,3872,71,Verkoopboek projecten,20958
PR004054,C10124,2016-09-15,9462.2,71,Verkoopboek projecten,20959
PR004055,C10126,2016-09-15,5057.8,71,Verkoopboek projecten,20960
PR004056,C10131,2016-09-15,2371.6,71,Verkoopboek projecten,20961
PR004057,C10134,2016-09-15,1064.8,71,Verkoopboek projecten,20962
PR004058,C10137,2016-09-15,6727.6,71,Verkoopboek projecten,20963
PR004059,C10138,2016-09-15,1306.8,71,Verkoopboek projecten,20964
PR004060,C10139,2016-09-15,3799.4,71,Verkoopboek projecten,20965
PR004061,C10140,2016-09-15,2516.8,71,Verkoopboek projecten,20966
PR004062,C10144,2016-09-15,5178.8,71,Verkoopboek projecten,20967
PR004063,C10145,2016-09-15,1306.8,71,Verkoopboek projecten,20968
PR004064,C10146,2016-09-15,968,71,Verkoopboek projecten,20969
PR004065,C10148,2016-09-15,6098.4,71,Verkoopboek projecten,20970
PR004066,C10150,2016-09-15,3968.8,71,Verkoopboek projecten,20971
PR004067,C10153,2016-09-15,2178,71,Verkoopboek projecten,20972
PR004068,C10155,2016-09-15,3484.8,71,Verkoopboek projecten,20973
PR004069,C10157,2016-09-15,9244.4,71,Verkoopboek projecten,20974
PR004070,C10158,2016-09-15,1815,71,Verkoopboek projecten,20975
PR004071,C10159,2016-09-15,2274.8,71,Verkoopboek projecten,20976
PR004072,C10169,2016-09-15,2359.5,71,Verkoopboek projecten,20977
PR004073,C10170,2016-09-15,1936,71,Verkoopboek projecten,20978
PR004074,C10185,2016-09-15,5759.6,71,Verkoopboek projecten,20979
PR004075,C10186,2016-09-15,9982.5,71,Verkoopboek projecten,20980
PR004076,C10003,2016-09-30,2516.8,71,Verkoopboek projecten,20981
PR004077,C10005,2016-09-30,3012.9,71,Verkoopboek projecten,20982
PR004078,C10006,2016-09-30,7453.6,71,Verkoopboek projecten,20983
PR004079,C10008,2016-09-30,3678.4,71,Verkoopboek projecten,20984
PR004080,C10009,2016-09-30,4186.6,71,Verkoopboek projecten,20985
PR004081,C10010,2016-09-30,3581.6,71,Verkoopboek projecten,20986
PR004082,C10011,2016-09-30,4053.5,71,Verkoopboek projecten,20987
PR004083,C10012,2016-09-30,1306.8,71,Verkoopboek projecten,20988
PR004084,C10013,2016-09-30,6001.6,71,Verkoopboek projecten,20989
PR004085,C10014,2016-09-30,3968.8,71,Verkoopboek projecten,20990
PR004086,C10015,2016-09-30,4356,71,Verkoopboek projecten,20991
PR004087,C10018,2016-09-30,4694.8,71,Verkoopboek projecten,20992
PR004088,C10019,2016-09-30,1064.8,71,Verkoopboek projecten,20993
PR004089,C10021,2016-09-30,1452,71,Verkoopboek projecten,20994
PR004090,C10023,2016-09-30,968,71,Verkoopboek projecten,20995
PR004091,C10024,2016-09-30,4888.4,71,Verkoopboek projecten,20996
PR004092,C10025,2016-09-30,2129.6,71,Verkoopboek projecten,20997
PR004093,C10026,2016-09-30,1694,71,Verkoopboek projecten,20998
PR004094,C10027,2016-09-30,4694.8,71,Verkoopboek projecten,20999
PR004095,C10028,2016-09-30,6413,71,Verkoopboek projecten,21000
PR004096,C10029,2016-09-30,3872,71,Verkoopboek projecten,21001
PR004097,C10030,2016-09-30,7211.6,71,Verkoopboek projecten,21002
PR004098,C10031,2016-09-30,3726.8,71,Verkoopboek projecten,21003
PR004099,C10034,2016-09-30,2831.4,71,Verkoopboek projecten,21004
PR004100,C10035,2016-09-30,1210,71,Verkoopboek projecten,21005
PR004101,C10036,2016-09-30,2516.8,71,Verkoopboek projecten,21006
PR004102,C10037,2016-09-30,3630,71,Verkoopboek projecten,21007
PR004103,C10038,2016-09-30,2274.8,71,Verkoopboek projecten,21008
PR004104,C10040,2016-09-30,4065.6,71,Verkoopboek projecten,21009
PR004105,C10041,2016-09-30,6485.6,71,Verkoopboek projecten,21010
PR004106,C10042,2016-09-30,2420,71,Verkoopboek projecten,21011
PR004107,C10043,2016-09-30,968,71,Verkoopboek projecten,21012
PR004108,C10044,2016-09-30,3484.8,71,Verkoopboek projecten,21013
PR004109,C10045,2016-09-30,3388,71,Verkoopboek projecten,21014
PR004110,C10046,2016-09-30,2758.8,71,Verkoopboek projecten,21015
PR004111,C10048,2016-09-30,2420,71,Verkoopboek projecten,21016
PR004112,C10049,2016-09-30,4646.4,71,Verkoopboek projecten,21017
PR004113,C10050,2016-09-30,10139.8,71,Verkoopboek projecten,21018
PR004114,C10051,2016-09-30,2178,71,Verkoopboek projecten,21019
PR004115,C10053,2016-09-30,3460.6,71,Verkoopboek projecten,21020
PR004116,C10055,2016-09-30,1064.8,71,Verkoopboek projecten,21021
PR004117,C10056,2016-09-30,5082,71,Verkoopboek projecten,21022
PR004118,C10057,2016-09-30,4356,71,Verkoopboek projecten,21023
PR004119,C10059,2016-09-30,3726.8,71,Verkoopboek projecten,21024
PR004120,C10061,2016-09-30,5045.7,71,Verkoopboek projecten,21025
PR004121,C10063,2016-09-30,2904,71,Verkoopboek projecten,21026
PR004122,C10064,2016-09-30,2371.6,71,Verkoopboek projecten,21027
PR004123,C10068,2016-09-30,3000.8,71,Verkoopboek projecten,21028
PR004124,C10069,2016-09-30,968,71,Verkoopboek projecten,21029
PR004125,C10070,2016-09-30,2662,71,Verkoopboek projecten,21030
PR004126,C10072,2016-09-30,1210,71,Verkoopboek projecten,21031
PR004127,C10073,2016-09-30,3920.4,71,Verkoopboek projecten,21032
PR004128,C10076,2016-09-30,968,71,Verkoopboek projecten,21033
PR004129,C10079,2016-09-30,3339.6,71,Verkoopboek projecten,21034
PR004130,C10082,2016-09-30,2662,71,Verkoopboek projecten,21035
PR004131,C10084,2016-09-30,7308.4,71,Verkoopboek projecten,21036
PR004132,C10085,2016-09-30,1306.8,71,Verkoopboek projecten,21037
PR004133,C10087,2016-09-30,2371.6,71,Verkoopboek projecten,21038
PR004134,C10088,2016-09-30,5674.9,71,Verkoopboek projecten,21039
PR004135,C10089,2016-09-30,1306.8,71,Verkoopboek projecten,21040
PR004136,C10090,2016-09-30,1064.8,71,Verkoopboek projecten,21041
PR004137,C10092,2016-09-30,2420,71,Verkoopboek projecten,21042
PR004138,C10093,2016-09-30,2274.8,71,Verkoopboek projecten,21043
PR004139,C10094,2016-09-30,4791.6,71,Verkoopboek projecten,21044
PR004140,C10096,2016-09-30,907.5,71,Verkoopboek projecten,21045
PR004141,C10100,2016-09-30,3872,71,Verkoopboek projecten,21046
PR004142,C10101,2016-09-30,4840,71,Verkoopboek projecten,21047
PR004143,C10104,2016-09-30,1452,71,Verkoopboek projecten,21048
PR004144,C10107,2016-09-30,2516.8,71,Verkoopboek projecten,21049
PR004145,C10109,2016-09-30,1306.8,71,Verkoopboek projecten,21050
PR004146,C10111,2016-09-30,3242.8,71,Verkoopboek projecten,21051
PR004147,C10113,2016-09-30,7937.6,71,Verkoopboek projecten,21052
PR004148,C10114,2016-09-30,1306.8,71,Verkoopboek projecten,21053
PR004149,C10115,2016-09-30,5420.8,71,Verkoopboek projecten,21054
PR004150,C10116,2016-09-30,726,71,Verkoopboek projecten,21055
PR004151,C10117,2016-09-30,4452.8,71,Verkoopboek projecten,21056
PR004152,C10119,2016-09-30,968,71,Verkoopboek projecten,21057
PR004153,C10122,2016-09-30,6146.8,71,Verkoopboek projecten,21058
PR004154,C10124,2016-09-30,4307.6,71,Verkoopboek projecten,21059
PR004155,C10126,2016-09-30,5420.8,71,Verkoopboek projecten,21060
PR004156,C10131,2016-09-30,1306.8,71,Verkoopboek projecten,21061
PR004157,C10134,2016-09-30,3146,71,Verkoopboek projecten,21062
PR004158,C10136,2016-09-30,2178,71,Verkoopboek projecten,21063
PR004159,C10137,2016-09-30,2843.5,71,Verkoopboek projecten,21064
PR004160,C10138,2016-09-30,3242.8,71,Verkoopboek projecten,21065
PR004161,C10139,2016-09-30,3968.8,71,Verkoopboek projecten,21066
PR004162,C10144,2016-09-30,2662,71,Verkoopboek projecten,21067
PR004163,C10145,2016-09-30,1064.8,71,Verkoopboek projecten,21068
PR004164,C10146,2016-09-30,1306.8,71,Verkoopboek projecten,21069
PR004165,C10148,2016-09-30,4743.2,71,Verkoopboek projecten,21070
PR004166,C10150,2016-09-30,5638.6,71,Verkoopboek projecten,21071
PR004167,C10155,2016-09-30,1306.8,71,Verkoopboek projecten,21072
PR004168,C10157,2016-09-30,1306.8,71,Verkoopboek projecten,21073
PR004169,C10158,2016-09-30,4307.6,71,Verkoopboek projecten,21074
PR004170,C10159,2016-09-30,3726.8,71,Verkoopboek projecten,21075
PR004171,C10169,2016-09-30,2274.8,71,Verkoopboek projecten,21076
PR004172,C10170,2016-09-30,2516.8,71,Verkoopboek projecten,21077
PR004173,C10185,2016-09-30,12196.8,71,Verkoopboek projecten,21078
PR004174,C10186,2016-09-30,8082.8,71,Verkoopboek projecten,21079
PR004175,C10003,2016-10-14,2274.8,71,Verkoopboek projecten,21775
PR004176,C10005,2016-10-14,1452,71,Verkoopboek projecten,21776
PR004177,C10006,2016-10-14,2274.8,71,Verkoopboek projecten,21777
PR004178,C10007,2016-10-14,2904,71,Verkoopboek projecten,21778
PR004179,C10009,2016-10-14,5082,71,Verkoopboek projecten,21779
PR004180,C10010,2016-10-14,1306.8,71,Verkoopboek projecten,21780
PR004181,C10011,2016-10-14,3533.2,71,Verkoopboek projecten,21781
PR004182,C10012,2016-10-14,1452,71,Verkoopboek projecten,21782
PR004183,C10013,2016-10-14,5432.9,71,Verkoopboek projecten,21783
PR004184,C10014,2016-10-14,4598,71,Verkoopboek projecten,21784
PR004185,C10015,2016-10-14,1064.8,71,Verkoopboek projecten,21785
PR004186,C10016,2016-10-14,3630,71,Verkoopboek projecten,21786
PR004187,C10017,2016-10-14,1452,71,Verkoopboek projecten,21787
PR004188,C10019,2016-10-14,968,71,Verkoopboek projecten,21788
PR004189,C10021,2016-10-14,3968.8,71,Verkoopboek projecten,21789
PR004190,C10022,2016-10-14,1064.8,71,Verkoopboek projecten,21790
PR004191,C10023,2016-10-14,1064.8,71,Verkoopboek projecten,21791
PR004192,C10024,2016-10-14,1306.8,71,Verkoopboek projecten,21792
PR004193,C10025,2016-10-14,2516.8,71,Verkoopboek projecten,21793
PR004194,C10026,2016-10-14,2274.8,71,Verkoopboek projecten,21794
PR004195,C10027,2016-10-14,3823.6,71,Verkoopboek projecten,21795
PR004196,C10028,2016-10-14,3339.6,71,Verkoopboek projecten,21796
PR004197,C10029,2016-10-14,1064.8,71,Verkoopboek projecten,21797
PR004198,C10030,2016-10-14,7356.8,71,Verkoopboek projecten,21798
PR004199,C10031,2016-10-14,1790.8,71,Verkoopboek projecten,21799
PR004200,C10033,2016-10-14,1210,71,Verkoopboek projecten,21800
PR004201,C10034,2016-10-14,1597.2,71,Verkoopboek projecten,21801
PR004202,C10035,2016-10-14,3823.6,71,Verkoopboek projecten,21802
PR004203,C10036,2016-10-14,1234.2,71,Verkoopboek projecten,21803
PR004204,C10037,2016-10-14,2516.8,71,Verkoopboek projecten,21805
PR004205,C10038,2016-10-14,968,71,Verkoopboek projecten,21806
PR004206,C10039,2016-10-14,2371.6,71,Verkoopboek projecten,21807
PR004207,C10040,2016-10-14,3242.8,71,Verkoopboek projecten,21808
PR004208,C10041,2016-10-14,2662,71,Verkoopboek projecten,21809
PR004209,C10042,2016-10-14,1306.8,71,Verkoopboek projecten,21810
PR004210,C10043,2016-10-14,5856.4,71,Verkoopboek projecten,21811
PR004211,C10045,2016-10-14,1936,71,Verkoopboek projecten,21812
PR004212,C10046,2016-10-14,3968.8,71,Verkoopboek projecten,21813
PR004213,C10047,2016-10-14,7308.4,71,Verkoopboek projecten,21814
PR004214,C10048,2016-10-14,1064.8,71,Verkoopboek projecten,21815
PR004215,C10049,2016-10-14,1936,71,Verkoopboek projecten,21816
PR004216,C10050,2016-10-14,6388.8,71,Verkoopboek projecten,21817
PR004217,C10051,2016-10-14,3581.6,71,Verkoopboek projecten,21818
PR004218,C10053,2016-10-14,3726.8,71,Verkoopboek projecten,21819
PR004219,C10054,2016-10-14,2178,71,Verkoopboek projecten,21820
PR004220,C10055,2016-10-14,2371.6,71,Verkoopboek projecten,21821
PR004221,C10056,2016-10-14,2153.8,71,Verkoopboek projecten,21822
PR004222,C10058,2016-10-14,2516.8,71,Verkoopboek projecten,21823
PR004223,C10061,2016-10-14,2129.6,71,Verkoopboek projecten,21824
PR004224,C10064,2016-10-14,1306.8,71,Verkoopboek projecten,21825
PR004225,C10068,2016-10-14,1064.8,71,Verkoopboek projecten,21826
PR004226,C10069,2016-10-14,3484.8,71,Verkoopboek projecten,21827
PR004227,C10070,2016-10-14,4694.8,71,Verkoopboek projecten,21828
PR004228,C10072,2016-10-14,1064.8,71,Verkoopboek projecten,21829
PR004229,C10073,2016-10-14,1936,71,Verkoopboek projecten,21830
PR004230,C10076,2016-10-14,2371.6,71,Verkoopboek projecten,21831
PR004231,C10079,2016-10-14,3388,71,Verkoopboek projecten,21832
PR004232,C10082,2016-10-14,1210,71,Verkoopboek projecten,21833
PR004233,C10084,2016-10-14,3968.8,71,Verkoopboek projecten,21834
PR004234,C10085,2016-10-14,1210,71,Verkoopboek projecten,21835
PR004235,C10086,2016-10-14,7018,71,Verkoopboek projecten,21836
PR004236,C10087,2016-10-14,6388.8,71,Verkoopboek projecten,21837
PR004237,C10088,2016-10-14,1064.8,71,Verkoopboek projecten,21838
PR004238,C10089,2016-10-14,4646.4,71,Verkoopboek projecten,21839
PR004239,C10090,2016-10-14,2274.8,71,Verkoopboek projecten,21840
PR004240,C10092,2016-10-14,2178,71,Verkoopboek projecten,21841
PR004241,C10093,2016-10-14,3388,71,Verkoopboek projecten,21842
PR004242,C10094,2016-10-14,3630,71,Verkoopboek projecten,21843
PR004243,C10096,2016-10-14,1306.8,71,Verkoopboek projecten,21844
PR004244,C10100,2016-10-14,3388,71,Verkoopboek projecten,21845
PR004245,C10101,2016-10-14,3218.6,71,Verkoopboek projecten,21846
PR004246,C10104,2016-10-14,2129.6,71,Verkoopboek projecten,21847
PR004247,C10107,2016-10-14,1210,71,Verkoopboek projecten,21848
PR004248,C10109,2016-10-14,6001.6,71,Verkoopboek projecten,21849
PR004249,C10111,2016-10-14,3968.8,71,Verkoopboek projecten,21850
PR004250,C10113,2016-10-14,1742.4,71,Verkoopboek projecten,21851
PR004251,C10114,2016-10-14,2129.6,71,Verkoopboek projecten,21853
PR004252,C10115,2016-10-14,1306.8,71,Verkoopboek projecten,21854
PR004253,C10116,2016-10-14,1064.8,71,Verkoopboek projecten,21855
PR004254,C10117,2016-10-14,3726.8,71,Verkoopboek projecten,21856
PR004255,C10119,2016-10-14,1452,71,Verkoopboek projecten,21857
PR004256,C10122,2016-10-14,2274.8,71,Verkoopboek projecten,21858
PR004257,C10124,2016-10-14,2516.8,71,Verkoopboek projecten,21859
PR004258,C10126,2016-10-14,5581.73,71,Verkoopboek projecten,21860
PR004259,C10131,2016-10-14,1064.8,71,Verkoopboek projecten,21862
PR004260,C10134,2016-10-14,1742.4,71,Verkoopboek projecten,21863
PR004261,C10136,2016-10-14,5178.8,71,Verkoopboek projecten,21864
PR004262,C10137,2016-10-14,7308.4,71,Verkoopboek projecten,21865
PR004263,C10138,2016-10-14,1064.8,71,Verkoopboek projecten,21866
PR004264,C10139,2016-10-14,2117.5,71,Verkoopboek projecten,21867
PR004265,C10140,2016-10-14,1306.8,71,Verkoopboek projecten,21868
PR004266,C10144,2016-10-14,5517.6,71,Verkoopboek projecten,21869
PR004267,C10146,2016-10-14,5614.4,71,Verkoopboek projecten,21870
PR004268,C10148,2016-10-14,2371.6,71,Verkoopboek projecten,21871
PR004269,C10150,2016-10-14,5082,71,Verkoopboek projecten,21872
PR004270,C10153,2016-10-14,1452,71,Verkoopboek projecten,21873
PR004271,C10155,2016-10-14,3242.8,71,Verkoopboek projecten,21874
PR004272,C10157,2016-10-14,5614.4,71,Verkoopboek projecten,21875
PR004273,C10158,2016-10-14,1875.5,71,Verkoopboek projecten,21876
PR004274,C10159,2016-10-14,4404.4,71,Verkoopboek projecten,21877
PR004275,C10169,2016-10-14,1306.8,71,Verkoopboek projecten,21878
PR004276,C10170,2016-10-14,3897.41,71,Verkoopboek projecten,21879
PR004277,C10185,2016-10-14,6292,71,Verkoopboek projecten,21881
PR004278,C10186,2016-10-14,6630.8,71,Verkoopboek projecten,21882
PR004279,C10003,2016-10-31,3968.8,71,Verkoopboek projecten,21883
PR004280,C10005,2016-10-31,5033.6,71,Verkoopboek projecten,21884
PR004281,C10006,2016-10-31,3726.8,71,Verkoopboek projecten,21885
PR004282,C10007,2016-10-31,2480.5,71,Verkoopboek projecten,21886
PR004283,C10008,2016-10-31,1452,71,Verkoopboek projecten,21887
PR004284,C10009,2016-10-31,5856.4,71,Verkoopboek projecten,21888
PR004285,C10010,2016-10-31,3242.8,71,Verkoopboek projecten,21889
PR004286,C10011,2016-10-31,5178.8,71,Verkoopboek projecten,21890
PR004287,C10012,2016-10-31,1210,71,Verkoopboek projecten,21891
PR004288,C10013,2016-10-31,3581.6,71,Verkoopboek projecten,21892
PR004289,C10014,2016-10-31,5420.8,71,Verkoopboek projecten,21893
PR004290,C10015,2016-10-31,5033.6,71,Verkoopboek projecten,21894
PR004291,C10016,2016-10-31,1306.8,71,Verkoopboek projecten,21895
PR004292,C10017,2016-10-31,5118.3,71,Verkoopboek projecten,21896
PR004293,C10019,2016-10-31,1452,71,Verkoopboek projecten,21897
PR004294,C10021,2016-10-31,2032.8,71,Verkoopboek projecten,21898
PR004295,C10022,2016-10-31,2420,71,Verkoopboek projecten,21899
PR004296,C10023,2016-10-31,3968.8,71,Verkoopboek projecten,21900
PR004297,C10024,2016-10-31,2516.8,71,Verkoopboek projecten,21901
PR004298,C10025,2016-10-31,1306.8,71,Verkoopboek projecten,21902
PR004299,C10026,2016-10-31,3581.6,71,Verkoopboek projecten,21903
PR004300,C10028,2016-10-31,5420.8,71,Verkoopboek projecten,21904
PR004301,C10029,2016-10-31,1452,71,Verkoopboek projecten,21905
PR004302,C10030,2016-10-31,4985.2,71,Verkoopboek projecten,21906
PR004303,C10031,2016-10-31,3630,71,Verkoopboek projecten,21907
PR004304,C10033,2016-10-31,968,71,Verkoopboek projecten,21908
PR004305,C10034,2016-10-31,3388,71,Verkoopboek projecten,21909
PR004306,C10035,2016-10-31,2516.8,71,Verkoopboek projecten,21910
PR004307,C10036,2016-10-31,1210,71,Verkoopboek projecten,21911
PR004308,C10037,2016-10-31,1948.1,71,Verkoopboek projecten,21912
PR004309,C10038,2016-10-31,2178,71,Verkoopboek projecten,21913
PR004310,C10039,2016-10-31,3630,71,Verkoopboek projecten,21914
PR004311,C10040,2016-10-31,2105.4,71,Verkoopboek projecten,21915
PR004312,C10041,2016-10-31,4840,71,Verkoopboek projecten,21916
PR004313,C10042,2016-10-31,1210,71,Verkoopboek projecten,21917
PR004314,C10043,2016-10-31,2758.8,71,Verkoopboek projecten,21918
PR004315,C10044,2016-10-31,6243.6,71,Verkoopboek projecten,21919
PR004316,C10045,2016-10-31,4452.8,71,Verkoopboek projecten,21920
PR004317,C10046,2016-10-31,1306.8,71,Verkoopboek projecten,21921
PR004318,C10047,2016-10-31,3484.8,71,Verkoopboek projecten,21922
PR004319,C10048,2016-10-31,4646.4,71,Verkoopboek projecten,21923
PR004320,C10049,2016-10-31,2516.8,71,Verkoopboek projecten,21924
PR004321,C10050,2016-10-31,9244.4,71,Verkoopboek projecten,21925
PR004322,C10051,2016-10-31,1210,71,Verkoopboek projecten,21926
PR004323,C10053,2016-10-31,1452,71,Verkoopboek projecten,21927
PR004324,C10054,2016-10-31,4936.8,71,Verkoopboek projecten,21928
PR004325,C10056,2016-10-31,2516.8,71,Verkoopboek projecten,21929
PR004326,C10057,2016-10-31,980.1,71,Verkoopboek projecten,21930
PR004327,C10058,2016-10-31,3968.8,71,Verkoopboek projecten,21931
PR004328,C10059,2016-10-31,2758.8,71,Verkoopboek projecten,21932
PR004329,C10061,2016-10-31,3242.8,71,Verkoopboek projecten,21933
PR004330,C10063,2016-10-31,968,71,Verkoopboek projecten,21934
PR004331,C10064,2016-10-31,4065.6,71,Verkoopboek projecten,21935
PR004332,C10068,2016-10-31,2516.8,71,Verkoopboek projecten,21936
PR004333,C10069,2016-10-31,4307.6,71,Verkoopboek projecten,21937
PR004334,C10070,2016-10-31,1306.8,71,Verkoopboek projecten,21938
PR004335,C10072,2016-10-31,4791.6,71,Verkoopboek projecten,21939
PR004336,C10073,2016-10-31,968,71,Verkoopboek projecten,21940
PR004337,C10076,2016-10-31,1936,71,Verkoopboek projecten,21941
PR004338,C10079,2016-10-31,1452,71,Verkoopboek projecten,21942
PR004339,C10082,2016-10-31,2662,71,Verkoopboek projecten,21943
PR004340,C10084,2016-10-31,3751,71,Verkoopboek projecten,21944
PR004341,C10085,2016-10-31,1306.8,71,Verkoopboek projecten,21945
PR004342,C10086,2016-10-31,1064.8,71,Verkoopboek projecten,21946
PR004343,C10087,2016-10-31,3388,71,Verkoopboek projecten,21947
PR004344,C10088,2016-10-31,1064.8,71,Verkoopboek projecten,21948
PR004345,C10089,2016-10-31,3388,71,Verkoopboek projecten,21949
PR004346,C10090,2016-10-31,3339.6,71,Verkoopboek projecten,21950
PR004347,C10093,2016-10-31,6485.6,71,Verkoopboek projecten,21951
PR004348,C10094,2016-10-31,6921.2,71,Verkoopboek projecten,21952
PR004349,C10096,2016-10-31,968,71,Verkoopboek projecten,21953
PR004350,C10100,2016-10-31,2516.8,71,Verkoopboek projecten,21954
PR004351,C10101,2016-10-31,4065.6,71,Verkoopboek projecten,21955
PR004352,C10104,2016-10-31,4452.8,71,Verkoopboek projecten,21956
PR004353,C10107,2016-10-31,968,71,Verkoopboek projecten,21957
PR004354,C10109,2016-10-31,1064.8,71,Verkoopboek projecten,21958
PR004355,C10111,2016-10-31,3242.8,71,Verkoopboek projecten,21959
PR004356,C10113,2016-10-31,1621.4,71,Verkoopboek projecten,21960
PR004357,C10114,2016-10-31,4646.4,71,Verkoopboek projecten,21961
PR004358,C10115,2016-10-31,1452,71,Verkoopboek projecten,21962
PR004359,C10116,2016-10-31,2178,71,Verkoopboek projecten,21963
PR004360,C10117,2016-10-31,4840,71,Verkoopboek projecten,21964
PR004361,C10119,2016-10-31,1452,71,Verkoopboek projecten,21965
PR004362,C10122,2016-10-31,2032.8,71,Verkoopboek projecten,21966
PR004363,C10124,2016-10-31,6824.4,71,Verkoopboek projecten,21967
PR004364,C10126,2016-10-31,2420,71,Verkoopboek projecten,21968
PR004365,C10131,2016-10-31,3630,71,Verkoopboek projecten,21969
PR004366,C10134,2016-10-31,3872,71,Verkoopboek projecten,21970
PR004367,C10136,2016-10-31,1306.8,71,Verkoopboek projecten,21971
PR004368,C10137,2016-10-31,8760.4,71,Verkoopboek projecten,21972
PR004369,C10138,2016-10-31,3823.6,71,Verkoopboek projecten,21973
PR004370,C10139,2016-10-31,1210,71,Verkoopboek projecten,21974
PR004371,C10140,2016-10-31,798.6,71,Verkoopboek projecten,21975
PR004372,C10144,2016-10-31,3726.8,71,Verkoopboek projecten,21976
PR004373,C10145,2016-10-31,6546.1,71,Verkoopboek projecten,21977
PR004374,C10146,2016-10-31,1306.8,71,Verkoopboek projecten,21978
PR004375,C10148,2016-10-31,12051.6,71,Verkoopboek projecten,21979
PR004376,C10150,2016-10-31,2032.8,71,Verkoopboek projecten,21980
PR004377,C10155,2016-10-31,3581.6,71,Verkoopboek projecten,21981
PR004378,C10157,2016-10-31,5517.6,71,Verkoopboek projecten,21982
PR004379,C10158,2016-10-31,6098.4,71,Verkoopboek projecten,21983
PR004380,C10159,2016-10-31,3823.6,71,Verkoopboek projecten,21984
PR004381,C10169,2016-10-31,2371.6,71,Verkoopboek projecten,21985
PR004382,C10170,2016-10-31,1210,71,Verkoopboek projecten,21986
PR004383,C10185,2016-10-31,3218.6,71,Verkoopboek projecten,21987
PR004384,C10186,2016-10-31,4936.8,71,Verkoopboek projecten,21988
PR004385,C10003,2016-11-15,1452,71,Verkoopboek projecten,22708
PR004386,C10006,2016-11-15,2662,71,Verkoopboek projecten,22709
PR004387,C10007,2016-11-15,1306.8,71,Verkoopboek projecten,22710
PR004388,C10008,2016-11-15,5517.6,71,Verkoopboek projecten,22711
PR004389,C10009,2016-11-15,1306.8,71,Verkoopboek projecten,22712
PR004390,C10011,2016-11-15,3823.6,71,Verkoopboek projecten,22713
PR004391,C10012,2016-11-15,3968.8,71,Verkoopboek projecten,22714
PR004392,C10013,2016-11-15,3388,71,Verkoopboek projecten,22715
PR004393,C10014,2016-11-15,5856.4,71,Verkoopboek projecten,22716
PR004394,C10015,2016-11-15,6243.6,71,Verkoopboek projecten,22717
PR004395,C10016,2016-11-15,4114,71,Verkoopboek projecten,22718
PR004396,C10017,2016-11-15,1210,71,Verkoopboek projecten,22719
PR004397,C10018,2016-11-15,4343.9,71,Verkoopboek projecten,22720
PR004398,C10019,2016-11-15,3630,71,Verkoopboek projecten,22721
PR004399,C10021,2016-11-15,4114,71,Verkoopboek projecten,22722
PR004400,C10022,2016-11-15,1548.8,71,Verkoopboek projecten,22723
PR004401,C10023,2016-11-15,5178.8,71,Verkoopboek projecten,22724
PR004402,C10024,2016-11-15,3000.8,71,Verkoopboek projecten,22725
PR004403,C10025,2016-11-15,968,71,Verkoopboek projecten,22726
PR004404,C10026,2016-11-15,2032.8,71,Verkoopboek projecten,22727
PR004405,C10027,2016-11-15,2420,71,Verkoopboek projecten,22728
PR004406,C10028,2016-11-15,7695.6,71,Verkoopboek projecten,22729
PR004407,C10030,2016-11-15,4936.8,71,Verkoopboek projecten,22730
PR004408,C10031,2016-11-15,2214.3,71,Verkoopboek projecten,22731
PR004409,C10033,2016-11-15,3339.6,71,Verkoopboek projecten,22732
PR004410,C10034,2016-11-15,4598,71,Verkoopboek projecten,22733
PR004411,C10035,2016-11-15,2032.8,71,Verkoopboek projecten,22734
PR004412,C10036,2016-11-15,4936.8,71,Verkoopboek projecten,22735
PR004413,C10039,2016-11-15,4791.6,71,Verkoopboek projecten,22736
PR004414,C10040,2016-11-15,3872,71,Verkoopboek projecten,22737
PR004415,C10041,2016-11-15,3581.6,71,Verkoopboek projecten,22738
PR004416,C10042,2016-11-15,5420.8,71,Verkoopboek projecten,22739
PR004417,C10043,2016-11-15,3484.8,71,Verkoopboek projecten,22740
PR004418,C10045,2016-11-15,2371.6,71,Verkoopboek projecten,22741
PR004419,C10046,2016-11-15,6776,71,Verkoopboek projecten,22742
PR004420,C10047,2016-11-15,2420,71,Verkoopboek projecten,22743
PR004421,C10048,2016-11-15,7066.4,71,Verkoopboek projecten,22744
PR004422,C10049,2016-11-15,1210,71,Verkoopboek projecten,22745
PR004423,C10050,2016-11-15,9486.4,71,Verkoopboek projecten,22746
PR004424,C10051,2016-11-15,3605.8,71,Verkoopboek projecten,22747
PR004425,C10053,2016-11-15,5687,71,Verkoopboek projecten,22748
PR004426,C10054,2016-11-15,5118.3,71,Verkoopboek projecten,22749
PR004427,C10055,2016-11-15,2274.8,71,Verkoopboek projecten,22750
PR004428,C10056,2016-11-15,4791.6,71,Verkoopboek projecten,22751
PR004429,C10057,2016-11-15,2734.6,71,Verkoopboek projecten,22752
PR004430,C10058,2016-11-15,2516.8,71,Verkoopboek projecten,22753
PR004431,C10059,2016-11-15,2129.6,71,Verkoopboek projecten,22754
PR004432,C10063,2016-11-15,4452.8,71,Verkoopboek projecten,22755
PR004433,C10064,2016-11-15,4985.2,71,Verkoopboek projecten,22756
PR004434,C10068,2016-11-15,3726.8,71,Verkoopboek projecten,22757
PR004435,C10069,2016-11-15,3242.8,71,Verkoopboek projecten,22758
PR004436,C10070,2016-11-15,1210,71,Verkoopboek projecten,22759
PR004437,C10072,2016-11-15,1452,71,Verkoopboek projecten,22760
PR004438,C10073,2016-11-15,1452,71,Verkoopboek projecten,22761
PR004439,C10076,2016-11-15,1306.8,71,Verkoopboek projecten,22762
PR004440,C10079,2016-11-15,2516.8,71,Verkoopboek projecten,22763
PR004441,C10082,2016-11-15,3339.6,71,Verkoopboek projecten,22764
PR004442,C10084,2016-11-15,7054.3,71,Verkoopboek projecten,22765
PR004443,C10085,2016-11-15,1064.8,71,Verkoopboek projecten,22766
PR004444,C10086,2016-11-15,2420,71,Verkoopboek projecten,22767
PR004445,C10088,2016-11-15,1210,71,Verkoopboek projecten,22768
PR004446,C10089,2016-11-15,1064.8,71,Verkoopboek projecten,22769
PR004447,C10090,2016-11-15,7114.8,71,Verkoopboek projecten,22770
PR004448,C10092,2016-11-15,3000.8,71,Verkoopboek projecten,22771
PR004449,C10093,2016-11-15,5517.6,71,Verkoopboek projecten,22772
PR004450,C10094,2016-11-15,2758.8,71,Verkoopboek projecten,22773
PR004451,C10096,2016-11-15,3085.5,71,Verkoopboek projecten,22774
PR004452,C10100,2016-11-15,2662,71,Verkoopboek projecten,22775
PR004453,C10101,2016-11-15,2274.8,71,Verkoopboek projecten,22776
PR004454,C10107,2016-11-15,1452,71,Verkoopboek projecten,22777
PR004455,C10109,2016-11-15,1452,71,Verkoopboek projecten,22778
PR004456,C10111,2016-11-15,1064.8,71,Verkoopboek projecten,22779
PR004457,C10113,2016-11-15,1306.8,71,Verkoopboek projecten,22780
PR004458,C10114,2016-11-15,1210,71,Verkoopboek projecten,22781
PR004459,C10115,2016-11-15,3678.4,71,Verkoopboek projecten,22782
PR004460,C10116,2016-11-15,2758.8,71,Verkoopboek projecten,22783
PR004461,C10119,2016-11-15,4356,71,Verkoopboek projecten,22784
PR004462,C10122,2016-11-15,2758.8,71,Verkoopboek projecten,22785
PR004463,C10124,2016-11-15,8324.8,71,Verkoopboek projecten,22786
PR004464,C10126,2016-11-15,2178,71,Verkoopboek projecten,22787
PR004465,C10131,2016-11-15,3726.8,71,Verkoopboek projecten,22788
PR004466,C10134,2016-11-15,3630,71,Verkoopboek projecten,22789
PR004467,C10136,2016-11-15,4791.6,71,Verkoopboek projecten,22790
PR004468,C10137,2016-11-15,5953.2,71,Verkoopboek projecten,22791
PR004469,C10139,2016-11-15,2516.8,71,Verkoopboek projecten,22792
PR004470,C10140,2016-11-15,2492.6,71,Verkoopboek projecten,22793
PR004471,C10144,2016-11-15,968,71,Verkoopboek projecten,22794
PR004472,C10145,2016-11-15,3484.8,71,Verkoopboek projecten,22795
PR004473,C10146,2016-11-15,1064.8,71,Verkoopboek projecten,22796
PR004474,C10148,2016-11-15,2420,71,Verkoopboek projecten,22797
PR004475,C10150,2016-11-15,3436.4,71,Verkoopboek projecten,22798
PR004476,C10153,2016-11-15,5614.4,71,Verkoopboek projecten,22799
PR004477,C10155,2016-11-15,5324,71,Verkoopboek projecten,22800
PR004478,C10157,2016-11-15,1210,71,Verkoopboek projecten,22801
PR004479,C10158,2016-11-15,1452,71,Verkoopboek projecten,22802
PR004480,C10169,2016-11-15,5033.6,71,Verkoopboek projecten,22803
PR004481,C10170,2016-11-15,2371.6,71,Verkoopboek projecten,22804
PR004482,C10185,2016-11-15,1306.8,71,Verkoopboek projecten,22805
PR004483,C10186,2016-11-15,6376.7,71,Verkoopboek projecten,22806
PR004484,C10003,2016-11-30,2758.8,71,Verkoopboek projecten,22807
PR004485,C10005,2016-11-30,5082,71,Verkoopboek projecten,22808
PR004486,C10006,2016-11-30,7792.4,71,Verkoopboek projecten,22809
PR004487,C10007,2016-11-30,2662,71,Verkoopboek projecten,22810
PR004488,C10008,2016-11-30,5324,71,Verkoopboek projecten,22811
PR004489,C10009,2016-11-30,1064.8,71,Verkoopboek projecten,22812
PR004490,C10010,2016-11-30,2274.8,71,Verkoopboek projecten,22813
PR004491,C10011,2016-11-30,1064.8,71,Verkoopboek projecten,22814
PR004492,C10012,2016-11-30,1064.8,71,Verkoopboek projecten,22815
PR004493,C10013,2016-11-30,9050.8,71,Verkoopboek projecten,22816
PR004494,C10014,2016-11-30,5275.6,71,Verkoopboek projecten,22817
PR004495,C10015,2016-11-30,4561.7,71,Verkoopboek projecten,22818
PR004496,C10016,2016-11-30,968,71,Verkoopboek projecten,22819
PR004497,C10017,2016-11-30,1064.8,71,Verkoopboek projecten,22820
PR004498,C10018,2016-11-30,5541.8,71,Verkoopboek projecten,22821
PR004499,C10019,2016-11-30,2274.8,71,Verkoopboek projecten,22822
PR004500,C10021,2016-11-30,1306.8,71,Verkoopboek projecten,22823
PR004501,C10022,2016-11-30,2516.8,71,Verkoopboek projecten,22824
PR004502,C10023,2016-11-30,2420,71,Verkoopboek projecten,22825
PR004503,C10024,2016-11-30,4356,71,Verkoopboek projecten,22826
PR004504,C10025,2016-11-30,2371.6,71,Verkoopboek projecten,22827
PR004505,C10026,2016-11-30,2758.8,71,Verkoopboek projecten,22828
PR004506,C10027,2016-11-30,1306.8,71,Verkoopboek projecten,22829
PR004507,C10028,2016-11-30,1064.8,71,Verkoopboek projecten,22830
PR004508,C10029,2016-11-30,5033.6,71,Verkoopboek projecten,22831
PR004509,C10030,2016-11-30,4876.3,71,Verkoopboek projecten,22832
PR004510,C10031,2016-11-30,5033.6,71,Verkoopboek projecten,22833
PR004511,C10034,2016-11-30,2758.8,71,Verkoopboek projecten,22834
PR004512,C10035,2016-11-30,2758.8,71,Verkoopboek projecten,22835
PR004513,C10036,2016-11-30,5178.8,71,Verkoopboek projecten,22836
PR004514,C10037,2016-11-30,3484.8,71,Verkoopboek projecten,22837
PR004515,C10038,2016-11-30,3339.6,71,Verkoopboek projecten,22838
PR004516,C10039,2016-11-30,968,71,Verkoopboek projecten,22839
PR004517,C10040,2016-11-30,2662,71,Verkoopboek projecten,22840
PR004518,C10041,2016-11-30,1210,71,Verkoopboek projecten,22841
PR004519,C10042,2016-11-30,5130.4,71,Verkoopboek projecten,22842
PR004520,C10043,2016-11-30,3388,71,Verkoopboek projecten,22843
PR004521,C10044,2016-11-30,3968.8,71,Verkoopboek projecten,22844
PR004522,C10045,2016-11-30,5130.4,71,Verkoopboek projecten,22845
PR004523,C10046,2016-11-30,3968.8,71,Verkoopboek projecten,22846
PR004524,C10047,2016-11-30,4888.4,71,Verkoopboek projecten,22847
PR004525,C10048,2016-11-30,3968.8,71,Verkoopboek projecten,22848
PR004526,C10049,2016-11-30,3726.8,71,Verkoopboek projecten,22849
PR004527,C10050,2016-11-30,6001.6,71,Verkoopboek projecten,22850
PR004528,C10051,2016-11-30,5808,71,Verkoopboek projecten,22851
PR004529,C10053,2016-11-30,2662,71,Verkoopboek projecten,22852
PR004530,C10054,2016-11-30,2129.6,71,Verkoopboek projecten,22853
PR004531,C10055,2016-11-30,3412.2,71,Verkoopboek projecten,22854
PR004532,C10056,2016-11-30,653.4,71,Verkoopboek projecten,22855
PR004533,C10057,2016-11-30,2516.8,71,Verkoopboek projecten,22856
PR004534,C10058,2016-11-30,968,71,Verkoopboek projecten,22857
PR004535,C10059,2016-11-30,1452,71,Verkoopboek projecten,22858
PR004536,C10063,2016-11-30,968,71,Verkoopboek projecten,22859
PR004537,C10064,2016-11-30,1306.8,71,Verkoopboek projecten,22860
PR004538,C10068,2016-11-30,968,71,Verkoopboek projecten,22861
PR004539,C10069,2016-11-30,7308.4,71,Verkoopboek projecten,22862
PR004540,C10070,2016-11-30,3823.6,71,Verkoopboek projecten,22863
PR004541,C10076,2016-11-30,6485.6,71,Verkoopboek projecten,22864
PR004542,C10079,2016-11-30,3630,71,Verkoopboek projecten,22865
PR004543,C10082,2016-11-30,968,71,Verkoopboek projecten,22866
PR004544,C10084,2016-11-30,6001.6,71,Verkoopboek projecten,22867
PR004545,C10085,2016-11-30,3968.8,71,Verkoopboek projecten,22868
PR004546,C10086,2016-11-30,2516.8,71,Verkoopboek projecten,22869
PR004547,C10089,2016-11-30,6485.6,71,Verkoopboek projecten,22870
PR004548,C10090,2016-11-30,2516.8,71,Verkoopboek projecten,22871
PR004549,C10092,2016-11-30,6824.4,71,Verkoopboek projecten,22872
PR004550,C10093,2016-11-30,8082.8,71,Verkoopboek projecten,22873
PR004551,C10094,2016-11-30,5178.8,71,Verkoopboek projecten,22874
PR004552,C10096,2016-11-30,6630.8,71,Verkoopboek projecten,22875
PR004553,C10100,2016-11-30,2758.8,71,Verkoopboek projecten,22876
PR004554,C10101,2016-11-30,968,71,Verkoopboek projecten,22877
PR004555,C10104,2016-11-30,3726.8,71,Verkoopboek projecten,22878
PR004556,C10107,2016-11-30,3726.8,71,Verkoopboek projecten,22879
PR004557,C10109,2016-11-30,2274.8,71,Verkoopboek projecten,22880
PR004558,C10111,2016-11-30,1936,71,Verkoopboek projecten,22881
PR004559,C10114,2016-11-30,5614.4,71,Verkoopboek projecten,22882
PR004560,C10115,2016-11-30,2420,71,Verkoopboek projecten,22883
PR004561,C10117,2016-11-30,5856.4,71,Verkoopboek projecten,22884
PR004562,C10119,2016-11-30,2516.8,71,Verkoopboek projecten,22885
PR004563,C10122,2016-11-30,1306.8,71,Verkoopboek projecten,22886
PR004564,C10124,2016-11-30,5033.6,71,Verkoopboek projecten,22887
PR004565,C10126,2016-11-30,968,71,Verkoopboek projecten,22888
PR004566,C10131,2016-11-30,2758.8,71,Verkoopboek projecten,22889
PR004567,C10134,2016-11-30,1210,71,Verkoopboek projecten,22890
PR004568,C10136,2016-11-30,4791.6,71,Verkoopboek projecten,22891
PR004569,C10137,2016-11-30,2516.8,71,Verkoopboek projecten,22892
PR004570,C10138,2016-11-30,1306.8,71,Verkoopboek projecten,22893
PR004571,C10139,2016-11-30,6509.8,71,Verkoopboek projecten,22894
PR004572,C10140,2016-11-30,6921.2,71,Verkoopboek projecten,22895
PR004573,C10144,2016-11-30,3242.8,71,Verkoopboek projecten,22896
PR004574,C10145,2016-11-30,2274.8,71,Verkoopboek projecten,22897
PR004575,C10146,2016-11-30,2904,71,Verkoopboek projecten,22898
PR004576,C10148,2016-11-30,5033.6,71,Verkoopboek projecten,22899
PR004577,C10150,2016-11-30,1064.8,71,Verkoopboek projecten,22900
PR004578,C10153,2016-11-30,1694,71,Verkoopboek projecten,22901
PR004579,C10155,2016-11-30,968,71,Verkoopboek projecten,22902
PR004580,C10157,2016-11-30,3242.8,71,Verkoopboek projecten,22903
PR004581,C10158,2016-11-30,2420,71,Verkoopboek projecten,22904
PR004582,C10159,2016-11-30,2516.8,71,Verkoopboek projecten,22905
PR004583,C10169,2016-11-30,2274.8,71,Verkoopboek projecten,22906
PR004584,C10170,2016-11-30,4210.8,71,Verkoopboek projecten,22907
PR004585,C10185,2016-11-30,8276.4,71,Verkoopboek projecten,22908
PR004586,C10186,2016-11-30,9413.8,71,Verkoopboek projecten,22909
PR004587,C10003,2016-12-15,3484.8,71,Verkoopboek projecten,23660
PR004588,C10005,2016-12-15,3242.8,71,Verkoopboek projecten,23661
PR004589,C10006,2016-12-15,2274.8,71,Verkoopboek projecten,23662
PR004590,C10007,2016-12-15,2662,71,Verkoopboek projecten,23663
PR004591,C10009,2016-12-15,1452,71,Verkoopboek projecten,23664
PR004592,C10010,2016-12-15,4936.8,71,Verkoopboek projecten,23665
PR004593,C10011,2016-12-15,3146,71,Verkoopboek projecten,23666
PR004594,C10012,2016-12-15,3823.6,71,Verkoopboek projecten,23667
PR004595,C10013,2016-12-15,3073.4,71,Verkoopboek projecten,23668
PR004596,C10014,2016-12-15,3339.6,71,Verkoopboek projecten,23669
PR004597,C10015,2016-12-15,4912.6,71,Verkoopboek projecten,23670
PR004598,C10016,2016-12-15,4162.4,71,Verkoopboek projecten,23671
PR004599,C10018,2016-12-15,3242.8,71,Verkoopboek projecten,23672
PR004600,C10019,2016-12-15,2371.6,71,Verkoopboek projecten,23673
PR004601,C10021,2016-12-15,6001.6,71,Verkoopboek projecten,23674
PR004602,C10022,2016-12-15,2178,71,Verkoopboek projecten,23675
PR004603,C10023,2016-12-15,6388.8,71,Verkoopboek projecten,23676
PR004604,C10024,2016-12-15,1452,71,Verkoopboek projecten,23677
PR004605,C10026,2016-12-15,2057,71,Verkoopboek projecten,23678
PR004606,C10027,2016-12-15,3823.6,71,Verkoopboek projecten,23679
PR004607,C10028,2016-12-15,5420.8,71,Verkoopboek projecten,23680
PR004608,C10030,2016-12-15,4694.8,71,Verkoopboek projecten,23681
PR004609,C10031,2016-12-15,4694.8,71,Verkoopboek projecten,23682
PR004610,C10033,2016-12-15,2274.8,71,Verkoopboek projecten,23683
PR004611,C10034,2016-12-15,1064.8,71,Verkoopboek projecten,23684
PR004612,C10035,2016-12-15,7937.6,71,Verkoopboek projecten,23685
PR004613,C10036,2016-12-15,2420,71,Verkoopboek projecten,23686
PR004614,C10037,2016-12-15,5324,71,Verkoopboek projecten,23687
PR004615,C10038,2016-12-15,4356,71,Verkoopboek projecten,23688
PR004616,C10039,2016-12-15,2613.6,71,Verkoopboek projecten,23689
PR004617,C10040,2016-12-15,2662,71,Verkoopboek projecten,23690
PR004618,C10041,2016-12-15,1452,71,Verkoopboek projecten,23691
PR004619,C10043,2016-12-15,2274.8,71,Verkoopboek projecten,23692
PR004620,C10044,2016-12-15,3630,71,Verkoopboek projecten,23693
PR004621,C10045,2016-12-15,3242.8,71,Verkoopboek projecten,23694
PR004622,C10047,2016-12-15,2904,71,Verkoopboek projecten,23695
PR004623,C10049,2016-12-15,2274.8,71,Verkoopboek projecten,23696
PR004624,C10050,2016-12-15,6098.4,71,Verkoopboek projecten,23697
PR004625,C10051,2016-12-15,4791.6,71,Verkoopboek projecten,23698
PR004626,C10053,2016-12-15,2178,71,Verkoopboek projecten,23699
PR004627,C10054,2016-12-15,1306.8,71,Verkoopboek projecten,23700
PR004628,C10055,2016-12-15,5420.8,71,Verkoopboek projecten,23701
PR004629,C10056,2016-12-15,1452,71,Verkoopboek projecten,23702
PR004630,C10057,2016-12-15,1210,71,Verkoopboek projecten,23703
PR004631,C10058,2016-12-15,4936.8,71,Verkoopboek projecten,23704
PR004632,C10059,2016-12-15,2371.6,71,Verkoopboek projecten,23705
PR004633,C10061,2016-12-15,1936,71,Verkoopboek projecten,23706
PR004634,C10063,2016-12-15,1452,71,Verkoopboek projecten,23707
PR004635,C10064,2016-12-15,980.1,71,Verkoopboek projecten,23708
PR004636,C10068,2016-12-15,1306.8,71,Verkoopboek projecten,23709
PR004637,C10069,2016-12-15,4791.6,71,Verkoopboek projecten,23710
PR004638,C10070,2016-12-15,3000.8,71,Verkoopboek projecten,23711
PR004639,C10072,2016-12-15,2420,71,Verkoopboek projecten,23712
PR004640,C10073,2016-12-15,4815.8,71,Verkoopboek projecten,23713
PR004641,C10076,2016-12-15,2807.2,71,Verkoopboek projecten,23714
PR004642,C10079,2016-12-15,3726.8,71,Verkoopboek projecten,23715
PR004643,C10082,2016-12-15,6243.6,71,Verkoopboek projecten,23716
PR004644,C10084,2016-12-15,3581.6,71,Verkoopboek projecten,23717
PR004645,C10085,2016-12-15,2516.8,71,Verkoopboek projecten,23718
PR004646,C10087,2016-12-15,3581.6,71,Verkoopboek projecten,23719
PR004647,C10089,2016-12-15,4549.6,71,Verkoopboek projecten,23720
PR004648,C10090,2016-12-15,1064.8,71,Verkoopboek projecten,23721
PR004649,C10092,2016-12-15,2371.6,71,Verkoopboek projecten,23722
PR004650,C10093,2016-12-15,4404.4,71,Verkoopboek projecten,23723
PR004651,C10094,2016-12-15,5178.8,71,Verkoopboek projecten,23724
PR004652,C10096,2016-12-15,4283.4,71,Verkoopboek projecten,23725
PR004653,C10101,2016-12-15,2274.8,71,Verkoopboek projecten,23726
PR004654,C10104,2016-12-15,2420,71,Verkoopboek projecten,23727
PR004655,C10107,2016-12-15,2516.8,71,Verkoopboek projecten,23728
PR004656,C10109,2016-12-15,3823.6,71,Verkoopboek projecten,23729
PR004657,C10111,2016-12-15,2420,71,Verkoopboek projecten,23730
PR004658,C10113,2016-12-15,2178,71,Verkoopboek projecten,23731
PR004659,C10114,2016-12-15,1210,71,Verkoopboek projecten,23732
PR004660,C10115,2016-12-15,5566,71,Verkoopboek projecten,23733
PR004661,C10116,2016-12-15,6727.6,71,Verkoopboek projecten,23734
PR004662,C10117,2016-12-15,9341.2,71,Verkoopboek projecten,23735
PR004663,C10119,2016-12-15,2371.6,71,Verkoopboek projecten,23736
PR004664,C10124,2016-12-15,7187.4,71,Verkoopboek projecten,23737
PR004665,C10131,2016-12-15,3823.6,71,Verkoopboek projecten,23738
PR004666,C10134,2016-12-15,1064.8,71,Verkoopboek projecten,23739
PR004667,C10136,2016-12-15,1960.2,71,Verkoopboek projecten,23740
PR004668,C10137,2016-12-15,5372.4,71,Verkoopboek projecten,23741
PR004669,C10138,2016-12-15,1210,71,Verkoopboek projecten,23742
PR004670,C10139,2016-12-15,5759.6,71,Verkoopboek projecten,23743
PR004671,C10140,2016-12-15,2662,71,Verkoopboek projecten,23744
PR004672,C10144,2016-12-15,5759.6,71,Verkoopboek projecten,23745
PR004673,C10145,2016-12-15,2758.8,71,Verkoopboek projecten,23746
PR004674,C10146,2016-12-15,5324,71,Verkoopboek projecten,23747
PR004675,C10148,2016-12-15,2129.6,71,Verkoopboek projecten,23748
PR004676,C10150,2016-12-15,2613.6,71,Verkoopboek projecten,23749
PR004677,C10153,2016-12-15,2178,71,Verkoopboek projecten,23750
PR004678,C10155,2016-12-15,1452,71,Verkoopboek projecten,23751
PR004679,C10157,2016-12-15,8566.8,71,Verkoopboek projecten,23752
PR004680,C10158,2016-12-15,3581.6,71,Verkoopboek projecten,23753
PR004681,C10169,2016-12-15,1064.8,71,Verkoopboek projecten,23754
PR004682,C10170,2016-12-15,3823.6,71,Verkoopboek projecten,23755
PR004683,C10185,2016-12-15,5783.8,71,Verkoopboek projecten,23756
PR004684,C10186,2016-12-15,7114.8,71,Verkoopboek projecten,23757
PR004685,C10003,2016-12-30,2420,71,Verkoopboek projecten,23758
PR004686,C10005,2016-12-30,1452,71,Verkoopboek projecten,23759
PR004687,C10006,2016-12-30,5033.6,71,Verkoopboek projecten,23760
PR004688,C10007,2016-12-30,1452,71,Verkoopboek projecten,23761
PR004689,C10008,2016-12-30,726,71,Verkoopboek projecten,23762
PR004690,C10009,2016-12-30,2516.8,71,Verkoopboek projecten,23763
PR004691,C10011,2016-12-30,2662,71,Verkoopboek projecten,23764
PR004692,C10012,2016-12-30,2904,71,Verkoopboek projecten,23765
PR004693,C10013,2016-12-30,3751,71,Verkoopboek projecten,23766
PR004694,C10014,2016-12-30,968,71,Verkoopboek projecten,23767
PR004695,C10016,2016-12-30,2371.6,71,Verkoopboek projecten,23768
PR004696,C10017,2016-12-30,3968.8,71,Verkoopboek projecten,23769
PR004697,C10018,2016-12-30,980.1,71,Verkoopboek projecten,23770
PR004698,C10019,2016-12-30,1064.8,71,Verkoopboek projecten,23771
PR004699,C10023,2016-12-30,1452,71,Verkoopboek projecten,23772
PR004700,C10024,2016-12-30,1210,71,Verkoopboek projecten,23773
PR004701,C10026,2016-12-30,2662,71,Verkoopboek projecten,23774
PR004702,C10027,2016-12-30,2420,71,Verkoopboek projecten,23775
PR004703,C10028,2016-12-30,3823.6,71,Verkoopboek projecten,23776
PR004704,C10029,2016-12-30,726,71,Verkoopboek projecten,23777
PR004705,C10030,2016-12-30,2420,71,Verkoopboek projecten,23778
PR004706,C10031,2016-12-30,3339.6,71,Verkoopboek projecten,23779
PR004707,C10033,2016-12-30,1064.8,71,Verkoopboek projecten,23780
PR004708,C10034,2016-12-30,2904,71,Verkoopboek projecten,23781
PR004709,C10035,2016-12-30,1452,71,Verkoopboek projecten,23782
PR004710,C10036,2016-12-30,3484.8,71,Verkoopboek projecten,23783
PR004711,C10037,2016-12-30,3194.4,71,Verkoopboek projecten,23784
PR004712,C10038,2016-12-30,2516.8,71,Verkoopboek projecten,23785
PR004713,C10039,2016-12-30,1306.8,71,Verkoopboek projecten,23786
PR004714,C10040,2016-12-30,1210,71,Verkoopboek projecten,23787
PR004715,C10042,2016-12-30,2129.6,71,Verkoopboek projecten,23788
PR004716,C10043,2016-12-30,3170.2,71,Verkoopboek projecten,23789
PR004717,C10044,2016-12-30,6146.8,71,Verkoopboek projecten,23790
PR004718,C10045,2016-12-30,2662,71,Verkoopboek projecten,23791
PR004719,C10046,2016-12-30,3146,71,Verkoopboek projecten,23792
PR004720,C10047,2016-12-30,968,71,Verkoopboek projecten,23793
PR004721,C10048,2016-12-30,1210,71,Verkoopboek projecten,23794
PR004722,C10050,2016-12-30,968,71,Verkoopboek projecten,23795
PR004723,C10053,2016-12-30,1064.8,71,Verkoopboek projecten,23796
PR004724,C10055,2016-12-30,2274.8,71,Verkoopboek projecten,23797
PR004725,C10056,2016-12-30,1210,71,Verkoopboek projecten,23798
PR004726,C10057,2016-12-30,1064.8,71,Verkoopboek projecten,23799
PR004727,C10058,2016-12-30,2516.8,71,Verkoopboek projecten,23800
PR004728,C10061,2016-12-30,1210,71,Verkoopboek projecten,23801
PR004729,C10064,2016-12-30,5082,71,Verkoopboek projecten,23802
PR004730,C10068,2016-12-30,1790.8,71,Verkoopboek projecten,23803
PR004731,C10069,2016-12-30,2662,71,Verkoopboek projecten,23804
PR004732,C10070,2016-12-30,4936.8,71,Verkoopboek projecten,23805
PR004733,C10073,2016-12-30,2516.8,71,Verkoopboek projecten,23806
PR004734,C10076,2016-12-30,653.4,71,Verkoopboek projecten,23807
PR004735,C10079,2016-12-30,968,71,Verkoopboek projecten,23808
PR004736,C10082,2016-12-30,3146,71,Verkoopboek projecten,23809
PR004737,C10084,2016-12-30,968,71,Verkoopboek projecten,23810
PR004738,C10085,2016-12-30,1210,71,Verkoopboek projecten,23811
PR004739,C10086,2016-12-30,3097.6,71,Verkoopboek projecten,23812
PR004740,C10087,2016-12-30,3968.8,71,Verkoopboek projecten,23813
PR004741,C10088,2016-12-30,2274.8,71,Verkoopboek projecten,23814
PR004742,C10089,2016-12-30,1790.8,71,Verkoopboek projecten,23815
PR004743,C10090,2016-12-30,2613.6,71,Verkoopboek projecten,23816
PR004744,C10092,2016-12-30,1452,71,Verkoopboek projecten,23817
PR004745,C10093,2016-12-30,1306.8,71,Verkoopboek projecten,23818
PR004746,C10094,2016-12-30,2516.8,71,Verkoopboek projecten,23819
PR004747,C10096,2016-12-30,3968.8,71,Verkoopboek projecten,23820
PR004748,C10101,2016-12-30,1210,71,Verkoopboek projecten,23821
PR004749,C10104,2016-12-30,1452,71,Verkoopboek projecten,23822
PR004750,C10111,2016-12-30,968,71,Verkoopboek projecten,23823
PR004751,C10113,2016-12-30,1452,71,Verkoopboek projecten,23824
PR004752,C10114,2016-12-30,2274.8,71,Verkoopboek projecten,23825
PR004753,C10115,2016-12-30,1452,71,Verkoopboek projecten,23826
PR004754,C10116,2016-12-30,2662,71,Verkoopboek projecten,23827
PR004755,C10117,2016-12-30,1452,71,Verkoopboek projecten,23828
PR004756,C10119,2016-12-30,1452,71,Verkoopboek projecten,23829
PR004757,C10122,2016-12-30,4452.8,71,Verkoopboek projecten,23830
PR004758,C10124,2016-12-30,3097.6,71,Verkoopboek projecten,23831
PR004759,C10126,2016-12-30,2662,71,Verkoopboek projecten,23832
PR004760,C10131,2016-12-30,3884.1,71,Verkoopboek projecten,23833
PR004761,C10134,2016-12-30,2299,71,Verkoopboek projecten,23834
PR004762,C10136,2016-12-30,726,71,Verkoopboek projecten,23835
PR004763,C10137,2016-12-30,1210,71,Verkoopboek projecten,23836
PR004764,C10140,2016-12-30,4936.8,71,Verkoopboek projecten,23837
PR004765,C10145,2016-12-30,1452,71,Verkoopboek projecten,23838
PR004766,C10150,2016-12-30,3581.6,71,Verkoopboek projecten,23839
PR004767,C10153,2016-12-30,2178,71,Verkoopboek projecten,23840
PR004768,C10155,2016-12-30,2371.6,71,Verkoopboek projecten,23841
PR004769,C10157,2016-12-30,1875.5,71,Verkoopboek projecten,23842
PR004770,C10158,2016-12-30,968,71,Verkoopboek projecten,23843
PR004771,C10170,2016-12-30,2516.8,71,Verkoopboek projecten,23844
PR004772,C10185,2016-12-30,5420.8,71,Verkoopboek projecten,23845
PR004773,C10186,2016-12-30,6243.6,71,Verkoopboek projecten,23846
AB000903,C10024,2016-01-04,1348.91,72,Verkoopboek abonnementen,14483
AB000904,C10068,2016-01-04,36.24,72,Verkoopboek abonnementen,14484
AB000905,C10006,2016-01-04,45.86,72,Verkoopboek abonnementen,14485
AB000906,C10007,2016-01-04,82.16,72,Verkoopboek abonnementen,14486
AB000907,C10009,2016-01-04,45.86,72,Verkoopboek abonnementen,14487
AB000908,C10018,2016-01-04,82.16,72,Verkoopboek abonnementen,14488
AB000909,C10021,2016-01-04,60.44,72,Verkoopboek abonnementen,14489
AB000910,C10027,2016-01-04,72.54,72,Verkoopboek abonnementen,14490
AB000911,C10028,2016-01-04,82.16,72,Verkoopboek abonnementen,14491
AB000912,C10030,2016-01-04,82.16,72,Verkoopboek abonnementen,14492
AB000913,C10035,2016-01-04,115.43,72,Verkoopboek abonnementen,14493
AB000914,C10041,2016-01-04,72.54,72,Verkoopboek abonnementen,14494
AB000915,C10043,2016-01-04,36.24,72,Verkoopboek abonnementen,14495
AB000916,C10052,2016-01-04,36.24,72,Verkoopboek abonnementen,14496
AB000917,C10054,2016-01-04,398.94,72,Verkoopboek abonnementen,14497
AB000918,C10056,2016-01-04,72.54,72,Verkoopboek abonnementen,14498
AB000919,C10058,2016-01-04,137.58,72,Verkoopboek abonnementen,14499
AB000920,C10060,2016-01-04,28.86,72,Verkoopboek abonnementen,14500
AB000921,C10063,2016-01-04,82.16,72,Verkoopboek abonnementen,14501
AB000922,C10064,2016-01-04,72.54,72,Verkoopboek abonnementen,14502
AB000923,C10065,2016-01-04,60.44,72,Verkoopboek abonnementen,14503
AB000924,C10067,2016-01-04,72.54,72,Verkoopboek abonnementen,14504
AB000925,C10005,2016-01-04,112.41,72,Verkoopboek abonnementen,14505
AB000926,C10071,2016-01-04,72.54,72,Verkoopboek abonnementen,14506
AB000927,C10074,2016-01-04,72.54,72,Verkoopboek abonnementen,14507
AB000928,C10084,2016-01-04,72.54,72,Verkoopboek abonnementen,14508
AB000929,C10086,2016-01-04,72.54,72,Verkoopboek abonnementen,14509
AB000930,C10089,2016-01-04,72.54,72,Verkoopboek abonnementen,14510
AB000931,C10094,2016-01-04,870.47,72,Verkoopboek abonnementen,14511
AB000932,C10098,2016-01-04,82.16,72,Verkoopboek abonnementen,14512
AB000934,C10102,2016-01-04,82.16,72,Verkoopboek abonnementen,14514
AB000935,C10106,2016-01-04,82.16,72,Verkoopboek abonnementen,14515
AB000936,C10107,2016-01-04,82.16,72,Verkoopboek abonnementen,14516
AB000937,C10107,2016-01-04,725.27,72,Verkoopboek abonnementen,14517
AB000938,C10113,2016-01-04,70.06,72,Verkoopboek abonnementen,14518
AB000939,C10116,2016-01-04,72.54,72,Verkoopboek abonnementen,14519
AB000940,C10132,2016-01-04,28.86,72,Verkoopboek abonnementen,14520
AB000941,C10135,2016-01-04,82.16,72,Verkoopboek abonnementen,14521
AB000942,C10136,2016-01-04,72.54,72,Verkoopboek abonnementen,14522
AB000943,C10138,2016-01-04,870.47,72,Verkoopboek abonnementen,14523
AB000944,C10139,2016-01-04,72.54,72,Verkoopboek abonnementen,14524
AB000945,C10140,2016-01-04,72.54,72,Verkoopboek abonnementen,14525
AB000946,C10140,2016-01-04,28.86,72,Verkoopboek abonnementen,14526
AB000947,C10143,2016-01-04,60.44,72,Verkoopboek abonnementen,14527
AB000948,C10157,2016-01-04,82.16,72,Verkoopboek abonnementen,14528
AB000949,C10162,2016-01-04,82.16,72,Verkoopboek abonnementen,14529
AB000950,C10170,2016-01-04,115.43,72,Verkoopboek abonnementen,14530
AB000951,C10180,2016-01-04,1233.47,72,Verkoopboek abonnementen,14531
AB000952,C10181,2016-01-04,82.16,72,Verkoopboek abonnementen,14532
AB000953,C10068,2016-02-01,36.24,72,Verkoopboek abonnementen,15132
AB000954,C10006,2016-02-01,45.86,72,Verkoopboek abonnementen,15133
AB000955,C10007,2016-02-01,82.16,72,Verkoopboek abonnementen,15134
AB000956,C10009,2016-02-01,45.86,72,Verkoopboek abonnementen,15135
AB000957,C10018,2016-02-01,82.16,72,Verkoopboek abonnementen,15136
AB000958,C10021,2016-02-01,60.44,72,Verkoopboek abonnementen,15137
AB000959,C10027,2016-02-01,72.54,72,Verkoopboek abonnementen,15138
AB000960,C10028,2016-02-01,82.16,72,Verkoopboek abonnementen,15139
AB000961,C10030,2016-02-01,82.16,72,Verkoopboek abonnementen,15140
AB000962,C10041,2016-02-01,72.54,72,Verkoopboek abonnementen,15141
AB000963,C10043,2016-02-01,36.24,72,Verkoopboek abonnementen,15142
AB000964,C10052,2016-02-01,36.24,72,Verkoopboek abonnementen,15143
AB000965,C10056,2016-02-01,72.54,72,Verkoopboek abonnementen,15144
AB000967,C10062,2016-02-01,132.98,72,Verkoopboek abonnementen,15146
AB000968,C10063,2016-02-01,82.16,72,Verkoopboek abonnementen,15147
AB000969,C10064,2016-02-01,72.54,72,Verkoopboek abonnementen,15148
AB000970,C10065,2016-02-01,60.44,72,Verkoopboek abonnementen,15149
AB000971,C10066,2016-02-01,199.65,72,Verkoopboek abonnementen,15150
AB000972,C10067,2016-02-01,72.54,72,Verkoopboek abonnementen,15151
AB000973,C10005,2016-02-01,112.41,72,Verkoopboek abonnementen,15152
AB000974,C10071,2016-02-01,72.54,72,Verkoopboek abonnementen,15153
AB000975,C10072,2016-02-01,870.47,72,Verkoopboek abonnementen,15154
AB000976,C10074,2016-02-01,72.54,72,Verkoopboek abonnementen,15155
AB000977,C10084,2016-02-01,72.54,72,Verkoopboek abonnementen,15156
AB000978,C10086,2016-02-01,72.54,72,Verkoopboek abonnementen,15157
AB000979,C10089,2016-02-01,72.54,72,Verkoopboek abonnementen,15158
AB000980,C10094,2016-02-01,72.54,72,Verkoopboek abonnementen,15159
AB000981,C10098,2016-02-01,82.16,72,Verkoopboek abonnementen,15160
AB000982,C10102,2016-02-01,82.16,72,Verkoopboek abonnementen,15161
AB000983,C10106,2016-02-01,82.16,72,Verkoopboek abonnementen,15162
AB000984,C10107,2016-02-01,82.16,72,Verkoopboek abonnementen,15163
AB000985,C10107,2016-02-01,102.79,72,Verkoopboek abonnementen,15164
AB000986,C10107,2016-02-01,60.44,72,Verkoopboek abonnementen,15165
AB000987,C10113,2016-02-01,70.06,72,Verkoopboek abonnementen,15166
AB000988,C10116,2016-02-01,72.54,72,Verkoopboek abonnementen,15167
AB000989,C10129,2016-02-01,362.64,72,Verkoopboek abonnementen,15168
AB000990,C10135,2016-02-01,82.16,72,Verkoopboek abonnementen,15169
AB000991,C10136,2016-02-01,72.54,72,Verkoopboek abonnementen,15170
AB000992,C10138,2016-02-01,72.54,72,Verkoopboek abonnementen,15171
AB000993,C10139,2016-02-01,72.54,72,Verkoopboek abonnementen,15172
AB000994,C10140,2016-02-01,72.54,72,Verkoopboek abonnementen,15173
AB000995,C10143,2016-02-01,60.44,72,Verkoopboek abonnementen,15174
AB000996,C10143,2016-02-01,115.43,72,Verkoopboek abonnementen,15175
AB000997,C10157,2016-02-01,82.16,72,Verkoopboek abonnementen,15176
AB000998,C10162,2016-02-01,82.16,72,Verkoopboek abonnementen,15177
AB000999,C10169,2016-02-01,28.86,72,Verkoopboek abonnementen,15178
AB001000,C10176,2016-02-01,508.2,72,Verkoopboek abonnementen,15179
AB001001,C10181,2016-02-01,82.16,72,Verkoopboek abonnementen,15180
AB001002,C10068,2016-03-01,36.24,72,Verkoopboek abonnementen,15847
AB001003,C10006,2016-03-01,45.86,72,Verkoopboek abonnementen,15848
AB001004,C10007,2016-03-01,82.16,72,Verkoopboek abonnementen,15849
AB001005,C10009,2016-03-01,45.86,72,Verkoopboek abonnementen,15850
AB001006,C10018,2016-03-01,82.16,72,Verkoopboek abonnementen,15851
AB001007,C10021,2016-03-01,60.44,72,Verkoopboek abonnementen,15852
AB001008,C10027,2016-03-01,72.54,72,Verkoopboek abonnementen,15853
AB001009,C10028,2016-03-01,82.16,72,Verkoopboek abonnementen,15854
AB001010,C10029,2016-03-01,308.37,72,Verkoopboek abonnementen,15855
AB001011,C10030,2016-03-01,82.16,72,Verkoopboek abonnementen,15856
AB001012,C10041,2016-03-01,72.54,72,Verkoopboek abonnementen,15857
AB001013,C10043,2016-03-01,36.24,72,Verkoopboek abonnementen,15858
AB001014,C10052,2016-03-01,36.24,72,Verkoopboek abonnementen,15859
AB001015,C10053,2016-03-01,28.86,72,Verkoopboek abonnementen,15860
AB001016,C10055,2016-03-01,181.98,72,Verkoopboek abonnementen,15861
AB001017,C10056,2016-03-01,72.54,72,Verkoopboek abonnementen,15862
AB001019,C10062,2016-03-01,72.54,72,Verkoopboek abonnementen,15864
AB001020,C10063,2016-03-01,82.16,72,Verkoopboek abonnementen,15865
AB001021,C10064,2016-03-01,72.54,72,Verkoopboek abonnementen,15866
AB001022,C10065,2016-03-01,60.44,72,Verkoopboek abonnementen,15867
AB001023,C10067,2016-03-01,72.54,72,Verkoopboek abonnementen,15868
AB001024,C10005,2016-03-01,112.41,72,Verkoopboek abonnementen,15869
AB001025,C10071,2016-03-01,72.54,72,Verkoopboek abonnementen,15870
AB001026,C10072,2016-03-01,72.54,72,Verkoopboek abonnementen,15871
AB001027,C10074,2016-03-01,72.54,72,Verkoopboek abonnementen,15872
AB001028,C10074,2016-03-01,66.55,72,Verkoopboek abonnementen,15873
AB001029,C10084,2016-03-01,72.54,72,Verkoopboek abonnementen,15874
AB001030,C10085,2016-03-01,28.86,72,Verkoopboek abonnementen,15875
AB001031,C10086,2016-03-01,72.54,72,Verkoopboek abonnementen,15876
AB001032,C10087,2016-03-01,870.47,72,Verkoopboek abonnementen,15877
AB001033,C10089,2016-03-01,72.54,72,Verkoopboek abonnementen,15878
AB001034,C10090,2016-03-01,217.62,72,Verkoopboek abonnementen,15879
AB001035,C10091,2016-03-01,115.43,72,Verkoopboek abonnementen,15880
AB001036,C10094,2016-03-01,72.54,72,Verkoopboek abonnementen,15881
AB001037,C10098,2016-03-01,82.16,72,Verkoopboek abonnementen,15882
AB001038,C10099,2016-03-01,308.37,72,Verkoopboek abonnementen,15883
AB001039,C10102,2016-03-01,82.16,72,Verkoopboek abonnementen,15884
AB001040,C10106,2016-03-01,82.16,72,Verkoopboek abonnementen,15885
AB001041,C10107,2016-03-01,82.16,72,Verkoopboek abonnementen,15886
AB001042,C10107,2016-03-01,42.35,72,Verkoopboek abonnementen,15887
AB001043,C10107,2016-03-01,60.44,72,Verkoopboek abonnementen,15888
AB001044,C10113,2016-03-01,70.06,72,Verkoopboek abonnementen,15889
AB001045,C10113,2016-03-01,115.43,72,Verkoopboek abonnementen,15890
AB001046,C10116,2016-03-01,72.54,72,Verkoopboek abonnementen,15891
AB001047,C10135,2016-03-01,82.16,72,Verkoopboek abonnementen,15892
AB001048,C10136,2016-03-01,72.54,72,Verkoopboek abonnementen,15893
AB001049,C10138,2016-03-01,72.54,72,Verkoopboek abonnementen,15894
AB001050,C10139,2016-03-01,72.54,72,Verkoopboek abonnementen,15895
AB001051,C10140,2016-03-01,72.54,72,Verkoopboek abonnementen,15896
AB001052,C10143,2016-03-01,60.44,72,Verkoopboek abonnementen,15897
AB001054,C10157,2016-03-01,82.16,72,Verkoopboek abonnementen,15899
AB001055,C10162,2016-03-01,82.16,72,Verkoopboek abonnementen,15900
AB001056,C10176,2016-03-01,42.35,72,Verkoopboek abonnementen,15901
AB001057,C10181,2016-03-01,82.16,72,Verkoopboek abonnementen,15902
AB001058,C10068,2016-04-01,36.24,72,Verkoopboek abonnementen,16700
AB001059,C10185,2016-04-01,870.47,72,Verkoopboek abonnementen,16701
AB001060,C10006,2016-04-01,45.86,72,Verkoopboek abonnementen,16702
AB001061,C10007,2016-04-01,82.16,72,Verkoopboek abonnementen,16703
AB001062,C10009,2016-04-01,45.86,72,Verkoopboek abonnementen,16704
AB001063,C10018,2016-04-01,82.16,72,Verkoopboek abonnementen,16705
AB001064,C10021,2016-04-01,60.44,72,Verkoopboek abonnementen,16706
AB001065,C10027,2016-04-01,72.54,72,Verkoopboek abonnementen,16707
AB001066,C10028,2016-04-01,82.16,72,Verkoopboek abonnementen,16708
AB001067,C10030,2016-04-01,82.16,72,Verkoopboek abonnementen,16709
AB001068,C10035,2016-04-01,28.86,72,Verkoopboek abonnementen,16710
AB001069,C10037,2016-04-01,115.43,72,Verkoopboek abonnementen,16711
AB001070,C10041,2016-04-01,72.54,72,Verkoopboek abonnementen,16712
AB001071,C10043,2016-04-01,36.24,72,Verkoopboek abonnementen,16713
AB001072,C10046,2016-04-01,102.79,72,Verkoopboek abonnementen,16714
AB001073,C10047,2016-04-01,362.64,72,Verkoopboek abonnementen,16715
AB001074,C10052,2016-04-01,36.24,72,Verkoopboek abonnementen,16716
AB001075,C10054,2016-04-01,434.87,72,Verkoopboek abonnementen,16717
AB001076,C10054,2016-04-01,217.62,72,Verkoopboek abonnementen,16718
AB001077,C10056,2016-04-01,72.54,72,Verkoopboek abonnementen,16719
AB001078,C10058,2016-04-01,137.58,72,Verkoopboek abonnementen,16720
AB001080,C10060,2016-04-01,28.86,72,Verkoopboek abonnementen,16722
AB001081,C10062,2016-04-01,72.54,72,Verkoopboek abonnementen,16723
AB001082,C10063,2016-04-01,82.16,72,Verkoopboek abonnementen,16724
AB001083,C10064,2016-04-01,72.54,72,Verkoopboek abonnementen,16725
AB001084,C10065,2016-04-01,60.44,72,Verkoopboek abonnementen,16726
AB001085,C10067,2016-04-01,72.54,72,Verkoopboek abonnementen,16727
AB001086,C10005,2016-04-01,112.41,72,Verkoopboek abonnementen,16728
AB001087,C10071,2016-04-01,72.54,72,Verkoopboek abonnementen,16729
AB001088,C10072,2016-04-01,72.54,72,Verkoopboek abonnementen,16730
AB001089,C10074,2016-04-01,72.54,72,Verkoopboek abonnementen,16731
AB001090,C10084,2016-04-01,72.54,72,Verkoopboek abonnementen,16732
AB001091,C10084,2016-04-01,132.98,72,Verkoopboek abonnementen,16733
AB001092,C10086,2016-04-01,72.54,72,Verkoopboek abonnementen,16734
AB001093,C10087,2016-04-01,72.54,72,Verkoopboek abonnementen,16735
AB001094,C10089,2016-04-01,72.54,72,Verkoopboek abonnementen,16736
AB001095,C10094,2016-04-01,72.54,72,Verkoopboek abonnementen,16737
AB001096,C10098,2016-04-01,82.16,72,Verkoopboek abonnementen,16738
AB001097,C10102,2016-04-01,82.16,72,Verkoopboek abonnementen,16739
AB001098,C10105,2016-04-01,870.47,72,Verkoopboek abonnementen,16740
AB001099,C10106,2016-04-01,82.16,72,Verkoopboek abonnementen,16741
AB001100,C10107,2016-04-01,82.16,72,Verkoopboek abonnementen,16742
AB001101,C10107,2016-04-01,42.35,72,Verkoopboek abonnementen,16743
AB001102,C10107,2016-04-01,60.44,72,Verkoopboek abonnementen,16744
AB001103,C10113,2016-04-01,70.06,72,Verkoopboek abonnementen,16745
AB001104,C10116,2016-04-01,72.54,72,Verkoopboek abonnementen,16746
AB001105,C10117,2016-04-01,308.37,72,Verkoopboek abonnementen,16747
AB001106,C10135,2016-04-01,82.16,72,Verkoopboek abonnementen,16748
AB001107,C10136,2016-04-01,72.54,72,Verkoopboek abonnementen,16749
AB001108,C10138,2016-04-01,72.54,72,Verkoopboek abonnementen,16750
AB001109,C10139,2016-04-01,72.54,72,Verkoopboek abonnementen,16751
AB001110,C10140,2016-04-01,72.54,72,Verkoopboek abonnementen,16752
AB001111,C10140,2016-04-01,28.86,72,Verkoopboek abonnementen,16753
AB001112,C10143,2016-04-01,60.44,72,Verkoopboek abonnementen,16754
AB001113,C10157,2016-04-01,82.16,72,Verkoopboek abonnementen,16755
AB001114,C10162,2016-04-01,82.16,72,Verkoopboek abonnementen,16756
AB001115,C10170,2016-04-01,28.86,72,Verkoopboek abonnementen,16757
AB001116,C10173,2016-04-01,115.43,72,Verkoopboek abonnementen,16758
AB001117,C10176,2016-04-01,42.35,72,Verkoopboek abonnementen,16759
AB001118,C10181,2016-04-01,82.16,72,Verkoopboek abonnementen,16760
AB001119,C10068,2016-05-02,36.24,72,Verkoopboek abonnementen,17434
AB001120,C10185,2016-05-02,72.54,72,Verkoopboek abonnementen,17435
AB001121,C10007,2016-05-02,82.16,72,Verkoopboek abonnementen,17436
AB001122,C10009,2016-05-02,45.86,72,Verkoopboek abonnementen,17437
AB001124,C10018,2016-05-02,82.16,72,Verkoopboek abonnementen,17439
AB001125,C10020,2016-05-02,870.47,72,Verkoopboek abonnementen,17440
AB001126,C10020,2016-05-02,132.98,72,Verkoopboek abonnementen,17441
AB001127,C10021,2016-05-02,60.44,72,Verkoopboek abonnementen,17442
AB001128,C10027,2016-05-02,72.54,72,Verkoopboek abonnementen,17443
AB001129,C10028,2016-05-02,82.16,72,Verkoopboek abonnementen,17444
AB001130,C10030,2016-05-02,82.16,72,Verkoopboek abonnementen,17445
AB001131,C10041,2016-05-02,72.54,72,Verkoopboek abonnementen,17446
AB001132,C10043,2016-05-02,36.24,72,Verkoopboek abonnementen,17447
AB001133,C10046,2016-05-02,42.35,72,Verkoopboek abonnementen,17448
AB001134,C10052,2016-05-02,36.24,72,Verkoopboek abonnementen,17449
AB001135,C10054,2016-05-02,36.24,72,Verkoopboek abonnementen,17450
AB001136,C10056,2016-05-02,72.54,72,Verkoopboek abonnementen,17451
AB001138,C10062,2016-05-02,72.54,72,Verkoopboek abonnementen,17453
AB001139,C10063,2016-05-02,82.16,72,Verkoopboek abonnementen,17454
AB001140,C10064,2016-05-02,72.54,72,Verkoopboek abonnementen,17455
AB001141,C10065,2016-05-02,60.44,72,Verkoopboek abonnementen,17456
AB001142,C10066,2016-05-02,199.65,72,Verkoopboek abonnementen,17457
AB001143,C10067,2016-05-02,72.54,72,Verkoopboek abonnementen,17458
AB001144,C10005,2016-05-02,112.41,72,Verkoopboek abonnementen,17459
AB001145,C10071,2016-05-02,72.54,72,Verkoopboek abonnementen,17460
AB001146,C10072,2016-05-02,72.54,72,Verkoopboek abonnementen,17461
AB001147,C10074,2016-05-02,72.54,72,Verkoopboek abonnementen,17462
AB001148,C10083,2016-05-02,115.43,72,Verkoopboek abonnementen,17463
AB001149,C10084,2016-05-02,72.54,72,Verkoopboek abonnementen,17464
AB001150,C10084,2016-05-02,72.54,72,Verkoopboek abonnementen,17465
AB001151,C10086,2016-05-02,72.54,72,Verkoopboek abonnementen,17466
AB001152,C10087,2016-05-02,72.54,72,Verkoopboek abonnementen,17467
AB001153,C10089,2016-05-02,72.54,72,Verkoopboek abonnementen,17468
AB001154,C10094,2016-05-02,72.54,72,Verkoopboek abonnementen,17469
AB001155,C10100,2016-05-02,398.94,72,Verkoopboek abonnementen,17470
AB001156,C10102,2016-05-02,82.16,72,Verkoopboek abonnementen,17471
AB001157,C10105,2016-05-02,72.54,72,Verkoopboek abonnementen,17472
AB001158,C10106,2016-05-02,82.16,72,Verkoopboek abonnementen,17473
AB001159,C10107,2016-05-02,82.16,72,Verkoopboek abonnementen,17474
AB001160,C10107,2016-05-02,42.35,72,Verkoopboek abonnementen,17475
AB001161,C10107,2016-05-02,60.44,72,Verkoopboek abonnementen,17476
AB001162,C10113,2016-05-02,70.06,72,Verkoopboek abonnementen,17477
AB001163,C10116,2016-05-02,72.54,72,Verkoopboek abonnementen,17478
AB001164,C10121,2016-05-02,870.47,72,Verkoopboek abonnementen,17479
AB001165,C10121,2016-05-02,115.43,72,Verkoopboek abonnementen,17480
AB001166,C10129,2016-05-02,181.32,72,Verkoopboek abonnementen,17481
AB001167,C10135,2016-05-02,82.16,72,Verkoopboek abonnementen,17482
AB001168,C10136,2016-05-02,72.54,72,Verkoopboek abonnementen,17483
AB001169,C10138,2016-05-02,72.54,72,Verkoopboek abonnementen,17484
AB001170,C10139,2016-05-02,72.54,72,Verkoopboek abonnementen,17485
AB001171,C10140,2016-05-02,72.54,72,Verkoopboek abonnementen,17486
AB001172,C10143,2016-05-02,60.44,72,Verkoopboek abonnementen,17487
AB001173,C10143,2016-05-02,28.86,72,Verkoopboek abonnementen,17488
AB001174,C10157,2016-05-02,82.16,72,Verkoopboek abonnementen,17489
AB001175,C10162,2016-05-02,82.16,72,Verkoopboek abonnementen,17490
AB001176,C10169,2016-05-02,28.86,72,Verkoopboek abonnementen,17491
AB001177,C10176,2016-05-02,42.35,72,Verkoopboek abonnementen,17492
AB001178,C10177,2016-05-02,181.98,72,Verkoopboek abonnementen,17493
AB001179,C10181,2016-05-02,82.16,72,Verkoopboek abonnementen,17494
AB001180,C10068,2016-06-01,36.24,72,Verkoopboek abonnementen,18566
AB001181,C10186,2016-06-01,120.88,72,Verkoopboek abonnementen,18567
AB001182,C10185,2016-06-01,72.54,72,Verkoopboek abonnementen,18568
AB001183,C10007,2016-06-01,82.16,72,Verkoopboek abonnementen,18569
AB001184,C10009,2016-06-01,45.86,72,Verkoopboek abonnementen,18570
AB001186,C10012,2016-06-01,132.98,72,Verkoopboek abonnementen,18572
AB001187,C10018,2016-06-01,82.16,72,Verkoopboek abonnementen,18573
AB001188,C10020,2016-06-01,72.54,72,Verkoopboek abonnementen,18574
AB001189,C10020,2016-06-01,72.54,72,Verkoopboek abonnementen,18575
AB001190,C10021,2016-06-01,60.44,72,Verkoopboek abonnementen,18576
AB001191,C10027,2016-06-01,72.54,72,Verkoopboek abonnementen,18577
AB001192,C10028,2016-06-01,82.16,72,Verkoopboek abonnementen,18578
AB001193,C10029,2016-06-01,508.2,72,Verkoopboek abonnementen,18579
AB001194,C10029,2016-06-01,127.05,72,Verkoopboek abonnementen,18580
AB001195,C10030,2016-06-01,82.16,72,Verkoopboek abonnementen,18581
AB001196,C10036,2016-06-01,870.47,72,Verkoopboek abonnementen,18582
AB001197,C10041,2016-06-01,72.54,72,Verkoopboek abonnementen,18583
AB001198,C10043,2016-06-01,36.24,72,Verkoopboek abonnementen,18584
AB001199,C10046,2016-06-01,42.35,72,Verkoopboek abonnementen,18585
AB001200,C10052,2016-06-01,36.24,72,Verkoopboek abonnementen,18586
AB001201,C10053,2016-06-01,28.86,72,Verkoopboek abonnementen,18587
AB001202,C10054,2016-06-01,36.24,72,Verkoopboek abonnementen,18588
AB001203,C10056,2016-06-01,72.54,72,Verkoopboek abonnementen,18589
AB001205,C10062,2016-06-01,72.54,72,Verkoopboek abonnementen,18591
AB001206,C10063,2016-06-01,82.16,72,Verkoopboek abonnementen,18592
AB001207,C10064,2016-06-01,72.54,72,Verkoopboek abonnementen,18593
AB001208,C10065,2016-06-01,60.44,72,Verkoopboek abonnementen,18594
AB001209,C10067,2016-06-01,72.54,72,Verkoopboek abonnementen,18595
AB001210,C10005,2016-06-01,112.41,72,Verkoopboek abonnementen,18596
AB001211,C10071,2016-06-01,72.54,72,Verkoopboek abonnementen,18597
AB001212,C10072,2016-06-01,72.54,72,Verkoopboek abonnementen,18598
AB001213,C10074,2016-06-01,72.54,72,Verkoopboek abonnementen,18599
AB001214,C10083,2016-06-01,870.47,72,Verkoopboek abonnementen,18600
AB001215,C10084,2016-06-01,72.54,72,Verkoopboek abonnementen,18601
AB001216,C10084,2016-06-01,72.54,72,Verkoopboek abonnementen,18602
AB001217,C10085,2016-06-01,28.86,72,Verkoopboek abonnementen,18603
AB001218,C10086,2016-06-01,72.54,72,Verkoopboek abonnementen,18604
AB001219,C10087,2016-06-01,72.54,72,Verkoopboek abonnementen,18605
AB001220,C10089,2016-06-01,72.54,72,Verkoopboek abonnementen,18606
AB001221,C10090,2016-06-01,217.62,72,Verkoopboek abonnementen,18607
AB001222,C10094,2016-06-01,72.54,72,Verkoopboek abonnementen,18608
AB001223,C10099,2016-06-01,127.05,72,Verkoopboek abonnementen,18609
AB001224,C10102,2016-06-01,82.16,72,Verkoopboek abonnementen,18610
AB001225,C10105,2016-06-01,72.54,72,Verkoopboek abonnementen,18611
AB001226,C10106,2016-06-01,82.16,72,Verkoopboek abonnementen,18612
AB001227,C10107,2016-06-01,82.16,72,Verkoopboek abonnementen,18613
AB001228,C10107,2016-06-01,42.35,72,Verkoopboek abonnementen,18614
AB001229,C10107,2016-06-01,60.44,72,Verkoopboek abonnementen,18615
AB001230,C10113,2016-06-01,70.06,72,Verkoopboek abonnementen,18616
AB001231,C10113,2016-06-01,28.86,72,Verkoopboek abonnementen,18617
AB001232,C10116,2016-06-01,72.54,72,Verkoopboek abonnementen,18618
AB001233,C10121,2016-06-01,72.54,72,Verkoopboek abonnementen,18619
AB001234,C10129,2016-06-01,102.79,72,Verkoopboek abonnementen,18620
AB001235,C10135,2016-06-01,82.16,72,Verkoopboek abonnementen,18621
AB001236,C10135,2016-06-01,115.43,72,Verkoopboek abonnementen,18622
AB001237,C10136,2016-06-01,72.54,72,Verkoopboek abonnementen,18623
AB001238,C10139,2016-06-01,72.54,72,Verkoopboek abonnementen,18624
AB001239,C10140,2016-06-01,72.54,72,Verkoopboek abonnementen,18625
AB001240,C10143,2016-06-01,60.44,72,Verkoopboek abonnementen,18626
AB001243,C10157,2016-06-01,82.16,72,Verkoopboek abonnementen,18629
AB001244,C10162,2016-06-01,82.16,72,Verkoopboek abonnementen,18630
AB001245,C10176,2016-06-01,42.35,72,Verkoopboek abonnementen,18631
AB001246,C10181,2016-06-01,82.16,72,Verkoopboek abonnementen,18632
AB001247,C10005,2016-07-01,112.41,72,Verkoopboek abonnementen,19208
AB001248,C10007,2016-07-01,82.16,72,Verkoopboek abonnementen,19209
AB001249,C10009,2016-07-01,45.86,72,Verkoopboek abonnementen,19210
AB001251,C10012,2016-07-01,72.54,72,Verkoopboek abonnementen,19212
AB001252,C10013,2016-07-01,115.43,72,Verkoopboek abonnementen,19213
AB001253,C10015,2016-07-01,798.6,72,Verkoopboek abonnementen,19214
AB001254,C10018,2016-07-01,82.16,72,Verkoopboek abonnementen,19215
AB001255,C10018,2016-07-01,1028.5,72,Verkoopboek abonnementen,19216
AB001256,C10019,2016-07-01,115.43,72,Verkoopboek abonnementen,19217
AB001257,C10020,2016-07-01,72.54,72,Verkoopboek abonnementen,19218
AB001258,C10020,2016-07-01,72.54,72,Verkoopboek abonnementen,19219
AB001259,C10021,2016-07-01,60.44,72,Verkoopboek abonnementen,19220
AB001260,C10027,2016-07-01,72.54,72,Verkoopboek abonnementen,19221
AB001261,C10028,2016-07-01,82.16,72,Verkoopboek abonnementen,19222
AB001262,C10029,2016-07-01,42.35,72,Verkoopboek abonnementen,19223
AB001263,C10030,2016-07-01,82.16,72,Verkoopboek abonnementen,19224
AB001264,C10035,2016-07-01,28.86,72,Verkoopboek abonnementen,19225
AB001265,C10036,2016-07-01,72.54,72,Verkoopboek abonnementen,19226
AB001266,C10037,2016-07-01,28.86,72,Verkoopboek abonnementen,19227
AB001267,C10041,2016-07-01,72.54,72,Verkoopboek abonnementen,19228
AB001268,C10043,2016-07-01,36.24,72,Verkoopboek abonnementen,19229
AB001269,C10046,2016-07-01,42.35,72,Verkoopboek abonnementen,19230
AB001270,C10047,2016-07-01,181.32,72,Verkoopboek abonnementen,19231
AB001271,C10052,2016-07-01,36.24,72,Verkoopboek abonnementen,19232
AB001272,C10054,2016-07-01,36.24,72,Verkoopboek abonnementen,19233
AB001273,C10054,2016-07-01,217.62,72,Verkoopboek abonnementen,19234
AB001274,C10056,2016-07-01,72.54,72,Verkoopboek abonnementen,19235
AB001275,C10058,2016-07-01,137.58,72,Verkoopboek abonnementen,19236
AB001277,C10060,2016-07-01,28.86,72,Verkoopboek abonnementen,19238
AB001278,C10062,2016-07-01,72.54,72,Verkoopboek abonnementen,19239
AB001279,C10063,2016-07-01,82.16,72,Verkoopboek abonnementen,19240
AB001280,C10064,2016-07-01,72.54,72,Verkoopboek abonnementen,19241
AB001281,C10065,2016-07-01,60.44,72,Verkoopboek abonnementen,19242
AB001282,C10067,2016-07-01,72.54,72,Verkoopboek abonnementen,19243
AB001283,C10068,2016-07-01,36.24,72,Verkoopboek abonnementen,19244
AB001284,C10071,2016-07-01,72.54,72,Verkoopboek abonnementen,19245
AB001285,C10072,2016-07-01,72.54,72,Verkoopboek abonnementen,19246
AB001286,C10074,2016-07-01,72.54,72,Verkoopboek abonnementen,19247
AB001287,C10076,2016-07-01,508.2,72,Verkoopboek abonnementen,19248
AB001288,C10083,2016-07-01,72.54,72,Verkoopboek abonnementen,19249
AB001289,C10084,2016-07-01,72.54,72,Verkoopboek abonnementen,19250
AB001290,C10084,2016-07-01,72.54,72,Verkoopboek abonnementen,19251
AB001291,C10086,2016-07-01,72.54,72,Verkoopboek abonnementen,19252
AB001292,C10087,2016-07-01,72.54,72,Verkoopboek abonnementen,19253
AB001293,C10089,2016-07-01,72.54,72,Verkoopboek abonnementen,19254
AB001294,C10094,2016-07-01,72.54,72,Verkoopboek abonnementen,19255
AB001295,C10102,2016-07-01,82.16,72,Verkoopboek abonnementen,19256
AB001296,C10103,2016-07-01,181.98,72,Verkoopboek abonnementen,19257
AB001297,C10105,2016-07-01,72.54,72,Verkoopboek abonnementen,19258
AB001298,C10106,2016-07-01,82.16,72,Verkoopboek abonnementen,19259
AB001299,C10107,2016-07-01,82.16,72,Verkoopboek abonnementen,19260
AB001300,C10107,2016-07-01,42.35,72,Verkoopboek abonnementen,19261
AB001301,C10107,2016-07-01,60.44,72,Verkoopboek abonnementen,19262
AB001302,C10113,2016-07-01,70.06,72,Verkoopboek abonnementen,19263
AB001303,C10116,2016-07-01,72.54,72,Verkoopboek abonnementen,19264
AB001304,C10117,2016-07-01,127.05,72,Verkoopboek abonnementen,19265
AB001305,C10119,2016-07-01,66.55,72,Verkoopboek abonnementen,19266
AB001306,C10121,2016-07-01,72.54,72,Verkoopboek abonnementen,19267
AB001307,C10129,2016-07-01,42.35,72,Verkoopboek abonnementen,19268
AB001309,C10135,2016-07-01,82.16,72,Verkoopboek abonnementen,19270
AB001310,C10136,2016-07-01,72.54,72,Verkoopboek abonnementen,19271
AB001311,C10139,2016-07-01,72.54,72,Verkoopboek abonnementen,19272
AB001312,C10140,2016-07-01,72.54,72,Verkoopboek abonnementen,19273
AB001313,C10140,2016-07-01,28.86,72,Verkoopboek abonnementen,19274
AB001314,C10143,2016-07-01,60.44,72,Verkoopboek abonnementen,19275
AB001315,C10150,2016-07-01,120.88,72,Verkoopboek abonnementen,19276
AB001316,C10156,2016-07-01,870.47,72,Verkoopboek abonnementen,19277
AB001317,C10157,2016-07-01,82.16,72,Verkoopboek abonnementen,19278
AB001318,C10162,2016-07-01,82.16,72,Verkoopboek abonnementen,19279
AB001320,C10170,2016-07-01,28.86,72,Verkoopboek abonnementen,19281
AB001321,C10173,2016-07-01,28.86,72,Verkoopboek abonnementen,19282
AB001322,C10176,2016-07-01,42.35,72,Verkoopboek abonnementen,19283
AB001323,C10181,2016-07-01,82.16,72,Verkoopboek abonnementen,19284
AB001324,C10185,2016-07-01,72.54,72,Verkoopboek abonnementen,19285
AB001325,C10186,2016-07-01,60.44,72,Verkoopboek abonnementen,19286
AB001326,C10005,2016-08-01,112.41,72,Verkoopboek abonnementen,20130
AB001327,C10007,2016-08-01,82.16,72,Verkoopboek abonnementen,20131
AB001328,C10009,2016-08-01,9.62,72,Verkoopboek abonnementen,20132
AB001330,C10012,2016-08-01,72.54,72,Verkoopboek abonnementen,20134
AB001331,C10018,2016-08-01,1028.5,72,Verkoopboek abonnementen,20135
AB001332,C10020,2016-08-01,72.54,72,Verkoopboek abonnementen,20136
AB001333,C10020,2016-08-01,72.54,72,Verkoopboek abonnementen,20137
AB001334,C10021,2016-08-01,60.44,72,Verkoopboek abonnementen,20138
AB001335,C10027,2016-08-01,72.54,72,Verkoopboek abonnementen,20139
AB001336,C10028,2016-08-01,82.16,72,Verkoopboek abonnementen,20140
AB001337,C10029,2016-08-01,42.35,72,Verkoopboek abonnementen,20141
AB001338,C10030,2016-08-01,82.16,72,Verkoopboek abonnementen,20142
AB001339,C10036,2016-08-01,72.54,72,Verkoopboek abonnementen,20143
AB001340,C10041,2016-08-01,72.54,72,Verkoopboek abonnementen,20144
AB001341,C10043,2016-08-01,36.24,72,Verkoopboek abonnementen,20145
AB001342,C10046,2016-08-01,42.35,72,Verkoopboek abonnementen,20146
AB001343,C10052,2016-08-01,36.24,72,Verkoopboek abonnementen,20147
AB001344,C10054,2016-08-01,36.24,72,Verkoopboek abonnementen,20148
AB001345,C10056,2016-08-01,72.54,72,Verkoopboek abonnementen,20149
AB001347,C10062,2016-08-01,72.54,72,Verkoopboek abonnementen,20151
AB001348,C10063,2016-08-01,82.16,72,Verkoopboek abonnementen,20152
AB001349,C10064,2016-08-01,72.54,72,Verkoopboek abonnementen,20153
AB001350,C10065,2016-08-01,60.44,72,Verkoopboek abonnementen,20154
AB001351,C10066,2016-08-01,199.65,72,Verkoopboek abonnementen,20155
AB001352,C10067,2016-08-01,72.54,72,Verkoopboek abonnementen,20156
AB001353,C10068,2016-08-01,36.24,72,Verkoopboek abonnementen,20157
AB001354,C10071,2016-08-01,72.54,72,Verkoopboek abonnementen,20158
AB001355,C10072,2016-08-01,72.54,72,Verkoopboek abonnementen,20159
AB001356,C10072,2016-08-01,308.37,72,Verkoopboek abonnementen,20160
AB001357,C10074,2016-08-01,72.54,72,Verkoopboek abonnementen,20161
AB001358,C10076,2016-08-01,42.35,72,Verkoopboek abonnementen,20162
AB001359,C10076,2016-08-01,308.37,72,Verkoopboek abonnementen,20163
AB001360,C10083,2016-08-01,28.86,72,Verkoopboek abonnementen,20164
AB001361,C10083,2016-08-01,72.54,72,Verkoopboek abonnementen,20165
AB001362,C10084,2016-08-01,72.54,72,Verkoopboek abonnementen,20166
AB001363,C10084,2016-08-01,72.54,72,Verkoopboek abonnementen,20167
AB001364,C10086,2016-08-01,72.54,72,Verkoopboek abonnementen,20168
AB001365,C10087,2016-08-01,72.54,72,Verkoopboek abonnementen,20169
AB001366,C10089,2016-08-01,72.54,72,Verkoopboek abonnementen,20170
AB001367,C10094,2016-08-01,72.54,72,Verkoopboek abonnementen,20171
AB001368,C10099,2016-08-01,870.47,72,Verkoopboek abonnementen,20172
AB001369,C10100,2016-08-01,217.62,72,Verkoopboek abonnementen,20173
AB001370,C10102,2016-08-01,82.16,72,Verkoopboek abonnementen,20174
AB001371,C10105,2016-08-01,72.54,72,Verkoopboek abonnementen,20175
AB001372,C10106,2016-08-01,82.16,72,Verkoopboek abonnementen,20176
AB001373,C10107,2016-08-01,82.16,72,Verkoopboek abonnementen,20177
AB001374,C10107,2016-08-01,42.35,72,Verkoopboek abonnementen,20178
AB001375,C10107,2016-08-01,60.44,72,Verkoopboek abonnementen,20179
AB001376,C10113,2016-08-01,70.06,72,Verkoopboek abonnementen,20180
AB001377,C10116,2016-08-01,72.54,72,Verkoopboek abonnementen,20181
AB001378,C10121,2016-08-01,72.54,72,Verkoopboek abonnementen,20182
AB001379,C10122,2016-08-01,120.88,72,Verkoopboek abonnementen,20183
AB001380,C10129,2016-08-01,181.32,72,Verkoopboek abonnementen,20184
AB001381,C10129,2016-08-01,42.35,72,Verkoopboek abonnementen,20185
AB001382,C10132,2016-08-01,870.47,72,Verkoopboek abonnementen,20186
AB001384,C10135,2016-08-01,82.16,72,Verkoopboek abonnementen,20188
AB001385,C10136,2016-08-01,72.54,72,Verkoopboek abonnementen,20189
AB001386,C10139,2016-08-01,72.54,72,Verkoopboek abonnementen,20190
AB001387,C10140,2016-08-01,72.54,72,Verkoopboek abonnementen,20191
AB001388,C10143,2016-08-01,60.44,72,Verkoopboek abonnementen,20192
AB001389,C10143,2016-08-01,28.86,72,Verkoopboek abonnementen,20193
AB001390,C10149,2016-08-01,725.27,72,Verkoopboek abonnementen,20194
AB001391,C10150,2016-08-01,60.44,72,Verkoopboek abonnementen,20195
AB001392,C10153,2016-08-01,308.37,72,Verkoopboek abonnementen,20196
AB001393,C10156,2016-08-01,72.54,72,Verkoopboek abonnementen,20197
AB001394,C10157,2016-08-01,82.16,72,Verkoopboek abonnementen,20198
AB001395,C10162,2016-08-01,82.16,72,Verkoopboek abonnementen,20199
AB001396,C10169,2016-08-01,28.86,72,Verkoopboek abonnementen,20200
AB001397,C10176,2016-08-01,42.35,72,Verkoopboek abonnementen,20201
AB001398,C10181,2016-08-01,82.16,72,Verkoopboek abonnementen,20202
AB001399,C10183,2016-08-01,115.43,72,Verkoopboek abonnementen,20203
AB001400,C10185,2016-08-01,72.54,72,Verkoopboek abonnementen,20204
AB001401,C10186,2016-08-01,60.44,72,Verkoopboek abonnementen,20205
AB001402,C10005,2016-09-01,112.41,72,Verkoopboek abonnementen,21080
AB001403,C10007,2016-09-01,82.16,72,Verkoopboek abonnementen,21081
AB001404,C10009,2016-09-01,9.62,72,Verkoopboek abonnementen,21082
AB001406,C10012,2016-09-01,72.54,72,Verkoopboek abonnementen,21084
AB001407,C10018,2016-09-01,1028.5,72,Verkoopboek abonnementen,21085
AB001408,C10020,2016-09-01,72.54,72,Verkoopboek abonnementen,21086
AB001409,C10020,2016-09-01,72.54,72,Verkoopboek abonnementen,21087
AB001410,C10021,2016-09-01,60.44,72,Verkoopboek abonnementen,21088
AB001411,C10027,2016-09-01,72.54,72,Verkoopboek abonnementen,21089
AB001412,C10028,2016-09-01,82.16,72,Verkoopboek abonnementen,21090
AB001413,C10029,2016-09-01,42.35,72,Verkoopboek abonnementen,21091
AB001414,C10029,2016-09-01,127.05,72,Verkoopboek abonnementen,21092
AB001415,C10030,2016-09-01,82.16,72,Verkoopboek abonnementen,21093
AB001416,C10036,2016-09-01,72.54,72,Verkoopboek abonnementen,21094
AB001417,C10041,2016-09-01,72.54,72,Verkoopboek abonnementen,21095
AB001418,C10043,2016-09-01,36.24,72,Verkoopboek abonnementen,21096
AB001419,C10046,2016-09-01,42.35,72,Verkoopboek abonnementen,21097
AB001420,C10052,2016-09-01,36.24,72,Verkoopboek abonnementen,21098
AB001421,C10053,2016-09-01,28.86,72,Verkoopboek abonnementen,21099
AB001422,C10054,2016-09-01,36.24,72,Verkoopboek abonnementen,21100
AB001423,C10056,2016-09-01,72.54,72,Verkoopboek abonnementen,21101
AB001425,C10062,2016-09-01,72.54,72,Verkoopboek abonnementen,21103
AB001426,C10063,2016-09-01,82.16,72,Verkoopboek abonnementen,21104
AB001427,C10064,2016-09-01,72.54,72,Verkoopboek abonnementen,21105
AB001428,C10065,2016-09-01,60.44,72,Verkoopboek abonnementen,21106
AB001429,C10067,2016-09-01,72.54,72,Verkoopboek abonnementen,21107
AB001430,C10068,2016-09-01,36.24,72,Verkoopboek abonnementen,21108
AB001431,C10071,2016-09-01,72.54,72,Verkoopboek abonnementen,21109
AB001432,C10072,2016-09-01,72.54,72,Verkoopboek abonnementen,21110
AB001433,C10074,2016-09-01,72.54,72,Verkoopboek abonnementen,21111
AB001434,C10076,2016-09-01,42.35,72,Verkoopboek abonnementen,21112
AB001435,C10083,2016-09-01,72.54,72,Verkoopboek abonnementen,21113
AB001436,C10084,2016-09-01,72.54,72,Verkoopboek abonnementen,21114
AB001437,C10084,2016-09-01,72.54,72,Verkoopboek abonnementen,21115
AB001438,C10085,2016-09-01,28.86,72,Verkoopboek abonnementen,21116
AB001439,C10086,2016-09-01,72.54,72,Verkoopboek abonnementen,21117
AB001440,C10087,2016-09-01,72.54,72,Verkoopboek abonnementen,21118
AB001441,C10089,2016-09-01,72.54,72,Verkoopboek abonnementen,21119
AB001442,C10090,2016-09-01,217.62,72,Verkoopboek abonnementen,21120
AB001443,C10094,2016-09-01,72.54,72,Verkoopboek abonnementen,21121
AB001444,C10095,2016-09-01,308.37,72,Verkoopboek abonnementen,21122
AB001445,C10099,2016-09-01,72.54,72,Verkoopboek abonnementen,21123
AB001446,C10099,2016-09-01,127.05,72,Verkoopboek abonnementen,21124
AB001447,C10102,2016-09-01,82.16,72,Verkoopboek abonnementen,21125
AB001448,C10105,2016-09-01,72.54,72,Verkoopboek abonnementen,21126
AB001449,C10106,2016-09-01,82.16,72,Verkoopboek abonnementen,21127
AB001450,C10107,2016-09-01,82.16,72,Verkoopboek abonnementen,21128
AB001451,C10107,2016-09-01,42.35,72,Verkoopboek abonnementen,21129
AB001452,C10107,2016-09-01,60.44,72,Verkoopboek abonnementen,21130
AB001453,C10108,2016-09-01,115.43,72,Verkoopboek abonnementen,21131
AB001454,C10113,2016-09-01,70.06,72,Verkoopboek abonnementen,21132
AB001455,C10113,2016-09-01,28.86,72,Verkoopboek abonnementen,21133
AB001456,C10116,2016-09-01,72.54,72,Verkoopboek abonnementen,21134
AB001458,C10121,2016-09-01,72.54,72,Verkoopboek abonnementen,21136
AB001459,C10122,2016-09-01,60.44,72,Verkoopboek abonnementen,21137
AB001460,C10129,2016-09-01,42.35,72,Verkoopboek abonnementen,21138
AB001461,C10132,2016-09-01,72.54,72,Verkoopboek abonnementen,21139
AB001463,C10135,2016-09-01,82.16,72,Verkoopboek abonnementen,21141
AB001464,C10135,2016-09-01,28.86,72,Verkoopboek abonnementen,21142
AB001465,C10136,2016-09-01,72.54,72,Verkoopboek abonnementen,21143
AB001466,C10139,2016-09-01,72.54,72,Verkoopboek abonnementen,21144
AB001467,C10140,2016-09-01,72.54,72,Verkoopboek abonnementen,21145
AB001468,C10143,2016-09-01,60.44,72,Verkoopboek abonnementen,21146
AB001469,C10144,2016-09-01,870.47,72,Verkoopboek abonnementen,21147
AB001470,C10145,2016-09-01,115.43,72,Verkoopboek abonnementen,21148
AB001472,C10149,2016-09-01,60.44,72,Verkoopboek abonnementen,21150
AB001473,C10150,2016-09-01,60.44,72,Verkoopboek abonnementen,21151
AB001474,C10151,2016-09-01,870.47,72,Verkoopboek abonnementen,21152
AB001475,C10156,2016-09-01,72.54,72,Verkoopboek abonnementen,21153
AB001477,C10157,2016-09-01,82.16,72,Verkoopboek abonnementen,21155
AB001478,C10162,2016-09-01,82.16,72,Verkoopboek abonnementen,21156
AB001479,C10162,2016-09-01,120.88,72,Verkoopboek abonnementen,21157
AB001480,C10176,2016-09-01,42.35,72,Verkoopboek abonnementen,21158
AB001481,C10181,2016-09-01,82.16,72,Verkoopboek abonnementen,21159
AB001482,C10185,2016-09-01,72.54,72,Verkoopboek abonnementen,21160
AB001483,C10186,2016-09-01,60.44,72,Verkoopboek abonnementen,21161
AB001484,C10005,2016-10-03,112.41,72,Verkoopboek abonnementen,21989
AB001485,C10007,2016-10-03,82.16,72,Verkoopboek abonnementen,21990
AB001486,C10009,2016-10-03,9.62,72,Verkoopboek abonnementen,21991
AB001487,C10010,2016-10-03,115.43,72,Verkoopboek abonnementen,21992
AB001489,C10012,2016-10-03,72.54,72,Verkoopboek abonnementen,21994
AB001490,C10018,2016-10-03,1028.5,72,Verkoopboek abonnementen,21995
AB001491,C10019,2016-10-03,28.86,72,Verkoopboek abonnementen,21996
AB001492,C10020,2016-10-03,72.54,72,Verkoopboek abonnementen,21997
AB001493,C10020,2016-10-03,72.54,72,Verkoopboek abonnementen,21998
AB001494,C10021,2016-10-03,60.44,72,Verkoopboek abonnementen,21999
AB001495,C10027,2016-10-03,72.54,72,Verkoopboek abonnementen,22000
AB001496,C10028,2016-10-03,82.16,72,Verkoopboek abonnementen,22001
AB001497,C10029,2016-10-03,42.35,72,Verkoopboek abonnementen,22002
AB001498,C10030,2016-10-03,82.16,72,Verkoopboek abonnementen,22003
AB001499,C10035,2016-10-03,28.86,72,Verkoopboek abonnementen,22004
AB001500,C10036,2016-10-03,72.54,72,Verkoopboek abonnementen,22005
AB001501,C10037,2016-10-03,28.86,72,Verkoopboek abonnementen,22006
AB001502,C10041,2016-10-03,72.54,72,Verkoopboek abonnementen,22007
AB001503,C10043,2016-10-03,36.24,72,Verkoopboek abonnementen,22008
AB001504,C10044,2016-10-03,870.47,72,Verkoopboek abonnementen,22009
AB001505,C10046,2016-10-03,42.35,72,Verkoopboek abonnementen,22010
AB001506,C10047,2016-10-03,181.32,72,Verkoopboek abonnementen,22011
AB001507,C10049,2016-10-03,115.43,72,Verkoopboek abonnementen,22012
AB001509,C10052,2016-10-03,36.24,72,Verkoopboek abonnementen,22014
AB001510,C10054,2016-10-03,36.24,72,Verkoopboek abonnementen,22015
AB001511,C10054,2016-10-03,217.62,72,Verkoopboek abonnementen,22016
AB001512,C10056,2016-10-03,72.54,72,Verkoopboek abonnementen,22017
AB001513,C10058,2016-10-03,137.58,72,Verkoopboek abonnementen,22018
AB001515,C10060,2016-10-03,28.86,72,Verkoopboek abonnementen,22020
AB001516,C10062,2016-10-03,72.54,72,Verkoopboek abonnementen,22021
AB001517,C10063,2016-10-03,82.16,72,Verkoopboek abonnementen,22022
AB001518,C10064,2016-10-03,72.54,72,Verkoopboek abonnementen,22023
AB001519,C10065,2016-10-03,60.44,72,Verkoopboek abonnementen,22024
AB001520,C10065,2016-10-03,120.88,72,Verkoopboek abonnementen,22025
AB001521,C10067,2016-10-03,72.54,72,Verkoopboek abonnementen,22026
AB001522,C10068,2016-10-03,36.24,72,Verkoopboek abonnementen,22027
AB001523,C10071,2016-10-03,72.54,72,Verkoopboek abonnementen,22028
AB001524,C10074,2016-10-03,72.54,72,Verkoopboek abonnementen,22029
AB001525,C10076,2016-10-03,42.35,72,Verkoopboek abonnementen,22030
AB001526,C10080,2016-10-03,308.37,72,Verkoopboek abonnementen,22031
AB001527,C10083,2016-10-03,72.54,72,Verkoopboek abonnementen,22032
AB001528,C10084,2016-10-03,72.54,72,Verkoopboek abonnementen,22033
AB001529,C10084,2016-10-03,72.54,72,Verkoopboek abonnementen,22034
AB001530,C10086,2016-10-03,72.54,72,Verkoopboek abonnementen,22035
AB001531,C10087,2016-10-03,72.54,72,Verkoopboek abonnementen,22036
AB001532,C10089,2016-10-03,72.54,72,Verkoopboek abonnementen,22037
AB001533,C10094,2016-10-03,72.54,72,Verkoopboek abonnementen,22038
AB001534,C10099,2016-10-03,72.54,72,Verkoopboek abonnementen,22039
AB001535,C10101,2016-10-03,870.47,72,Verkoopboek abonnementen,22040
AB001536,C10102,2016-10-03,82.16,72,Verkoopboek abonnementen,22041
AB001537,C10105,2016-10-03,72.54,72,Verkoopboek abonnementen,22042
AB001538,C10106,2016-10-03,82.16,72,Verkoopboek abonnementen,22043
AB001539,C10107,2016-10-03,82.16,72,Verkoopboek abonnementen,22044
AB001540,C10107,2016-10-03,42.35,72,Verkoopboek abonnementen,22045
AB001541,C10107,2016-10-03,60.44,72,Verkoopboek abonnementen,22046
AB001542,C10113,2016-10-03,70.06,72,Verkoopboek abonnementen,22047
AB001543,C10116,2016-10-03,72.54,72,Verkoopboek abonnementen,22048
AB001544,C10117,2016-10-03,127.05,72,Verkoopboek abonnementen,22049
AB001546,C10121,2016-10-03,72.54,72,Verkoopboek abonnementen,22051
AB001547,C10122,2016-10-03,60.44,72,Verkoopboek abonnementen,22052
AB001548,C10129,2016-10-03,42.35,72,Verkoopboek abonnementen,22053
AB001550,C10132,2016-10-03,72.54,72,Verkoopboek abonnementen,22055
AB001552,C10135,2016-10-03,82.16,72,Verkoopboek abonnementen,22057
AB001553,C10136,2016-10-03,72.54,72,Verkoopboek abonnementen,22058
AB001554,C10139,2016-10-03,72.54,72,Verkoopboek abonnementen,22059
AB001555,C10140,2016-10-03,72.54,72,Verkoopboek abonnementen,22060
AB001556,C10140,2016-10-03,28.86,72,Verkoopboek abonnementen,22061
AB001557,C10142,2016-10-03,115.43,72,Verkoopboek abonnementen,22062
AB001558,C10143,2016-10-03,60.44,72,Verkoopboek abonnementen,22063
AB001559,C10144,2016-10-03,72.54,72,Verkoopboek abonnementen,22064
AB001560,C10149,2016-10-03,60.44,72,Verkoopboek abonnementen,22065
AB001561,C10150,2016-10-03,60.44,72,Verkoopboek abonnementen,22066
AB001562,C10151,2016-10-03,72.54,72,Verkoopboek abonnementen,22067
AB001563,C10156,2016-10-03,72.54,72,Verkoopboek abonnementen,22068
AB001564,C10157,2016-10-03,82.16,72,Verkoopboek abonnementen,22069
AB001565,C10162,2016-10-03,82.16,72,Verkoopboek abonnementen,22070
AB001566,C10162,2016-10-03,60.44,72,Verkoopboek abonnementen,22071
AB001568,C10170,2016-10-03,28.86,72,Verkoopboek abonnementen,22073
AB001569,C10173,2016-10-03,28.86,72,Verkoopboek abonnementen,22074
AB001570,C10176,2016-10-03,42.35,72,Verkoopboek abonnementen,22075
AB001571,C10181,2016-10-03,82.16,72,Verkoopboek abonnementen,22076
AB001572,C10185,2016-10-03,72.54,72,Verkoopboek abonnementen,22077
AB001573,C10186,2016-10-03,60.44,72,Verkoopboek abonnementen,22078
AB001574,C10005,2016-11-01,112.41,72,Verkoopboek abonnementen,22910
AB001575,C10007,2016-11-01,82.16,72,Verkoopboek abonnementen,22911
AB001576,C10009,2016-11-01,9.62,72,Verkoopboek abonnementen,22912
AB001578,C10012,2016-11-01,72.54,72,Verkoopboek abonnementen,22914
AB001579,C10013,2016-11-01,362.64,72,Verkoopboek abonnementen,22915
AB001580,C10018,2016-11-01,1028.5,72,Verkoopboek abonnementen,22916
AB001581,C10020,2016-11-01,72.54,72,Verkoopboek abonnementen,22917
AB001582,C10020,2016-11-01,72.54,72,Verkoopboek abonnementen,22918
AB001583,C10021,2016-11-01,60.44,72,Verkoopboek abonnementen,22919
AB001584,C10027,2016-11-01,72.54,72,Verkoopboek abonnementen,22920
AB001585,C10028,2016-11-01,82.16,72,Verkoopboek abonnementen,22921
AB001586,C10029,2016-11-01,42.35,72,Verkoopboek abonnementen,22922
AB001587,C10030,2016-11-01,82.16,72,Verkoopboek abonnementen,22923
AB001588,C10036,2016-11-01,72.54,72,Verkoopboek abonnementen,22924
AB001589,C10041,2016-11-01,72.54,72,Verkoopboek abonnementen,22925
AB001590,C10043,2016-11-01,36.24,72,Verkoopboek abonnementen,22926
AB001591,C10044,2016-11-01,72.54,72,Verkoopboek abonnementen,22927
AB001592,C10046,2016-11-01,42.35,72,Verkoopboek abonnementen,22928
AB001594,C10052,2016-11-01,36.24,72,Verkoopboek abonnementen,22930
AB001595,C10054,2016-11-01,36.24,72,Verkoopboek abonnementen,22931
AB001596,C10056,2016-11-01,72.54,72,Verkoopboek abonnementen,22932
AB001598,C10059,2016-11-01,362.64,72,Verkoopboek abonnementen,22934
AB001599,C10062,2016-11-01,72.54,72,Verkoopboek abonnementen,22935
AB001600,C10063,2016-11-01,82.16,72,Verkoopboek abonnementen,22936
AB001601,C10064,2016-11-01,72.54,72,Verkoopboek abonnementen,22937
AB001602,C10065,2016-11-01,60.44,72,Verkoopboek abonnementen,22938
AB001603,C10065,2016-11-01,60.44,72,Verkoopboek abonnementen,22939
AB001604,C10066,2016-11-01,199.65,72,Verkoopboek abonnementen,22940
AB001605,C10067,2016-11-01,72.54,72,Verkoopboek abonnementen,22941
AB001606,C10068,2016-11-01,36.24,72,Verkoopboek abonnementen,22942
AB001607,C10071,2016-11-01,72.54,72,Verkoopboek abonnementen,22943
AB001608,C10072,2016-11-01,127.05,72,Verkoopboek abonnementen,22944
AB001609,C10073,2016-11-01,870.47,72,Verkoopboek abonnementen,22945
AB001610,C10074,2016-11-01,72.54,72,Verkoopboek abonnementen,22946
AB001611,C10076,2016-11-01,42.35,72,Verkoopboek abonnementen,22947
AB001612,C10076,2016-11-01,127.05,72,Verkoopboek abonnementen,22948
AB001613,C10080,2016-11-01,508.2,72,Verkoopboek abonnementen,22949
AB001614,C10083,2016-11-01,28.86,72,Verkoopboek abonnementen,22950
AB001615,C10083,2016-11-01,72.54,72,Verkoopboek abonnementen,22951
AB001616,C10084,2016-11-01,72.54,72,Verkoopboek abonnementen,22952
AB001617,C10084,2016-11-01,72.54,72,Verkoopboek abonnementen,22953
AB001618,C10086,2016-11-01,72.54,72,Verkoopboek abonnementen,22954
AB001619,C10087,2016-11-01,72.54,72,Verkoopboek abonnementen,22955
AB001620,C10089,2016-11-01,72.54,72,Verkoopboek abonnementen,22956
AB001621,C10094,2016-11-01,72.54,72,Verkoopboek abonnementen,22957
AB001622,C10096,2016-11-01,870.47,72,Verkoopboek abonnementen,22958
AB001623,C10099,2016-11-01,72.54,72,Verkoopboek abonnementen,22959
AB001624,C10100,2016-11-01,217.62,72,Verkoopboek abonnementen,22960
AB001625,C10101,2016-11-01,72.54,72,Verkoopboek abonnementen,22961
AB001626,C10102,2016-11-01,82.16,72,Verkoopboek abonnementen,22962
AB001627,C10105,2016-11-01,72.54,72,Verkoopboek abonnementen,22963
AB001628,C10106,2016-11-01,82.16,72,Verkoopboek abonnementen,22964
AB001629,C10107,2016-11-01,82.16,72,Verkoopboek abonnementen,22965
AB001630,C10107,2016-11-01,42.35,72,Verkoopboek abonnementen,22966
AB001631,C10107,2016-11-01,60.44,72,Verkoopboek abonnementen,22967
AB001632,C10113,2016-11-01,70.06,72,Verkoopboek abonnementen,22968
AB001633,C10116,2016-11-01,72.54,72,Verkoopboek abonnementen,22969
AB001635,C10121,2016-11-01,72.54,72,Verkoopboek abonnementen,22971
AB001636,C10122,2016-11-01,60.44,72,Verkoopboek abonnementen,22972
AB001637,C10129,2016-11-01,181.32,72,Verkoopboek abonnementen,22973
AB001638,C10129,2016-11-01,42.35,72,Verkoopboek abonnementen,22974
AB001640,C10132,2016-11-01,72.54,72,Verkoopboek abonnementen,22976
AB001642,C10135,2016-11-01,82.16,72,Verkoopboek abonnementen,22978
AB001643,C10136,2016-11-01,72.54,72,Verkoopboek abonnementen,22979
AB001644,C10139,2016-11-01,72.54,72,Verkoopboek abonnementen,22980
AB001645,C10140,2016-11-01,72.54,72,Verkoopboek abonnementen,22981
AB001646,C10143,2016-11-01,60.44,72,Verkoopboek abonnementen,22982
AB001647,C10143,2016-11-01,28.86,72,Verkoopboek abonnementen,22983
AB001648,C10144,2016-11-01,72.54,72,Verkoopboek abonnementen,22984
AB001649,C10149,2016-11-01,60.44,72,Verkoopboek abonnementen,22985
AB001650,C10150,2016-11-01,60.44,72,Verkoopboek abonnementen,22986
AB001651,C10151,2016-11-01,72.54,72,Verkoopboek abonnementen,22987
AB001652,C10153,2016-11-01,127.05,72,Verkoopboek abonnementen,22988
AB001653,C10156,2016-11-01,72.54,72,Verkoopboek abonnementen,22989
AB001654,C10157,2016-11-01,82.16,72,Verkoopboek abonnementen,22990
AB001655,C10162,2016-11-01,82.16,72,Verkoopboek abonnementen,22991
AB001656,C10162,2016-11-01,60.44,72,Verkoopboek abonnementen,22992
AB001657,C10169,2016-11-01,28.86,72,Verkoopboek abonnementen,22993
AB001658,C10176,2016-11-01,42.35,72,Verkoopboek abonnementen,22994
AB001659,C10179,2016-11-01,308.37,72,Verkoopboek abonnementen,22995
AB001660,C10181,2016-11-01,82.16,72,Verkoopboek abonnementen,22996
AB001661,C10183,2016-11-01,28.86,72,Verkoopboek abonnementen,22997
AB001662,C10185,2016-11-01,72.54,72,Verkoopboek abonnementen,22998
AB001663,C10186,2016-11-01,60.44,72,Verkoopboek abonnementen,22999
AB001664,C10005,2016-12-01,112.41,72,Verkoopboek abonnementen,23847
AB001665,C10007,2016-12-01,82.16,72,Verkoopboek abonnementen,23848
AB001666,C10009,2016-12-01,9.62,72,Verkoopboek abonnementen,23849
AB001668,C10012,2016-12-01,72.54,72,Verkoopboek abonnementen,23851
AB001669,C10018,2016-12-01,1028.5,72,Verkoopboek abonnementen,23852
AB001670,C10020,2016-12-01,72.54,72,Verkoopboek abonnementen,23853
AB001671,C10020,2016-12-01,72.54,72,Verkoopboek abonnementen,23854
AB001672,C10021,2016-12-01,60.44,72,Verkoopboek abonnementen,23855
AB001673,C10024,2016-12-01,870.47,72,Verkoopboek abonnementen,23856
AB001674,C10027,2016-12-01,72.54,72,Verkoopboek abonnementen,23857
AB001675,C10027,2016-12-01,115.43,72,Verkoopboek abonnementen,23858
AB001676,C10028,2016-12-01,82.16,72,Verkoopboek abonnementen,23859
AB001677,C10029,2016-12-01,42.35,72,Verkoopboek abonnementen,23860
AB001678,C10029,2016-12-01,127.05,72,Verkoopboek abonnementen,23861
AB001679,C10030,2016-12-01,82.16,72,Verkoopboek abonnementen,23862
AB001680,C10036,2016-12-01,72.54,72,Verkoopboek abonnementen,23863
AB001681,C10041,2016-12-01,72.54,72,Verkoopboek abonnementen,23864
AB001682,C10043,2016-12-01,36.24,72,Verkoopboek abonnementen,23865
AB001683,C10044,2016-12-01,72.54,72,Verkoopboek abonnementen,23866
AB001684,C10046,2016-12-01,42.35,72,Verkoopboek abonnementen,23867
AB001686,C10052,2016-12-01,36.24,72,Verkoopboek abonnementen,23869
AB001687,C10053,2016-12-01,28.86,72,Verkoopboek abonnementen,23870
AB001688,C10054,2016-12-01,36.24,72,Verkoopboek abonnementen,23871
AB001689,C10056,2016-12-01,72.54,72,Verkoopboek abonnementen,23872
AB001691,C10062,2016-12-01,72.54,72,Verkoopboek abonnementen,23874
AB001692,C10063,2016-12-01,82.16,72,Verkoopboek abonnementen,23875
AB001693,C10064,2016-12-01,72.54,72,Verkoopboek abonnementen,23876
AB001694,C10065,2016-12-01,60.44,72,Verkoopboek abonnementen,23877
AB001695,C10065,2016-12-01,60.44,72,Verkoopboek abonnementen,23878
AB001696,C10067,2016-12-01,72.54,72,Verkoopboek abonnementen,23879
AB001697,C10068,2016-12-01,36.24,72,Verkoopboek abonnementen,23880
AB001698,C10071,2016-12-01,72.54,72,Verkoopboek abonnementen,23881
AB001699,C10073,2016-12-01,72.54,72,Verkoopboek abonnementen,23882
AB001700,C10074,2016-12-01,72.54,72,Verkoopboek abonnementen,23883
AB001701,C10076,2016-12-01,42.35,72,Verkoopboek abonnementen,23884
AB001702,C10080,2016-12-01,42.35,72,Verkoopboek abonnementen,23885
AB001703,C10083,2016-12-01,72.54,72,Verkoopboek abonnementen,23886
AB001704,C10084,2016-12-01,72.54,72,Verkoopboek abonnementen,23887
AB001705,C10084,2016-12-01,72.54,72,Verkoopboek abonnementen,23888
AB001706,C10085,2016-12-01,28.86,72,Verkoopboek abonnementen,23889
AB001707,C10086,2016-12-01,72.54,72,Verkoopboek abonnementen,23890
AB001708,C10087,2016-12-01,72.54,72,Verkoopboek abonnementen,23891
AB001709,C10089,2016-12-01,72.54,72,Verkoopboek abonnementen,23892
AB001710,C10090,2016-12-01,217.62,72,Verkoopboek abonnementen,23893
AB001711,C10094,2016-12-01,72.54,72,Verkoopboek abonnementen,23894
AB001712,C10095,2016-12-01,127.05,72,Verkoopboek abonnementen,23895
AB001713,C10096,2016-12-01,72.54,72,Verkoopboek abonnementen,23896
AB001714,C10099,2016-12-01,72.54,72,Verkoopboek abonnementen,23897
AB001715,C10099,2016-12-01,127.05,72,Verkoopboek abonnementen,23898
AB001716,C10100,2016-12-01,870.47,72,Verkoopboek abonnementen,23899
AB001717,C10101,2016-12-01,72.54,72,Verkoopboek abonnementen,23900
AB001718,C10102,2016-12-01,82.16,72,Verkoopboek abonnementen,23901
AB001719,C10105,2016-12-01,72.54,72,Verkoopboek abonnementen,23902
AB001720,C10106,2016-12-01,82.16,72,Verkoopboek abonnementen,23903
AB001721,C10107,2016-12-01,82.16,72,Verkoopboek abonnementen,23904
AB001722,C10107,2016-12-01,42.35,72,Verkoopboek abonnementen,23905
AB001723,C10107,2016-12-01,60.44,72,Verkoopboek abonnementen,23906
AB001724,C10108,2016-12-01,28.86,72,Verkoopboek abonnementen,23907
AB001725,C10108,2016-12-01,120.88,72,Verkoopboek abonnementen,23908
AB001726,C10113,2016-12-01,70.06,72,Verkoopboek abonnementen,23909
AB001727,C10113,2016-12-01,28.86,72,Verkoopboek abonnementen,23910
AB001728,C10116,2016-12-01,72.54,72,Verkoopboek abonnementen,23911
AB001730,C10121,2016-12-01,72.54,72,Verkoopboek abonnementen,23913
AB001731,C10122,2016-12-01,60.44,72,Verkoopboek abonnementen,23914
AB001732,C10129,2016-12-01,115.43,72,Verkoopboek abonnementen,23915
AB001733,C10129,2016-12-01,42.35,72,Verkoopboek abonnementen,23916
AB001735,C10132,2016-12-01,72.54,72,Verkoopboek abonnementen,23918
AB001737,C10135,2016-12-01,82.16,72,Verkoopboek abonnementen,23920
AB001738,C10136,2016-12-01,72.54,72,Verkoopboek abonnementen,23921
AB001739,C10139,2016-12-01,72.54,72,Verkoopboek abonnementen,23922
AB001740,C10140,2016-12-01,72.54,72,Verkoopboek abonnementen,23923
AB001741,C10142,2016-12-01,120.88,72,Verkoopboek abonnementen,23924
AB001742,C10143,2016-12-01,60.44,72,Verkoopboek abonnementen,23925
AB001743,C10144,2016-12-01,72.54,72,Verkoopboek abonnementen,23926
AB001744,C10145,2016-12-01,28.86,72,Verkoopboek abonnementen,23927
AB001745,C10146,2016-12-01,398.94,72,Verkoopboek abonnementen,23928
AB001747,C10149,2016-12-01,60.44,72,Verkoopboek abonnementen,23930
AB001748,C10150,2016-12-01,60.44,72,Verkoopboek abonnementen,23931
AB001749,C10151,2016-12-01,72.54,72,Verkoopboek abonnementen,23932
AB001750,C10156,2016-12-01,72.54,72,Verkoopboek abonnementen,23933
AB001752,C10157,2016-12-01,82.16,72,Verkoopboek abonnementen,23935
AB001753,C10159,2016-12-01,308.37,72,Verkoopboek abonnementen,23936
AB001754,C10162,2016-12-01,82.16,72,Verkoopboek abonnementen,23937
AB001755,C10162,2016-12-01,60.44,72,Verkoopboek abonnementen,23938
AB001756,C10176,2016-12-01,42.35,72,Verkoopboek abonnementen,23939
AB001757,C10181,2016-12-01,82.16,72,Verkoopboek abonnementen,23940
AB001758,C10185,2016-12-01,72.54,72,Verkoopboek abonnementen,23941
AB001759,C10186,2016-12-01,60.44,72,Verkoopboek abonnementen,23942
CU000538,C10050,2016-01-25,907.5,73,Verkoopboek cursusadministratie,14718
CU000539,C10186,2016-01-25,907.5,73,Verkoopboek cursusadministratie,14719
CU000540,C10006,2016-01-25,955.9,73,Verkoopboek cursusadministratie,14720
CU000541,C10007,2016-01-25,477.95,73,Verkoopboek cursusadministratie,14721
CU000542,C10018,2016-01-25,907.5,73,Verkoopboek cursusadministratie,14722
CU000543,C10021,2016-01-25,477.95,73,Verkoopboek cursusadministratie,14723
CU000544,C10002,2016-01-25,907.5,73,Verkoopboek cursusadministratie,14724
CU000545,C10026,2016-01-25,477.95,73,Verkoopboek cursusadministratie,14725
CU000546,C10027,2016-01-25,955.9,73,Verkoopboek cursusadministratie,14726
CU000547,C10032,2016-01-25,1385.45,73,Verkoopboek cursusadministratie,14727
CU000548,C10033,2016-01-25,477.95,73,Verkoopboek cursusadministratie,14728
CU000549,C10034,2016-01-25,477.95,73,Verkoopboek cursusadministratie,14729
CU000550,C10035,2016-01-25,477.95,73,Verkoopboek cursusadministratie,14730
CU000551,C10036,2016-01-25,907.5,73,Verkoopboek cursusadministratie,14731
CU000552,C10037,2016-01-25,955.9,73,Verkoopboek cursusadministratie,14732
CU000553,C10040,2016-01-25,1433.85,73,Verkoopboek cursusadministratie,14733
CU000554,C10042,2016-01-25,955.9,73,Verkoopboek cursusadministratie,14734
CU000555,C10045,2016-01-25,955.9,73,Verkoopboek cursusadministratie,14735
CU000556,C10046,2016-01-25,477.95,73,Verkoopboek cursusadministratie,14736
CU000557,C10048,2016-01-25,2292.95,73,Verkoopboek cursusadministratie,14737
CU000558,C10049,2016-01-25,1863.4,73,Verkoopboek cursusadministratie,14738
CU000559,C10003,2016-01-25,1863.4,73,Verkoopboek cursusadministratie,14739
CU000560,C10052,2016-01-25,955.9,73,Verkoopboek cursusadministratie,14740
CU000561,C10053,2016-01-25,477.95,73,Verkoopboek cursusadministratie,14741
CU000562,C10054,2016-01-25,477.95,73,Verkoopboek cursusadministratie,14742
CU000563,C10059,2016-01-25,477.95,73,Verkoopboek cursusadministratie,14743
CU000564,C10060,2016-01-25,477.95,73,Verkoopboek cursusadministratie,14744
CU000565,C10061,2016-01-25,477.95,73,Verkoopboek cursusadministratie,14745
CU000566,C10074,2016-01-25,477.95,73,Verkoopboek cursusadministratie,14746
CU000567,C10075,2016-01-25,477.95,73,Verkoopboek cursusadministratie,14747
CU000568,C10076,2016-01-25,477.95,73,Verkoopboek cursusadministratie,14748
CU000569,C10081,2016-01-25,477.95,73,Verkoopboek cursusadministratie,14749
CU000570,C10087,2016-01-25,907.5,73,Verkoopboek cursusadministratie,14750
CU000571,C10095,2016-01-25,477.95,73,Verkoopboek cursusadministratie,14751
CU000572,C10098,2016-01-25,955.9,73,Verkoopboek cursusadministratie,14752
CU000573,C10119,2016-01-25,477.95,73,Verkoopboek cursusadministratie,14753
CU000574,C10140,2016-01-25,907.5,73,Verkoopboek cursusadministratie,14754
CU000575,C10145,2016-01-25,477.95,73,Verkoopboek cursusadministratie,14755
CU000576,C10147,2016-01-25,955.9,73,Verkoopboek cursusadministratie,14756
CU000577,C10157,2016-01-25,477.95,73,Verkoopboek cursusadministratie,14757
CU000578,C10160,2016-01-25,477.95,73,Verkoopboek cursusadministratie,14758
CU000579,C10183,2016-01-25,477.95,73,Verkoopboek cursusadministratie,14759
CU000580,C10186,2016-02-26,477.95,73,Verkoopboek cursusadministratie,15379
CU000581,C10006,2016-02-26,477.95,73,Verkoopboek cursusadministratie,15380
CU000582,C10007,2016-02-26,1191.85,73,Verkoopboek cursusadministratie,15381
CU000583,C10011,2016-02-26,955.9,73,Verkoopboek cursusadministratie,15382
CU000584,C10013,2016-02-26,477.95,73,Verkoopboek cursusadministratie,15383
CU000585,C10015,2016-02-26,1082.95,73,Verkoopboek cursusadministratie,15384
CU000586,C10018,2016-02-26,853.05,73,Verkoopboek cursusadministratie,15385
CU000587,C10021,2016-02-26,955.9,73,Verkoopboek cursusadministratie,15386
CU000588,C10022,2016-02-26,477.95,73,Verkoopboek cursusadministratie,15387
CU000589,C10027,2016-02-26,1095.05,73,Verkoopboek cursusadministratie,15388
CU000590,C10028,2016-02-26,1191.85,73,Verkoopboek cursusadministratie,15389
CU000591,C10029,2016-02-26,1331,73,Verkoopboek cursusadministratie,15390
CU000592,C10032,2016-02-26,2764.85,73,Verkoopboek cursusadministratie,15391
CU000593,C10034,2016-02-26,2426.05,73,Verkoopboek cursusadministratie,15392
CU000594,C10035,2016-02-26,1082.95,73,Verkoopboek cursusadministratie,15393
CU000595,C10036,2016-02-26,477.95,73,Verkoopboek cursusadministratie,15394
CU000596,C10037,2016-02-26,3406.15,73,Verkoopboek cursusadministratie,15395
CU000597,C10038,2016-02-26,1808.95,73,Verkoopboek cursusadministratie,15396
CU000598,C10039,2016-02-26,477.95,73,Verkoopboek cursusadministratie,15397
CU000599,C10040,2016-02-26,1808.95,73,Verkoopboek cursusadministratie,15398
CU000600,C10042,2016-02-26,853.05,73,Verkoopboek cursusadministratie,15399
CU000601,C10044,2016-02-26,3617.9,73,Verkoopboek cursusadministratie,15400
CU000602,C10045,2016-02-26,1191.85,73,Verkoopboek cursusadministratie,15401
CU000603,C10046,2016-02-26,2655.95,73,Verkoopboek cursusadministratie,15402
CU000604,C10047,2016-02-26,1191.85,73,Verkoopboek cursusadministratie,15403
CU000605,C10048,2016-02-26,1095.05,73,Verkoopboek cursusadministratie,15404
CU000606,C10003,2016-02-26,477.95,73,Verkoopboek cursusadministratie,15405
CU000607,C10052,2016-02-26,2274.8,73,Verkoopboek cursusadministratie,15406
CU000608,C10053,2016-02-26,3605.8,73,Verkoopboek cursusadministratie,15407
CU000609,C10055,2016-02-26,1155.55,73,Verkoopboek cursusadministratie,15408
CU000610,C10058,2016-02-26,477.95,73,Verkoopboek cursusadministratie,15409
CU000611,C10059,2016-02-26,1808.95,73,Verkoopboek cursusadministratie,15410
CU000612,C10062,2016-02-26,2383.7,73,Verkoopboek cursusadministratie,15411
CU000613,C10064,2016-02-26,1560.9,73,Verkoopboek cursusadministratie,15412
CU000614,C10005,2016-02-26,853.05,73,Verkoopboek cursusadministratie,15413
CU000615,C10069,2016-02-26,477.95,73,Verkoopboek cursusadministratie,15414
CU000616,C10071,2016-02-26,1095.05,73,Verkoopboek cursusadministratie,15415
CU000617,C10073,2016-02-26,477.95,73,Verkoopboek cursusadministratie,15416
CU000618,C10074,2016-02-26,477.95,73,Verkoopboek cursusadministratie,15417
CU000619,C10076,2016-02-26,853.05,73,Verkoopboek cursusadministratie,15418
CU000620,C10077,2016-02-26,853.05,73,Verkoopboek cursusadministratie,15419
CU000621,C10078,2016-02-26,477.95,73,Verkoopboek cursusadministratie,15420
CU000622,C10082,2016-02-26,853.05,73,Verkoopboek cursusadministratie,15421
CU000623,C10087,2016-02-26,1095.05,73,Verkoopboek cursusadministratie,15422
CU000624,C10102,2016-02-26,853.05,73,Verkoopboek cursusadministratie,15423
CU000625,C10103,2016-02-26,477.95,73,Verkoopboek cursusadministratie,15424
CU000626,C10112,2016-02-26,477.95,73,Verkoopboek cursusadministratie,15425
CU000627,C10113,2016-02-26,477.95,73,Verkoopboek cursusadministratie,15426
CU000628,C10119,2016-02-26,2625.7,73,Verkoopboek cursusadministratie,15427
CU000629,C10122,2016-02-26,1633.5,73,Verkoopboek cursusadministratie,15428
CU000630,C10123,2016-02-26,853.05,73,Verkoopboek cursusadministratie,15429
CU000631,C10124,2016-02-26,1331,73,Verkoopboek cursusadministratie,15430
CU000632,C10131,2016-02-26,477.95,73,Verkoopboek cursusadministratie,15431
CU000633,C10135,2016-02-26,477.95,73,Verkoopboek cursusadministratie,15432
CU000634,C10136,2016-02-26,1155.55,73,Verkoopboek cursusadministratie,15433
CU000635,C10142,2016-02-26,477.95,73,Verkoopboek cursusadministratie,15434
CU000636,C10152,2016-02-26,477.95,73,Verkoopboek cursusadministratie,15435
CU000637,C10156,2016-02-26,1082.95,73,Verkoopboek cursusadministratie,15436
CU000638,C10157,2016-02-26,1633.5,73,Verkoopboek cursusadministratie,15437
CU000639,C10167,2016-02-26,1082.95,73,Verkoopboek cursusadministratie,15438
CU000640,C10170,2016-02-26,477.95,73,Verkoopboek cursusadministratie,15439
CU000641,C10176,2016-02-26,477.95,73,Verkoopboek cursusadministratie,15440
CU000642,C10178,2016-02-26,477.95,73,Verkoopboek cursusadministratie,15441
CU000643,C10179,2016-02-26,477.95,73,Verkoopboek cursusadministratie,15442
CU000644,C10181,2016-02-26,1155.55,73,Verkoopboek cursusadministratie,15443
CU000645,C10182,2016-02-26,1155.55,73,Verkoopboek cursusadministratie,15444
CU000646,C10183,2016-02-26,477.95,73,Verkoopboek cursusadministratie,15445
CU000647,C10050,2016-03-18,907.5,73,Verkoopboek cursusadministratie,16073
CU000648,C10020,2016-03-18,1191.85,73,Verkoopboek cursusadministratie,16074
CU000649,C10002,2016-03-18,4343.9,73,Verkoopboek cursusadministratie,16075
CU000650,C10027,2016-03-18,907.5,73,Verkoopboek cursusadministratie,16076
CU000651,C10028,2016-03-18,853.05,73,Verkoopboek cursusadministratie,16077
CU000652,C10029,2016-03-18,1082.95,73,Verkoopboek cursusadministratie,16078
CU000653,C10034,2016-03-18,2044.9,73,Verkoopboek cursusadministratie,16079
CU000654,C10035,2016-03-18,1107.15,73,Verkoopboek cursusadministratie,16080
CU000655,C10036,2016-03-18,1760.55,73,Verkoopboek cursusadministratie,16081
CU000656,C10037,2016-03-18,907.5,73,Verkoopboek cursusadministratie,16082
CU000657,C10038,2016-03-18,1331,73,Verkoopboek cursusadministratie,16083
CU000658,C10039,2016-03-18,2238.5,73,Verkoopboek cursusadministratie,16084
CU000659,C10040,2016-03-18,2190.1,73,Verkoopboek cursusadministratie,16085
CU000660,C10042,2016-03-18,907.5,73,Verkoopboek cursusadministratie,16086
CU000661,C10047,2016-03-18,853.05,73,Verkoopboek cursusadministratie,16087
CU000662,C10049,2016-03-18,1082.95,73,Verkoopboek cursusadministratie,16088
CU000663,C10051,2016-03-18,853.05,73,Verkoopboek cursusadministratie,16089
CU000664,C10052,2016-03-18,1082.95,73,Verkoopboek cursusadministratie,16090
CU000665,C10053,2016-03-18,853.05,73,Verkoopboek cursusadministratie,16091
CU000666,C10054,2016-03-18,2184.05,73,Verkoopboek cursusadministratie,16092
CU000667,C10058,2016-03-18,2522.85,73,Verkoopboek cursusadministratie,16093
CU000668,C10062,2016-03-18,1191.85,73,Verkoopboek cursusadministratie,16094
CU000669,C10065,2016-03-18,907.5,73,Verkoopboek cursusadministratie,16095
CU000670,C10067,2016-03-18,1760.55,73,Verkoopboek cursusadministratie,16096
CU000671,C10005,2016-03-18,1990.45,73,Verkoopboek cursusadministratie,16097
CU000672,C10069,2016-03-18,853.05,73,Verkoopboek cursusadministratie,16098
CU000673,C10071,2016-03-18,1082.95,73,Verkoopboek cursusadministratie,16099
CU000674,C10073,2016-03-18,2867.7,73,Verkoopboek cursusadministratie,16100
CU000675,C10075,2016-03-18,2044.9,73,Verkoopboek cursusadministratie,16101
CU000676,C10079,2016-03-18,1082.95,73,Verkoopboek cursusadministratie,16102
CU000677,C10093,2016-03-18,1107.15,73,Verkoopboek cursusadministratie,16103
CU000678,C10094,2016-03-18,853.05,73,Verkoopboek cursusadministratie,16104
CU000679,C10097,2016-03-18,1331,73,Verkoopboek cursusadministratie,16105
CU000680,C10105,2016-03-18,907.5,73,Verkoopboek cursusadministratie,16106
CU000681,C10123,2016-03-18,1331,73,Verkoopboek cursusadministratie,16107
CU000682,C10135,2016-03-18,907.5,73,Verkoopboek cursusadministratie,16108
CU000683,C10136,2016-03-18,853.05,73,Verkoopboek cursusadministratie,16109
CU000684,C10142,2016-03-18,907.5,73,Verkoopboek cursusadministratie,16110
CU000685,C10146,2016-03-18,853.05,73,Verkoopboek cursusadministratie,16111
CU000686,C10153,2016-03-18,907.5,73,Verkoopboek cursusadministratie,16112
CU000687,C10178,2016-03-18,3630,73,Verkoopboek cursusadministratie,16113
CU000688,C10182,2016-03-18,907.5,73,Verkoopboek cursusadministratie,16114
CU000689,C10050,2016-04-29,1433.85,73,Verkoopboek cursusadministratie,17663
CU000690,C10186,2016-04-29,477.95,73,Verkoopboek cursusadministratie,17664
CU000691,C10009,2016-04-29,477.95,73,Verkoopboek cursusadministratie,17665
CU000692,C10010,2016-04-29,955.9,73,Verkoopboek cursusadministratie,17666
CU000693,C10011,2016-04-29,477.95,73,Verkoopboek cursusadministratie,17667
CU000694,C10020,2016-04-29,477.95,73,Verkoopboek cursusadministratie,17668
CU000695,C10022,2016-04-29,477.95,73,Verkoopboek cursusadministratie,17669
CU000696,C10002,2016-04-29,477.95,73,Verkoopboek cursusadministratie,17670
CU000697,C10027,2016-04-29,477.95,73,Verkoopboek cursusadministratie,17671
CU000698,C10028,2016-04-29,477.95,73,Verkoopboek cursusadministratie,17672
CU000699,C10032,2016-04-29,1433.85,73,Verkoopboek cursusadministratie,17673
CU000700,C10035,2016-04-29,955.9,73,Verkoopboek cursusadministratie,17674
CU000701,C10036,2016-04-29,1433.85,73,Verkoopboek cursusadministratie,17675
CU000702,C10038,2016-04-29,477.95,73,Verkoopboek cursusadministratie,17676
CU000703,C10040,2016-04-29,477.95,73,Verkoopboek cursusadministratie,17677
CU000704,C10042,2016-04-29,955.9,73,Verkoopboek cursusadministratie,17678
CU000705,C10043,2016-04-29,477.95,73,Verkoopboek cursusadministratie,17679
CU000706,C10046,2016-04-29,955.9,73,Verkoopboek cursusadministratie,17680
CU000707,C10048,2016-04-29,955.9,73,Verkoopboek cursusadministratie,17681
CU000708,C10049,2016-04-29,477.95,73,Verkoopboek cursusadministratie,17682
CU000709,C10003,2016-04-29,477.95,73,Verkoopboek cursusadministratie,17683
CU000710,C10060,2016-04-29,477.95,73,Verkoopboek cursusadministratie,17684
CU000711,C10062,2016-04-29,1433.85,73,Verkoopboek cursusadministratie,17685
CU000712,C10067,2016-04-29,477.95,73,Verkoopboek cursusadministratie,17686
CU000713,C10069,2016-04-29,477.95,73,Verkoopboek cursusadministratie,17687
CU000714,C10070,2016-04-29,477.95,73,Verkoopboek cursusadministratie,17688
CU000715,C10071,2016-04-29,477.95,73,Verkoopboek cursusadministratie,17689
CU000716,C10072,2016-04-29,477.95,73,Verkoopboek cursusadministratie,17690
CU000717,C10073,2016-04-29,477.95,73,Verkoopboek cursusadministratie,17691
CU000718,C10075,2016-04-29,477.95,73,Verkoopboek cursusadministratie,17692
CU000719,C10077,2016-04-29,477.95,73,Verkoopboek cursusadministratie,17693
CU000720,C10099,2016-04-29,477.95,73,Verkoopboek cursusadministratie,17694
CU000721,C10102,2016-04-29,477.95,73,Verkoopboek cursusadministratie,17695
CU000722,C10104,2016-04-29,477.95,73,Verkoopboek cursusadministratie,17696
CU000723,C10128,2016-04-29,477.95,73,Verkoopboek cursusadministratie,17697
CU000724,C10132,2016-04-29,477.95,73,Verkoopboek cursusadministratie,17698
CU000725,C10151,2016-04-29,477.95,73,Verkoopboek cursusadministratie,17699
CU000726,C10178,2016-04-29,955.9,73,Verkoopboek cursusadministratie,17700
CU000727,C10024,2016-05-31,907.5,73,Verkoopboek cursusadministratie,17701
CU000728,C10186,2016-05-31,477.95,73,Verkoopboek cursusadministratie,17702
CU000729,C10006,2016-05-31,955.9,73,Verkoopboek cursusadministratie,17703
CU000730,C10007,2016-05-31,477.95,73,Verkoopboek cursusadministratie,17704
CU000731,C10011,2016-05-31,477.95,73,Verkoopboek cursusadministratie,17705
CU000732,C10002,2016-05-31,477.95,73,Verkoopboek cursusadministratie,17706
CU000733,C10025,2016-05-31,955.9,73,Verkoopboek cursusadministratie,17707
CU000734,C10026,2016-05-31,477.95,73,Verkoopboek cursusadministratie,17708
CU000735,C10035,2016-05-31,477.95,73,Verkoopboek cursusadministratie,17709
CU000736,C10036,2016-05-31,955.9,73,Verkoopboek cursusadministratie,17710
CU000737,C10037,2016-05-31,477.95,73,Verkoopboek cursusadministratie,17711
CU000738,C10038,2016-05-31,907.5,73,Verkoopboek cursusadministratie,17712
CU000739,C10039,2016-05-31,955.9,73,Verkoopboek cursusadministratie,17713
CU000740,C10041,2016-05-31,477.95,73,Verkoopboek cursusadministratie,17714
CU000741,C10042,2016-05-31,477.95,73,Verkoopboek cursusadministratie,17715
CU000742,C10044,2016-05-31,477.95,73,Verkoopboek cursusadministratie,17716
CU000743,C10046,2016-05-31,477.95,73,Verkoopboek cursusadministratie,17717
CU000744,C10048,2016-05-31,2341.35,73,Verkoopboek cursusadministratie,17718
CU000745,C10003,2016-05-31,1385.45,73,Verkoopboek cursusadministratie,17719
CU000746,C10052,2016-05-31,907.5,73,Verkoopboek cursusadministratie,17720
CU000747,C10053,2016-05-31,477.95,73,Verkoopboek cursusadministratie,17721
CU000748,C10058,2016-05-31,955.9,73,Verkoopboek cursusadministratie,17722
CU000749,C10059,2016-05-31,907.5,73,Verkoopboek cursusadministratie,17723
CU000750,C10063,2016-05-31,1385.45,73,Verkoopboek cursusadministratie,17724
CU000751,C10065,2016-05-31,477.95,73,Verkoopboek cursusadministratie,17725
CU000752,C10066,2016-05-31,477.95,73,Verkoopboek cursusadministratie,17726
CU000753,C10067,2016-05-31,907.5,73,Verkoopboek cursusadministratie,17727
CU000754,C10069,2016-05-31,477.95,73,Verkoopboek cursusadministratie,17728
CU000755,C10072,2016-05-31,477.95,73,Verkoopboek cursusadministratie,17729
CU000756,C10077,2016-05-31,477.95,73,Verkoopboek cursusadministratie,17730
CU000757,C10079,2016-05-31,477.95,73,Verkoopboek cursusadministratie,17731
CU000758,C10081,2016-05-31,477.95,73,Verkoopboek cursusadministratie,17732
CU000759,C10095,2016-05-31,477.95,73,Verkoopboek cursusadministratie,17733
CU000760,C10125,2016-05-31,477.95,73,Verkoopboek cursusadministratie,17734
CU000761,C10137,2016-05-31,477.95,73,Verkoopboek cursusadministratie,17735
CU000762,C10139,2016-05-31,907.5,73,Verkoopboek cursusadministratie,17736
CU000763,C10140,2016-05-31,477.95,73,Verkoopboek cursusadministratie,17737
CU000764,C10142,2016-05-31,477.95,73,Verkoopboek cursusadministratie,17738
CU000765,C10178,2016-05-31,477.95,73,Verkoopboek cursusadministratie,17739
CU000766,C10182,2016-05-31,477.95,73,Verkoopboek cursusadministratie,17740
CU000767,C10183,2016-05-31,477.95,73,Verkoopboek cursusadministratie,17741
CU000768,C10050,2016-06-23,2426.05,73,Verkoopboek cursusadministratie,18633
CU000769,C10068,2016-06-23,1155.55,73,Verkoopboek cursusadministratie,18634
CU000770,C10010,2016-06-23,1082.95,73,Verkoopboek cursusadministratie,18635
CU000771,C10011,2016-06-23,1095.05,73,Verkoopboek cursusadministratie,18636
CU000772,C10026,2016-06-23,1936,73,Verkoopboek cursusadministratie,18637
CU000773,C10028,2016-06-23,1082.95,73,Verkoopboek cursusadministratie,18638
CU000774,C10029,2016-06-23,1095.05,73,Verkoopboek cursusadministratie,18639
CU000775,C10031,2016-06-23,1155.55,73,Verkoopboek cursusadministratie,18640
CU000776,C10033,2016-06-23,1191.85,73,Verkoopboek cursusadministratie,18641
CU000777,C10035,2016-06-23,1948.1,73,Verkoopboek cursusadministratie,18642
CU000778,C10036,2016-06-23,1155.55,73,Verkoopboek cursusadministratie,18643
CU000779,C10040,2016-06-23,2522.85,73,Verkoopboek cursusadministratie,18644
CU000780,C10044,2016-06-23,1155.55,73,Verkoopboek cursusadministratie,18645
CU000781,C10048,2016-06-23,2311.1,73,Verkoopboek cursusadministratie,18646
CU000782,C10049,2016-06-23,2190.1,73,Verkoopboek cursusadministratie,18647
CU000783,C10003,2016-06-23,1331,73,Verkoopboek cursusadministratie,18648
CU000784,C10054,2016-06-23,2274.8,73,Verkoopboek cursusadministratie,18649
CU000785,C10056,2016-06-23,853.05,73,Verkoopboek cursusadministratie,18650
CU000786,C10059,2016-06-23,1095.05,73,Verkoopboek cursusadministratie,18651
CU000787,C10062,2016-06-23,1331,73,Verkoopboek cursusadministratie,18652
CU000788,C10064,2016-06-23,1095.05,73,Verkoopboek cursusadministratie,18653
CU000789,C10066,2016-06-23,1936,73,Verkoopboek cursusadministratie,18654
CU000790,C10069,2016-06-23,853.05,73,Verkoopboek cursusadministratie,18655
CU000791,C10070,2016-06-23,1331,73,Verkoopboek cursusadministratie,18656
CU000792,C10074,2016-06-23,1095.05,73,Verkoopboek cursusadministratie,18657
CU000793,C10075,2016-06-23,1082.95,73,Verkoopboek cursusadministratie,18658
CU000794,C10076,2016-06-23,1191.85,73,Verkoopboek cursusadministratie,18659
CU000795,C10077,2016-06-23,1095.05,73,Verkoopboek cursusadministratie,18660
CU000796,C10080,2016-06-23,853.05,73,Verkoopboek cursusadministratie,18661
CU000797,C10096,2016-06-23,1331,73,Verkoopboek cursusadministratie,18662
CU000798,C10103,2016-06-23,1191.85,73,Verkoopboek cursusadministratie,18663
CU000799,C10105,2016-06-23,1155.55,73,Verkoopboek cursusadministratie,18664
CU000800,C10110,2016-06-23,1191.85,73,Verkoopboek cursusadministratie,18665
CU000801,C10142,2016-06-23,853.05,73,Verkoopboek cursusadministratie,18666
CU000802,C10147,2016-06-23,1155.55,73,Verkoopboek cursusadministratie,18667
CU000803,C10178,2016-06-23,853.05,73,Verkoopboek cursusadministratie,18668
CU000804,C10182,2016-06-23,1155.55,73,Verkoopboek cursusadministratie,18669
CU000805,C10002,2016-07-26,907.5,73,Verkoopboek cursusadministratie,19523
CU000806,C10009,2016-07-26,477.95,73,Verkoopboek cursusadministratie,19524
CU000807,C10011,2016-07-26,907.5,73,Verkoopboek cursusadministratie,19525
CU000808,C10014,2016-07-26,955.9,73,Verkoopboek cursusadministratie,19526
CU000809,C10017,2016-07-26,853.05,73,Verkoopboek cursusadministratie,19527
CU000810,C10026,2016-07-26,1433.85,73,Verkoopboek cursusadministratie,19528
CU000811,C10027,2016-07-26,907.5,73,Verkoopboek cursusadministratie,19529
CU000812,C10029,2016-07-26,955.9,73,Verkoopboek cursusadministratie,19530
CU000813,C10030,2016-07-26,477.95,73,Verkoopboek cursusadministratie,19531
CU000814,C10032,2016-07-26,1808.95,73,Verkoopboek cursusadministratie,19532
CU000815,C10033,2016-07-26,907.5,73,Verkoopboek cursusadministratie,19533
CU000816,C10035,2016-07-26,477.95,73,Verkoopboek cursusadministratie,19534
CU000817,C10036,2016-07-26,477.95,73,Verkoopboek cursusadministratie,19535
CU000818,C10038,2016-07-26,955.9,73,Verkoopboek cursusadministratie,19536
CU000819,C10039,2016-07-26,1385.45,73,Verkoopboek cursusadministratie,19537
CU000820,C10041,2016-07-26,955.9,73,Verkoopboek cursusadministratie,19538
CU000821,C10042,2016-07-26,477.95,73,Verkoopboek cursusadministratie,19539
CU000822,C10043,2016-07-26,955.9,73,Verkoopboek cursusadministratie,19540
CU000823,C10044,2016-07-26,907.5,73,Verkoopboek cursusadministratie,19541
CU000824,C10045,2016-07-26,477.95,73,Verkoopboek cursusadministratie,19542
CU000825,C10047,2016-07-26,907.5,73,Verkoopboek cursusadministratie,19543
CU000826,C10048,2016-07-26,477.95,73,Verkoopboek cursusadministratie,19544
CU000827,C10051,2016-07-26,1385.45,73,Verkoopboek cursusadministratie,19545
CU000828,C10053,2016-07-26,1385.45,73,Verkoopboek cursusadministratie,19546
CU000829,C10054,2016-07-26,907.5,73,Verkoopboek cursusadministratie,19547
CU000830,C10056,2016-07-26,477.95,73,Verkoopboek cursusadministratie,19548
CU000831,C10058,2016-07-26,477.95,73,Verkoopboek cursusadministratie,19549
CU000832,C10061,2016-07-26,477.95,73,Verkoopboek cursusadministratie,19550
CU000833,C10062,2016-07-26,955.9,73,Verkoopboek cursusadministratie,19551
CU000834,C10065,2016-07-26,477.95,73,Verkoopboek cursusadministratie,19552
CU000835,C10069,2016-07-26,477.95,73,Verkoopboek cursusadministratie,19553
CU000836,C10071,2016-07-26,2764.85,73,Verkoopboek cursusadministratie,19554
CU000837,C10072,2016-07-26,477.95,73,Verkoopboek cursusadministratie,19555
CU000838,C10073,2016-07-26,1808.95,73,Verkoopboek cursusadministratie,19556
CU000839,C10074,2016-07-26,1331,73,Verkoopboek cursusadministratie,19557
CU000840,C10079,2016-07-26,477.95,73,Verkoopboek cursusadministratie,19558
CU000841,C10083,2016-07-26,477.95,73,Verkoopboek cursusadministratie,19559
CU000842,C10097,2016-07-26,477.95,73,Verkoopboek cursusadministratie,19560
CU000843,C10122,2016-07-26,907.5,73,Verkoopboek cursusadministratie,19561
CU000844,C10135,2016-07-26,853.05,73,Verkoopboek cursusadministratie,19562
CU000845,C10136,2016-07-26,477.95,73,Verkoopboek cursusadministratie,19563
CU000846,C10145,2016-07-26,853.05,73,Verkoopboek cursusadministratie,19564
CU000847,C10146,2016-07-26,477.95,73,Verkoopboek cursusadministratie,19565
CU000848,C10156,2016-07-26,477.95,73,Verkoopboek cursusadministratie,19566
CU000849,C10157,2016-07-26,1331,73,Verkoopboek cursusadministratie,19567
CU000850,C10176,2016-07-26,853.05,73,Verkoopboek cursusadministratie,19568
CU000851,C10178,2016-07-26,1433.85,73,Verkoopboek cursusadministratie,19569
CU000852,C10179,2016-07-26,853.05,73,Verkoopboek cursusadministratie,19570
CU000853,C10186,2016-07-26,477.95,73,Verkoopboek cursusadministratie,19571
CU000854,C10003,2016-08-31,477.95,73,Verkoopboek cursusadministratie,20389
CU000855,C10005,2016-08-31,477.95,73,Verkoopboek cursusadministratie,20390
CU000856,C10006,2016-08-31,2050.95,73,Verkoopboek cursusadministratie,20391
CU000857,C10020,2016-08-31,477.95,73,Verkoopboek cursusadministratie,20392
CU000858,C10024,2016-08-31,477.95,73,Verkoopboek cursusadministratie,20393
CU000859,C10025,2016-08-31,477.95,73,Verkoopboek cursusadministratie,20394
CU000860,C10026,2016-08-31,5432.9,73,Verkoopboek cursusadministratie,20395
CU000861,C10030,2016-08-31,1929.95,73,Verkoopboek cursusadministratie,20396
CU000862,C10032,2016-08-31,1929.95,73,Verkoopboek cursusadministratie,20397
CU000863,C10035,2016-08-31,477.95,73,Verkoopboek cursusadministratie,20398
CU000864,C10036,2016-08-31,955.9,73,Verkoopboek cursusadministratie,20399
CU000865,C10037,2016-08-31,7247.9,73,Verkoopboek cursusadministratie,20400
CU000866,C10041,2016-08-31,477.95,73,Verkoopboek cursusadministratie,20401
CU000867,C10042,2016-08-31,477.95,73,Verkoopboek cursusadministratie,20402
CU000868,C10044,2016-08-31,6152.85,73,Verkoopboek cursusadministratie,20403
CU000869,C10046,2016-08-31,1433.85,73,Verkoopboek cursusadministratie,20404
CU000870,C10047,2016-08-31,5674.9,73,Verkoopboek cursusadministratie,20405
CU000871,C10049,2016-08-31,2528.9,73,Verkoopboek cursusadministratie,20406
CU000872,C10050,2016-08-31,3025,73,Verkoopboek cursusadministratie,20407
CU000873,C10051,2016-08-31,477.95,73,Verkoopboek cursusadministratie,20408
CU000874,C10052,2016-08-31,477.95,73,Verkoopboek cursusadministratie,20409
CU000875,C10054,2016-08-31,955.9,73,Verkoopboek cursusadministratie,20410
CU000876,C10057,2016-08-31,5196.95,73,Verkoopboek cursusadministratie,20411
CU000877,C10059,2016-08-31,7247.9,73,Verkoopboek cursusadministratie,20412
CU000878,C10060,2016-08-31,955.9,73,Verkoopboek cursusadministratie,20413
CU000879,C10061,2016-08-31,3502.95,73,Verkoopboek cursusadministratie,20414
CU000880,C10062,2016-08-31,2050.95,73,Verkoopboek cursusadministratie,20415
CU000881,C10066,2016-08-31,4954.95,73,Verkoopboek cursusadministratie,20416
CU000882,C10070,2016-08-31,477.95,73,Verkoopboek cursusadministratie,20417
CU000883,C10071,2016-08-31,3502.95,73,Verkoopboek cursusadministratie,20418
CU000884,C10073,2016-08-31,1929.95,73,Verkoopboek cursusadministratie,20419
CU000885,C10085,2016-08-31,5196.95,73,Verkoopboek cursusadministratie,20420
CU000886,C10094,2016-08-31,477.95,73,Verkoopboek cursusadministratie,20421
CU000887,C10098,2016-08-31,3025,73,Verkoopboek cursusadministratie,20422
CU000888,C10103,2016-08-31,2050.95,73,Verkoopboek cursusadministratie,20423
CU000889,C10112,2016-08-31,477.95,73,Verkoopboek cursusadministratie,20424
CU000890,C10120,2016-08-31,477.95,73,Verkoopboek cursusadministratie,20425
CU000891,C10146,2016-08-31,1929.95,73,Verkoopboek cursusadministratie,20426
CU000892,C10153,2016-08-31,477.95,73,Verkoopboek cursusadministratie,20427
CU000893,C10170,2016-08-31,477.95,73,Verkoopboek cursusadministratie,20428
CU000894,C10178,2016-08-31,2407.9,73,Verkoopboek cursusadministratie,20429
CU000895,C10181,2016-08-31,2050.95,73,Verkoopboek cursusadministratie,20430
CU000896,C10185,2016-08-31,1929.95,73,Verkoopboek cursusadministratie,20431
CU000897,C10186,2016-08-31,477.95,73,Verkoopboek cursusadministratie,20432
CU000898,C10000,2016-09-30,2274.8,73,Verkoopboek cursusadministratie,21386
CU000899,C10009,2016-09-30,1191.85,73,Verkoopboek cursusadministratie,21387
CU000900,C10011,2016-09-30,1082.95,73,Verkoopboek cursusadministratie,21388
CU000901,C10014,2016-09-30,907.5,73,Verkoopboek cursusadministratie,21389
CU000902,C10022,2016-09-30,1331,73,Verkoopboek cursusadministratie,21390
CU000903,C10029,2016-09-30,4089.8,73,Verkoopboek cursusadministratie,21391
CU000904,C10034,2016-09-30,1107.15,73,Verkoopboek cursusadministratie,21392
CU000905,C10036,2016-09-30,1331,73,Verkoopboek cursusadministratie,21393
CU000906,C10038,2016-09-30,2184.05,73,Verkoopboek cursusadministratie,21394
CU000907,C10040,2016-09-30,1331,73,Verkoopboek cursusadministratie,21395
CU000908,C10041,2016-09-30,907.5,73,Verkoopboek cursusadministratie,21396
CU000909,C10044,2016-09-30,1107.15,73,Verkoopboek cursusadministratie,21397
CU000910,C10045,2016-09-30,1082.95,73,Verkoopboek cursusadministratie,21398
CU000911,C10046,2016-09-30,853.05,73,Verkoopboek cursusadministratie,21399
CU000912,C10047,2016-09-30,907.5,73,Verkoopboek cursusadministratie,21400
CU000913,C10048,2016-09-30,853.05,73,Verkoopboek cursusadministratie,21401
CU000914,C10051,2016-09-30,853.05,73,Verkoopboek cursusadministratie,21402
CU000915,C10054,2016-09-30,2522.85,73,Verkoopboek cursusadministratie,21403
CU000916,C10057,2016-09-30,1107.15,73,Verkoopboek cursusadministratie,21404
CU000917,C10058,2016-09-30,853.05,73,Verkoopboek cursusadministratie,21405
CU000918,C10062,2016-09-30,1990.45,73,Verkoopboek cursusadministratie,21406
CU000919,C10063,2016-09-30,1082.95,73,Verkoopboek cursusadministratie,21407
CU000920,C10064,2016-09-30,1331,73,Verkoopboek cursusadministratie,21408
CU000921,C10066,2016-09-30,1331,73,Verkoopboek cursusadministratie,21409
CU000922,C10071,2016-09-30,1191.85,73,Verkoopboek cursusadministratie,21410
CU000923,C10119,2016-09-30,907.5,73,Verkoopboek cursusadministratie,21411
CU000924,C10120,2016-09-30,1107.15,73,Verkoopboek cursusadministratie,21412
CU000925,C10122,2016-09-30,1082.95,73,Verkoopboek cursusadministratie,21413
CU000926,C10131,2016-09-30,907.5,73,Verkoopboek cursusadministratie,21414
CU000927,C10139,2016-09-30,2099.35,73,Verkoopboek cursusadministratie,21415
CU000928,C10140,2016-09-30,1331,73,Verkoopboek cursusadministratie,21416
CU000929,C10142,2016-09-30,907.5,73,Verkoopboek cursusadministratie,21417
CU000930,C10147,2016-09-30,907.5,73,Verkoopboek cursusadministratie,21418
CU000931,C10156,2016-09-30,1082.95,73,Verkoopboek cursusadministratie,21419
CU000932,C10167,2016-09-30,1082.95,73,Verkoopboek cursusadministratie,21420
CU000933,C10170,2016-09-30,1107.15,73,Verkoopboek cursusadministratie,21421
CU000934,C10185,2016-09-30,907.5,73,Verkoopboek cursusadministratie,21422
CU000935,C10186,2016-09-30,853.05,73,Verkoopboek cursusadministratie,21423
CU000936,C10000,2016-10-31,2050.95,73,Verkoopboek cursusadministratie,22305
CU000937,C10002,2016-10-31,477.95,73,Verkoopboek cursusadministratie,22306
CU000938,C10022,2016-10-31,477.95,73,Verkoopboek cursusadministratie,22307
CU000939,C10025,2016-10-31,477.95,73,Verkoopboek cursusadministratie,22308
CU000940,C10026,2016-10-31,1095.05,73,Verkoopboek cursusadministratie,22309
CU000941,C10027,2016-10-31,477.95,73,Verkoopboek cursusadministratie,22310
CU000942,C10029,2016-10-31,477.95,73,Verkoopboek cursusadministratie,22311
CU000943,C10032,2016-10-31,2050.95,73,Verkoopboek cursusadministratie,22312
CU000944,C10038,2016-10-31,477.95,73,Verkoopboek cursusadministratie,22313
CU000945,C10039,2016-10-31,1573,73,Verkoopboek cursusadministratie,22314
CU000946,C10041,2016-10-31,1095.05,73,Verkoopboek cursusadministratie,22315
CU000947,C10048,2016-10-31,477.95,73,Verkoopboek cursusadministratie,22316
CU000948,C10049,2016-10-31,955.9,73,Verkoopboek cursusadministratie,22317
CU000949,C10051,2016-10-31,1095.05,73,Verkoopboek cursusadministratie,22318
CU000950,C10052,2016-10-31,477.95,73,Verkoopboek cursusadministratie,22319
CU000951,C10057,2016-10-31,477.95,73,Verkoopboek cursusadministratie,22320
CU000952,C10061,2016-10-31,477.95,73,Verkoopboek cursusadministratie,22321
CU000953,C10063,2016-10-31,955.9,73,Verkoopboek cursusadministratie,22322
CU000954,C10068,2016-10-31,477.95,73,Verkoopboek cursusadministratie,22323
CU000955,C10070,2016-10-31,477.95,73,Verkoopboek cursusadministratie,22324
CU000956,C10071,2016-10-31,477.95,73,Verkoopboek cursusadministratie,22325
CU000957,C10074,2016-10-31,2050.95,73,Verkoopboek cursusadministratie,22326
CU000958,C10077,2016-10-31,477.95,73,Verkoopboek cursusadministratie,22327
CU000959,C10078,2016-10-31,1095.05,73,Verkoopboek cursusadministratie,22328
CU000960,C10080,2016-10-31,477.95,73,Verkoopboek cursusadministratie,22329
CU000961,C10097,2016-10-31,955.9,73,Verkoopboek cursusadministratie,22330
CU000962,C10099,2016-10-31,477.95,73,Verkoopboek cursusadministratie,22331
CU000963,C10102,2016-10-31,477.95,73,Verkoopboek cursusadministratie,22332
CU000964,C10103,2016-10-31,477.95,73,Verkoopboek cursusadministratie,22333
CU000965,C10106,2016-10-31,1095.05,73,Verkoopboek cursusadministratie,22334
CU000966,C10123,2016-10-31,477.95,73,Verkoopboek cursusadministratie,22335
CU000967,C10124,2016-10-31,955.9,73,Verkoopboek cursusadministratie,22336
CU000968,C10128,2016-10-31,477.95,73,Verkoopboek cursusadministratie,22337
CU000969,C10129,2016-10-31,477.95,73,Verkoopboek cursusadministratie,22338
CU000970,C10142,2016-10-31,1095.05,73,Verkoopboek cursusadministratie,22339
CU000971,C10170,2016-10-31,477.95,73,Verkoopboek cursusadministratie,22340
CU000972,C10000,2016-11-30,1808.95,73,Verkoopboek cursusadministratie,23256
CU000973,C10005,2016-11-30,1155.55,73,Verkoopboek cursusadministratie,23257
CU000974,C10006,2016-11-30,1095.05,73,Verkoopboek cursusadministratie,23258
CU000975,C10007,2016-11-30,3139.95,73,Verkoopboek cursusadministratie,23259
CU000976,C10008,2016-11-30,1082.95,73,Verkoopboek cursusadministratie,23260
CU000977,C10010,2016-11-30,477.95,73,Verkoopboek cursusadministratie,23261
CU000978,C10015,2016-11-30,1155.55,73,Verkoopboek cursusadministratie,23262
CU000979,C10020,2016-11-30,477.95,73,Verkoopboek cursusadministratie,23263
CU000980,C10021,2016-11-30,1191.85,73,Verkoopboek cursusadministratie,23264
CU000981,C10024,2016-11-30,1095.05,73,Verkoopboek cursusadministratie,23265
CU000982,C10026,2016-11-30,477.95,73,Verkoopboek cursusadministratie,23266
CU000983,C10027,2016-11-30,477.95,73,Verkoopboek cursusadministratie,23267
CU000984,C10028,2016-11-30,477.95,73,Verkoopboek cursusadministratie,23268
CU000985,C10029,2016-11-30,1331,73,Verkoopboek cursusadministratie,23269
CU000986,C10031,2016-11-30,1948.1,73,Verkoopboek cursusadministratie,23270
CU000987,C10032,2016-11-30,955.9,73,Verkoopboek cursusadministratie,23271
CU000988,C10033,2016-11-30,1155.55,73,Verkoopboek cursusadministratie,23272
CU000989,C10034,2016-11-30,2486.55,73,Verkoopboek cursusadministratie,23273
CU000990,C10035,2016-11-30,3581.6,73,Verkoopboek cursusadministratie,23274
CU000991,C10036,2016-11-30,2274.8,73,Verkoopboek cursusadministratie,23275
CU000992,C10037,2016-11-30,1433.85,73,Verkoopboek cursusadministratie,23276
CU000993,C10039,2016-11-30,1095.05,73,Verkoopboek cursusadministratie,23277
CU000994,C10040,2016-11-30,1669.8,73,Verkoopboek cursusadministratie,23278
CU000995,C10041,2016-11-30,1082.95,73,Verkoopboek cursusadministratie,23279
CU000996,C10042,2016-11-30,1191.85,73,Verkoopboek cursusadministratie,23280
CU000997,C10043,2016-11-30,3617.9,73,Verkoopboek cursusadministratie,23281
CU000998,C10048,2016-11-30,477.95,73,Verkoopboek cursusadministratie,23282
CU000999,C10049,2016-11-30,1573,73,Verkoopboek cursusadministratie,23283
CU001000,C10052,2016-11-30,853.05,73,Verkoopboek cursusadministratie,23284
CU001001,C10053,2016-11-30,1433.85,73,Verkoopboek cursusadministratie,23285
CU001002,C10054,2016-11-30,477.95,73,Verkoopboek cursusadministratie,23286
CU001003,C10056,2016-11-30,1560.9,73,Verkoopboek cursusadministratie,23287
CU001004,C10058,2016-11-30,1573,73,Verkoopboek cursusadministratie,23288
CU001005,C10059,2016-11-30,2044.9,73,Verkoopboek cursusadministratie,23289
CU001006,C10060,2016-11-30,1155.55,73,Verkoopboek cursusadministratie,23290
CU001007,C10062,2016-11-30,1155.55,73,Verkoopboek cursusadministratie,23291
CU001008,C10069,2016-11-30,477.95,73,Verkoopboek cursusadministratie,23292
CU001009,C10070,2016-11-30,477.95,73,Verkoopboek cursusadministratie,23293
CU001010,C10071,2016-11-30,955.9,73,Verkoopboek cursusadministratie,23294
CU001011,C10072,2016-11-30,477.95,73,Verkoopboek cursusadministratie,23295
CU001012,C10073,2016-11-30,477.95,73,Verkoopboek cursusadministratie,23296
CU001013,C10074,2016-11-30,853.05,73,Verkoopboek cursusadministratie,23297
CU001014,C10075,2016-11-30,477.95,73,Verkoopboek cursusadministratie,23298
CU001015,C10076,2016-11-30,955.9,73,Verkoopboek cursusadministratie,23299
CU001016,C10080,2016-11-30,2347.4,73,Verkoopboek cursusadministratie,23300
CU001017,C10085,2016-11-30,1082.95,73,Verkoopboek cursusadministratie,23301
CU001018,C10099,2016-11-30,1082.95,73,Verkoopboek cursusadministratie,23302
CU001019,C10104,2016-11-30,1095.05,73,Verkoopboek cursusadministratie,23303
CU001020,C10105,2016-11-30,1095.05,73,Verkoopboek cursusadministratie,23304
CU001021,C10106,2016-11-30,477.95,73,Verkoopboek cursusadministratie,23305
CU001022,C10110,2016-11-30,477.95,73,Verkoopboek cursusadministratie,23306
CU001023,C10122,2016-11-30,1331,73,Verkoopboek cursusadministratie,23307
CU001024,C10125,2016-11-30,477.95,73,Verkoopboek cursusadministratie,23308
CU001025,C10129,2016-11-30,1191.85,73,Verkoopboek cursusadministratie,23309
CU001026,C10135,2016-11-30,853.05,73,Verkoopboek cursusadministratie,23310
CU001027,C10136,2016-11-30,1669.8,73,Verkoopboek cursusadministratie,23311
CU001028,C10177,2016-11-30,477.95,73,Verkoopboek cursusadministratie,23312
CU001029,C10178,2016-11-30,1155.55,73,Verkoopboek cursusadministratie,23313
CU001030,C10000,2016-12-30,1331,73,Verkoopboek cursusadministratie,24141
CU001031,C10003,2016-12-30,907.5,73,Verkoopboek cursusadministratie,24142
CU001032,C10005,2016-12-30,1760.55,73,Verkoopboek cursusadministratie,24143
CU001033,C10006,2016-12-30,1936,73,Verkoopboek cursusadministratie,24144
CU001034,C10007,2016-12-30,3375.9,73,Verkoopboek cursusadministratie,24145
CU001035,C10008,2016-12-30,853.05,73,Verkoopboek cursusadministratie,24146
CU001036,C10010,2016-12-30,2014.65,73,Verkoopboek cursusadministratie,24147
CU001037,C10011,2016-12-30,1082.95,73,Verkoopboek cursusadministratie,24148
CU001038,C10014,2016-12-30,853.05,73,Verkoopboek cursusadministratie,24149
CU001039,C10021,2016-12-30,853.05,73,Verkoopboek cursusadministratie,24150
CU001040,C10025,2016-12-30,1191.85,73,Verkoopboek cursusadministratie,24151
CU001041,C10027,2016-12-30,1107.15,73,Verkoopboek cursusadministratie,24152
CU001042,C10028,2016-12-30,853.05,73,Verkoopboek cursusadministratie,24153
CU001043,C10029,2016-12-30,853.05,73,Verkoopboek cursusadministratie,24154
CU001044,C10032,2016-12-30,1107.15,73,Verkoopboek cursusadministratie,24155
CU001045,C10034,2016-12-30,1107.15,73,Verkoopboek cursusadministratie,24156
CU001046,C10035,2016-12-30,5366.35,73,Verkoopboek cursusadministratie,24157
CU001047,C10041,2016-12-30,2522.85,73,Verkoopboek cursusadministratie,24158
CU001048,C10042,2016-12-30,907.5,73,Verkoopboek cursusadministratie,24159
CU001049,C10043,2016-12-30,853.05,73,Verkoopboek cursusadministratie,24160
CU001050,C10045,2016-12-30,907.5,73,Verkoopboek cursusadministratie,24161
CU001051,C10046,2016-12-30,2522.85,73,Verkoopboek cursusadministratie,24162
CU001052,C10048,2016-12-30,853.05,73,Verkoopboek cursusadministratie,24163
CU001053,C10049,2016-12-30,853.05,73,Verkoopboek cursusadministratie,24164
CU001054,C10050,2016-12-30,907.5,73,Verkoopboek cursusadministratie,24165
CU001055,C10052,2016-12-30,907.5,73,Verkoopboek cursusadministratie,24166
CU001056,C10056,2016-12-30,2184.05,73,Verkoopboek cursusadministratie,24167
CU001057,C10058,2016-12-30,1331,73,Verkoopboek cursusadministratie,24168
CU001058,C10061,2016-12-30,1960.2,73,Verkoopboek cursusadministratie,24169
CU001059,C10064,2016-12-30,1191.85,73,Verkoopboek cursusadministratie,24170
CU001060,C10066,2016-12-30,4228.95,73,Verkoopboek cursusadministratie,24171
CU001061,C10067,2016-12-30,1990.45,73,Verkoopboek cursusadministratie,24172
CU001062,C10069,2016-12-30,907.5,73,Verkoopboek cursusadministratie,24173
CU001063,C10070,2016-12-30,2184.05,73,Verkoopboek cursusadministratie,24174
CU001064,C10073,2016-12-30,1082.95,73,Verkoopboek cursusadministratie,24175
CU001065,C10078,2016-12-30,1191.85,73,Verkoopboek cursusadministratie,24176
CU001066,C10079,2016-12-30,853.05,73,Verkoopboek cursusadministratie,24177
CU001067,C10080,2016-12-30,907.5,73,Verkoopboek cursusadministratie,24178
CU001068,C10083,2016-12-30,853.05,73,Verkoopboek cursusadministratie,24179
CU001069,C10087,2016-12-30,853.05,73,Verkoopboek cursusadministratie,24180
CU001070,C10106,2016-12-30,1331,73,Verkoopboek cursusadministratie,24181
CU001071,C10112,2016-12-30,1191.85,73,Verkoopboek cursusadministratie,24182
CU001072,C10120,2016-12-30,1331,73,Verkoopboek cursusadministratie,24183
CU001073,C10124,2016-12-30,1191.85,73,Verkoopboek cursusadministratie,24184
CU001074,C10128,2016-12-30,3375.9,73,Verkoopboek cursusadministratie,24185
CU001075,C10152,2016-12-30,1082.95,73,Verkoopboek cursusadministratie,24186
CU001076,C10157,2016-12-30,853.05,73,Verkoopboek cursusadministratie,24187
CU001077,C10178,2016-12-30,853.05,73,Verkoopboek cursusadministratie,24188
CU001078,C10182,2016-12-30,1960.2,73,Verkoopboek cursusadministratie,24189
CU001079,C10183,2016-12-30,853.05,73,Verkoopboek cursusadministratie,24190
CU001080,C10186,2016-12-30,1082.95,73,Verkoopboek cursusadministratie,24191
BD000029,C10039,2016-01-29,299.48,74,Verkoopboek baliefacturen,14714
BD000030,C10076,2016-01-29,451.63,74,Verkoopboek baliefacturen,14716
BD000031,C10125,2016-02-26,449.21,74,Verkoopboek baliefacturen,15696
BD000032,C10056,2016-02-26,748.69,74,Verkoopboek baliefacturen,15698
BD000033,C10068,2016-02-26,838.53,74,Verkoopboek baliefacturen,15699
BD000034,C10090,2016-03-30,898.43,74,Verkoopboek baliefacturen,16069
BD000035,C10110,2016-03-30,1054.15,74,Verkoopboek baliefacturen,16071
BD000036,C10184,2016-04-01,18150,74,Verkoopboek baliefacturen,16977
BD000037,C10184,2016-04-01,82824.5,74,Verkoopboek baliefacturen,16978
BD000038,C10184,2016-04-04,66550,74,Verkoopboek baliefacturen,16979
BD000039,C10184,2016-04-14,73205,74,Verkoopboek baliefacturen,16980
BD000040,C10029,2016-04-28,998.25,74,Verkoopboek baliefacturen,16981
BD000041,C10168,2016-04-28,968,74,Verkoopboek baliefacturen,16984
BD000042,C10088,2016-05-30,491.87,74,Verkoopboek baliefacturen,17742
BD000043,C10085,2016-05-30,1119.25,74,Verkoopboek baliefacturen,17745
BD000044,C10049,2016-06-29,1119.25,74,Verkoopboek baliefacturen,18560
BD000045,C10095,2016-06-29,816.75,74,Verkoopboek baliefacturen,18563
BD000046,C10028,2016-07-29,1210,74,Verkoopboek baliefacturen,19517
BD000047,C10182,2016-07-29,919.6,74,Verkoopboek baliefacturen,19520
BD000048,C10147,2016-08-30,1524.6,74,Verkoopboek baliefacturen,20383
BD000049,C10067,2016-08-30,1905.75,74,Verkoopboek baliefacturen,20386
BD000050,C10018,2016-09-29,1002.93,74,Verkoopboek baliefacturen,22293
BD000051,C10025,2016-09-29,1452,74,Verkoopboek baliefacturen,22296
BD000052,C10039,2016-10-28,1125.3,74,Verkoopboek baliefacturen,22299
BD000053,C10075,2016-10-28,1149.2,74,Verkoopboek baliefacturen,22302
BD000054,C10003,2016-11-30,223.85,74,Verkoopboek baliefacturen,23314
BD000055,C10075,2016-11-30,1548.8,74,Verkoopboek baliefacturen,23317
BD000056,C10055,2016-12-30,895.4,74,Verkoopboek baliefacturen,24135
BD000057,C10069,2016-12-30,2178,74,Verkoopboek baliefacturen,24138
